epoch,steps,loss,rank_loss,huber_loss,val_rho,val_rmse,train_rho,rejected,seed,fold,n_train,n_val,val_complexes,train_complexes
0,130,0.9520547912671016,0.4724749964017134,0.47957979956498514,-0.07508942670232993,2.6716063022613525,0.9175398441155911,False,0,0,723,155,7,40
1,130,0.46967362280075364,0.27870526107457966,0.19096836149692537,0.042899036447423544,2.599945306777954,0.9649435667247364,False,0,0,723,155,7,40
2,130,0.3770178886560293,0.24643091226999575,0.13058697655797005,0.09790854306983339,2.5600059032440186,0.9711156873093667,False,0,0,723,155,7,40
3,130,0.3360828234599187,0.2325227785568971,0.1035600463931377,0.07800908768650704,2.551528215408325,0.9729555086716789,False,0,0,723,155,7,40
4,130,0.3105778712492723,0.22479586601257323,0.08578200586713278,0.11707969449904933,2.534426212310791,0.9756249705899741,False,0,0,723,155,7,40
5,130,0.2987116948916362,0.21752818478987768,0.08118350918476398,0.14402694080113435,2.4872474670410156,0.9784408079134924,False,0,0,723,155,7,40
6,130,0.286886224265282,0.21476637721061706,0.07211984552156467,0.14777480583932195,2.4720561504364014,0.9797316103752158,False,0,0,723,155,7,40
7,130,0.28079887456618824,0.21023831963539125,0.0705605545009558,0.16217975572814283,2.4474172592163086,0.9857637694010121,False,0,0,723,155,7,40
8,130,0.278076301744351,0.20959523847469916,0.06848106215206476,0.15183526151268084,2.4479382038116455,0.982832260580481,False,0,0,723,155,7,40
9,130,0.2731147966705836,0.20561485026891416,0.06749994674554238,0.14903483613161034,2.4387524127960205,0.983434558858503,False,0,0,723,155,7,40
10,130,0.26646377123319187,0.2028265736424006,0.06363719807794462,0.11260030292288357,2.4950976371765137,0.9830575389969798,False,0,0,723,155,7,40
11,130,0.26219231027823225,0.20118325100495266,0.06100905964580866,0.17217943346975606,2.4299333095550537,0.9815827988514262,False,0,0,723,155,7,40
12,130,0.26197516918182373,0.20285557668942672,0.05911959177599503,0.18154748477329122,2.406928777694702,0.984423212002199,False,0,0,723,155,7,40
13,130,0.26042643579152913,0.2000747500703885,0.060351685348611614,0.16534433308626859,2.4230105876922607,0.9829508532352552,False,0,0,723,155,7,40
14,130,0.2579544762006173,0.19848632927124316,0.059468147731744324,0.1315490960652251,2.4639828205108643,0.9846411240208645,False,0,0,723,155,7,40
15,130,0.2544696629047394,0.19710786468707597,0.05736179830363164,0.14736231510425057,2.4479637145996094,0.9854787660089764,False,0,0,723,155,7,40
16,130,0.2560998343504392,0.19915350125386164,0.05694633359805896,0.12078244336308852,2.4369449615478516,0.9848299832204888,False,0,0,723,155,7,40
17,130,0.25454094260931015,0.19892300894627205,0.05561793389228674,0.14349199187908865,2.3936846256256104,0.9848700221328504,False,0,0,723,155,7,40
18,130,0.25316363412600296,0.1978630829315919,0.05530055087919419,0.13449453772034417,2.4237735271453857,0.9869102999047124,False,0,0,723,155,7,40
19,130,0.2496539789896745,0.19655383492891604,0.053100144375975315,0.16276626599207245,2.4211220741271973,0.9831223442468844,False,0,0,723,155,7,40
20,130,0.24883819566323206,0.19626729912482777,0.05257089722615022,0.18204054010505621,2.3852882385253906,0.9864516067987026,False,0,0,723,155,7,40
21,130,0.2479006630870012,0.19596039996697354,0.05194026294809121,0.14724307950114401,2.395334243774414,0.9843588195245866,False,0,0,723,155,7,40
22,130,0.24654636188195303,0.1954907978956516,0.051055563570788276,0.11869743160065742,2.3976218700408936,0.9824761650990104,False,0,0,723,155,7,40
23,130,0.24500102526866474,0.19446445657656744,0.05053656807599159,0.14102027005252812,2.3960001468658447,0.9860953843103727,False,0,0,723,155,7,40
24,130,0.24706845856629886,0.1956042672579105,0.051464190491690084,0.1642325416518965,2.3843014240264893,0.9870818783374625,False,0,0,723,155,7,40
25,130,0.2454693676187442,0.19432420707665957,0.05114516173131191,0.10245238632335406,2.407660484313965,0.9846585239605743,False,0,0,723,155,7,40
26,130,0.24341621330151192,0.1932792861874287,0.05013692737198793,0.126302729528536,2.390592575073242,0.9838587617682174,False,0,0,723,155,7,40
27,130,0.2437730997800827,0.1944192431294001,0.04935385745305281,0.1403564177757726,2.385099411010742,0.9881452750177953,False,0,0,723,155,7,40
28,130,0.24478213156645115,0.1946617841720581,0.05012034659202282,0.10257806709419612,2.4179561138153076,0.9856259669587846,False,0,0,723,155,7,40
29,130,0.2452190066759403,0.19407071092954048,0.05114829502999783,0.11920015468402566,2.3987009525299072,0.9863114864812945,False,0,0,723,155,7,40
30,130,0.24170829837138835,0.19304469777987554,0.048663600247639875,0.12070187876639489,2.4054994583129883,0.9871448419879087,False,0,0,723,155,7,40
31,130,0.2423445632824531,0.1922124077494328,0.05013215468766598,0.13058876607263703,2.398385524749756,0.9857818043750178,False,0,0,723,155,7,40
32,130,0.24159755179515252,0.1929011976489654,0.04869635390261045,0.1158003287035545,2.419044017791748,0.9850272883762496,False,0,0,723,155,7,40
33,130,0.2404339551925659,0.1924068495631218,0.0480271042109682,0.09725758112854886,2.43607759475708,0.9840540983176607,False,0,0,723,155,7,40
34,130,0.24128030309310325,0.19181225655170586,0.0494680461831964,0.08531146273081756,2.4329190254211426,0.9857355421265558,False,0,0,723,155,7,40
35,130,0.24048763811588286,0.19217718289448665,0.048310455622581336,0.09125712996680739,2.4562671184539795,0.9860815405627203,False,0,0,723,155,7,40
36,130,0.2404243182677489,0.19246882039767046,0.04795549779843825,0.12576455802262254,2.3919026851654053,0.9864075036668468,False,0,0,723,155,7,40
37,130,0.23939327540305944,0.1920528103525822,0.04734046523674176,0.10939060939060939,2.4127445220947266,0.9875006199522314,False,0,0,723,155,7,40
38,130,0.24070865317032888,0.19273989968574964,0.04796875316936236,0.08533079823402404,2.432729482650757,0.985893475155966,False,0,0,723,155,7,40
39,130,0.23943571723424473,0.19206689802499918,0.04736881796270609,0.09472785279236892,2.43854022026062,0.9863990577107102,False,0,0,723,155,7,40
40,130,0.23779617032179465,0.19088741277272886,0.04690875753473777,0.11579710611968676,2.4153945446014404,0.9866712969133967,False,0,0,723,155,7,40
0,146,1.100974786771487,0.4569632400796838,0.64401154954956,0.4246114007966549,1.2480593919754028,0.899746967476415,False,0,1,754,172,5,47
1,146,0.4927015082068639,0.25498327194419623,0.23771823738535788,0.42663723430096956,1.2337499856948853,0.9521800933704357,False,0,1,754,172,5,47
2,146,0.3729394707981854,0.2189203180270652,0.15401915246493195,0.4785094204795494,1.234452724456787,0.9611141045458581,False,0,1,754,172,5,47
3,146,0.321256961520404,0.2050881154120785,0.11616884567455886,0.46676005782705177,1.2220032215118408,0.9728594326822559,False,0,1,754,172,5,47
4,146,0.2965755984187126,0.19842204247435477,0.09815355691395394,0.40330359438049346,1.2414648532867432,0.9800875056522027,False,0,1,754,172,5,47
5,146,0.27553883582761846,0.19264039927965973,0.08289843761961754,0.3935942154081264,1.248877763748169,0.9817381833181617,False,0,1,754,172,5,47
6,146,0.26503494341079503,0.18821885406154476,0.07681609044642482,0.434070793329607,1.2143429517745972,0.9836035484600848,False,0,1,754,172,5,47
7,146,0.2593715925739236,0.18487075695844546,0.07450083584511934,0.40149001351341784,1.2296475172042847,0.984582029532895,False,0,1,754,172,5,47
8,146,0.2483275317370075,0.18234988996019103,0.06597764200645767,0.387410588576563,1.2490578889846802,0.9859177445189642,False,0,1,754,172,5,47
9,146,0.24608147848550588,0.18048731171309132,0.06559416741030673,0.38058548710801055,1.2433981895446777,0.982984736795436,False,0,1,754,172,5,47
10,146,0.24251277224250037,0.1808917134591978,0.06162105924258494,0.4264320567516385,1.2157926559448242,0.9866602625281542,False,0,1,754,172,5,47
11,146,0.23942953991155103,0.17900704194421638,0.06042249750805228,0.3039056843614615,1.3324824571609497,0.9876189237114115,False,0,1,754,172,5,47
12,146,0.23561614047582835,0.17797592813021515,0.057640212498707315,0.39175233418941896,1.2386986017227173,0.9867864043675981,False,0,1,754,172,5,47
13,146,0.23457381966179364,0.1788798205248297,0.05569399954521493,0.39174761746414694,1.2303491830825806,0.9895382336657199,False,0,1,754,172,5,47
14,146,0.23208285674248655,0.17614105206033956,0.05594180480972545,0.4155364213733689,1.224530577659607,0.9903977674070175,False,0,1,754,172,5,47
15,146,0.22975297578393597,0.17598681126351226,0.05376616523486294,0.34078575926305876,1.2865924835205078,0.9893860012372034,False,0,1,754,172,5,47
16,146,0.22735799981714927,0.17512945034732558,0.052228549916348226,0.40165981562320907,1.25065016746521,0.9892187079321619,False,0,1,754,172,5,47
17,146,0.22730325111379363,0.17343599961636819,0.0538672509871117,0.4264179065758225,1.2217875719070435,0.9897507935829188,False,0,1,754,172,5,47
18,146,0.2262255608627241,0.17503286714423194,0.051192693641945106,0.43075965218867845,1.2052650451660156,0.9891899858888265,False,0,1,754,172,5,47
19,146,0.22388702682028078,0.17399546606083438,0.04989156079771992,0.4236067383137236,1.2075121402740479,0.9902951126965778,False,0,1,754,172,5,47
20,146,0.22206177756394427,0.17167322332524274,0.050388554417311326,0.41095883949691403,1.2325701713562012,0.9904315004111297,False,0,1,754,172,5,47
21,146,0.22372203616246786,0.1742336479053922,0.04948838857602175,0.4104470748049044,1.231127142906189,0.989170613906382,False,0,1,754,172,5,47
22,146,0.2206768482311131,0.17270961087452222,0.04796723759898992,0.4048247382807065,1.227750301361084,0.9911495514945156,False,0,1,754,172,5,47
0,186,1.0305905576034258,0.440616016105939,0.5899745442213551,0.11028391645502447,1.468839406967163,0.9359363147403007,False,0,2,757,185,8,43
1,186,0.4555210057766207,0.2562217123566135,0.19929929293932452,0.09012925969447709,1.4635233879089355,0.9725723350223616,False,0,2,757,185,8,43
2,186,0.3542643657294653,0.22420302369902212,0.1300613406284522,0.07018687691899474,1.4615943431854248,0.9817172321224215,False,0,2,757,185,8,43
3,186,0.31616151092513917,0.21208321223015425,0.10407829957623635,0.08291383950570487,1.448358416557312,0.9812393868642845,False,0,2,757,185,8,43
4,186,0.29327598430456653,0.20380055191375876,0.08947543189009671,0.08215571813047269,1.4426912069320679,0.9813183361734613,False,0,2,757,185,8,43
5,186,0.2808860501935405,0.1999994570850044,0.08088659256776815,0.06932072324779197,1.4578161239624023,0.9877289149604183,False,0,2,757,185,8,43
6,186,0.2718499556824725,0.19618967143438196,0.07566028406783458,0.08695462643569235,1.4236271381378174,0.9845971391580884,False,0,2,757,185,8,43
7,186,0.2621575512232319,0.19274576080422248,0.06941178953775795,0.07519426860240325,1.4396880865097046,0.9882186551740374,False,0,2,757,185,8,43
8,186,0.2569474133272325,0.18967688916831887,0.06727052516033573,0.05367120275956181,1.4490718841552734,0.9892679562236869,False,0,2,757,185,8,43
9,186,0.2523149289591338,0.18846053061305837,0.0638543978053075,0.09146165801144762,1.4339940547943115,0.9889952574535866,False,0,2,757,185,8,43
10,186,0.24965886186848404,0.1875384051793365,0.06212045626855025,0.07386945149918503,1.40250825881958,0.9852270185448996,False,0,2,757,185,8,43
11,186,0.2475570672622291,0.18587609300369856,0.061680973857961674,0.10308555399719496,1.4098931550979614,0.9895911117351813,False,0,2,757,185,8,43
12,186,0.2474026471696874,0.1866589490604657,0.06074369782882352,0.07017360979492816,1.4167441129684448,0.9919152200602726,False,0,2,757,185,8,43
13,186,0.24165961747207948,0.18509510944607438,0.05656450654390038,0.11282741366892841,1.4111777544021606,0.9908792524258379,False,0,2,757,185,8,43
14,186,0.23960482697653515,0.1828478477815146,0.056756979855959136,0.07466737424661689,1.4242457151412964,0.9899680158478429,False,0,2,757,185,8,43
15,186,0.2370891302663793,0.18306131396562822,0.054027815940239095,0.10803040066714682,1.4155465364456177,0.9905867471717253,False,0,2,757,185,8,43
16,186,0.23675426648509118,0.1839444879242169,0.0528097789914858,0.05724953565065768,1.4185993671417236,0.992766373281739,False,0,2,757,185,8,43
17,186,0.23408792504379827,0.18144381286636477,0.05264411314881297,0.07688108866229483,1.4089709520339966,0.9900014047112544,False,0,2,757,185,8,43
18,186,0.23238551840987257,0.18081282167344964,0.05157269675645136,0.0645900458663432,1.4297785758972168,0.9894736283027796,False,0,2,757,185,8,43
19,186,0.23311133017783525,0.18107495360797451,0.05203637538818262,0.08525264394829613,1.4480708837509155,0.9931514932124895,False,0,2,757,185,8,43
20,186,0.23209850193672282,0.18121695061845164,0.050881551558612494,0.08952276259429136,1.399883508682251,0.9917437113998322,False,0,2,757,185,8,43
21,186,0.22899927303034773,0.17915205769641426,0.04984721517370593,0.13647511466585802,1.416093349456787,0.9912037910716907,False,0,2,757,185,8,43
22,186,0.2301899407820035,0.18006422675104553,0.05012571351021849,0.12208407566051326,1.3835463523864746,0.9923520415533397,False,0,2,757,185,8,43
23,186,0.2265479416456274,0.17919773848787432,0.04735020313772463,0.08688260490504529,1.4123555421829224,0.9910863629646635,False,0,2,757,185,8,43
24,186,0.2276974666503168,0.17957490458283373,0.04812256245803769,0.10052499905234828,1.406087875366211,0.9919985677367091,False,0,2,757,185,8,43
25,186,0.2254148464529745,0.17851854944902082,0.04689629676361238,0.12196467154391417,1.4074229001998901,0.9907959600747757,False,0,2,757,185,8,43
26,186,0.22776359327698267,0.17929197839831792,0.04847161512902026,0.09320912778135781,1.3991172313690186,0.9924484460181193,False,0,2,757,185,8,43
27,186,0.22653762395343474,0.17922873098042705,0.04730889287286548,0.0801504870929836,1.397172451019287,0.991676601720763,False,0,2,757,185,8,43
28,186,0.2251552955437732,0.17764136635808533,0.047513929205716295,0.07650960918843108,1.4199504852294922,0.9925761646447732,False,0,2,757,185,8,43
29,186,0.224357331632286,0.17780300373992614,0.046554328052587406,0.09471968462150791,1.4110311269760132,0.9928744514005038,False,0,2,757,185,8,43
30,186,0.22300062801248283,0.1779864665160897,0.04501416139625093,0.08839695235207157,1.425578236579895,0.9932583265103315,False,0,2,757,185,8,43
31,186,0.22395187063563254,0.17876607724415358,0.04518579381207625,0.054323187142261475,1.4128025770187378,0.9923218892243267,False,0,2,757,185,8,43
32,186,0.22266819207899033,0.17750212670333923,0.045166064945039566,0.09366779121337326,1.435237169265747,0.9927120714268287,False,0,2,757,185,8,43
33,186,0.2224751571493764,0.17787349736818703,0.04460165938062052,0.10962435085857247,1.3880747556686401,0.9922440187599493,False,0,2,757,185,8,43
34,186,0.22215096676541912,0.17691488035263553,0.04523608600220052,0.07295401993859217,1.4012162685394287,0.9920122331041702,False,0,2,757,185,8,43
35,186,0.22172108645080238,0.17673426185564328,0.044986824164547586,0.1204730677381449,1.4026063680648804,0.9933962803312374,False,0,2,757,185,8,43
36,186,0.22134126113948002,0.1770033204267102,0.04433794133365154,0.0564724612410447,1.4237086772918701,0.9901786395479386,False,0,2,757,185,8,43
37,186,0.22095090607481618,0.17664318531751633,0.044307721237982475,0.07517531556802245,1.3885124921798706,0.9921457885578163,False,0,2,757,185,8,43
38,186,0.22218247070427863,0.1784690497543222,0.04371342116025507,0.0853246654789432,1.3996809720993042,0.9920969915776522,False,0,2,757,185,8,43
39,186,0.22022103974896093,0.17629609978006733,0.043924940259306024,0.07826086956521741,1.4181913137435913,0.9917624943644191,False,0,2,757,185,8,43
40,186,0.22138687183139144,0.17642682766722095,0.044960043713530545,0.10402751980592094,1.4049255847930908,0.9924228580324892,False,0,2,757,185,8,43
41,186,0.22104460842186405,0.17755502149943383,0.043489587162771536,0.09377013759902961,1.3801757097244263,0.9926456809776258,False,0,2,757,185,8,43
0,198,1.0073762048374524,0.43058398674533827,0.5767922196725402,0.22758972913951608,1.3575812578201294,0.9409549347716603,False,0,3,757,88,10,32
1,198,0.4415153671394695,0.2569943391012423,0.18452102826400238,0.25745834947694696,1.3375908136367798,0.9723001895060047,False,0,3,757,88,10,32
2,198,0.349340668079829,0.22394812618843232,0.12539254127051494,0.22426120953823397,1.3530193567276,0.9810052498800961,False,0,3,757,88,10,32
3,198,0.31216607784683054,0.21070374390392593,0.10146233448852794,0.17931738931351487,1.3577055931091309,0.9862172320947586,False,0,3,757,88,10,32
4,198,0.2895570200952617,0.20301564617289436,0.08654137262416006,0.19138107146630978,1.3588008880615234,0.9910765150480316,False,0,3,757,88,10,32
5,198,0.27478907648662126,0.1973122718809831,0.07747680545229503,0.19370575182276073,1.367512822151184,0.9894082060476278,False,0,3,757,88,10,32
6,198,0.26532832119199967,0.1939789013880672,0.07134941962519378,0.19046528829558668,1.3762859106063843,0.9878622491125673,False,0,3,757,88,10,32
7,198,0.2598798285530071,0.19208756375192393,0.06779226434953285,0.19879539290620268,1.3909587860107422,0.9909379249853207,False,0,3,757,88,10,32
8,198,0.2567014338241683,0.19048413860075403,0.06621729543037487,0.21575499277940197,1.3690026998519897,0.9886316037680785,False,0,3,757,88,10,32
9,198,0.25069781821785553,0.18932177916620718,0.06137603944675489,0.22417315346412597,1.3743224143981934,0.9913672222274782,False,0,3,757,88,10,32
10,198,0.24722665631108814,0.18694219685564137,0.06028445936137378,0.2300024655700751,1.3754887580871582,0.9916466430305602,False,0,3,757,88,10,32
11,198,0.24292877399259144,0.18500845834161295,0.05792031670459593,0.20097918354408092,1.3857228755950928,0.9908040099167413,False,0,3,757,88,10,32
12,198,0.24156718543081573,0.18544804477932478,0.056119139992980044,0.20837589376915225,1.3883461952209473,0.9909162374385813,False,0,3,757,88,10,32
13,198,0.23811272945668963,0.18381315763249542,0.05429957218167156,0.21763939276531297,1.382250428199768,0.9908306214217969,False,0,3,757,88,10,32
14,198,0.23820507187734952,0.18402701593709714,0.05417805648587569,0.18923250325807478,1.391171932220459,0.9917136973842551,False,0,3,757,88,10,32
15,198,0.23395054095020199,0.18187772527788626,0.052072816707118594,0.22804762072487766,1.3839832544326782,0.9914730320058951,False,0,3,757,88,10,32
16,198,0.23381324895102568,0.18176335292031068,0.052049895908420137,0.1879468845760981,1.3971731662750244,0.9910198895273992,False,0,3,757,88,10,32
17,198,0.23104855132223379,0.18108926943004733,0.049959281506487214,0.1956077630234934,1.4025624990463257,0.9909572058782767,False,0,3,757,88,10,32
18,198,0.23064424187848062,0.1810287329735178,0.04961550921540369,0.21492726568278686,1.3900779485702515,0.990805420713787,False,0,3,757,88,10,32
19,198,0.23138288814913144,0.18129794028672305,0.050084947815371886,0.20349758726356948,1.3945930004119873,0.9923602020460541,False,0,3,757,88,10,32
20,198,0.22850854092776174,0.18048167710352425,0.048026863833644774,0.2186784544397873,1.3903223276138306,0.9918188709208671,False,0,3,757,88,10,32
21,198,0.2288586665133033,0.18093026775603344,0.04792839875726989,0.22441971047162834,1.3912895917892456,0.9918943900568353,False,0,3,757,88,10,32
0,131,0.9782872072612966,0.480179836163084,0.4981073741694443,0.18122779365800235,2.40189790725708,0.8975378513779705,False,1,0,723,165,7,40
1,131,0.4948440405703683,0.28734999553847856,0.20749404514563902,0.2977105762295301,2.310809373855591,0.9629663874442035,False,1,0,723,165,7,40
2,131,0.38771197563819304,0.2549203089402832,0.13279166669790982,0.268372826115994,2.275174140930176,0.9729353780844965,False,1,0,723,165,7,40
3,131,0.34291036688644466,0.2381661703795877,0.10474419807091014,0.28183688189565365,2.24483060836792,0.9735260234831872,False,1,0,723,165,7,40
4,131,0.3198465707192894,0.22659351386641727,0.09325305648318684,0.2714236101835279,2.221930980682373,0.9806298981385938,False,1,0,723,165,7,40
5,131,0.30042910712365883,0.21862134963046503,0.0818077573794445,0.25880640076937467,2.240431070327759,0.9816089622644206,False,1,0,723,165,7,40
6,131,0.29029888801902304,0.2140576806459718,0.0762412081692965,0.2087676648946117,2.274447441101074,0.9817045666776801,False,1,0,723,165,7,40
7,131,0.285999302645676,0.2134721428155899,0.0725271591760275,0.2505329522079449,2.2244725227355957,0.9803148576243582,False,1,0,723,165,7,40
8,131,0.27409033249807724,0.20576672676865382,0.06832360607067137,0.22357812625223736,2.2440786361694336,0.9849718816339254,False,1,0,723,165,7,40
9,131,0.27366856593667094,0.20575257726298032,0.06791598841775465,0.27836668180482466,2.1972005367279053,0.985672197455532,False,1,0,723,165,7,40
10,131,0.2706018250634652,0.2072492071235453,0.06335261788304525,0.2272112841610344,2.239569902420044,0.9823684950341269,False,1,0,723,165,7,40
11,131,0.26741205679096336,0.2032487629024127,0.06416329344777205,0.2200972404028531,2.2735586166381836,0.9855903415347801,False,1,0,723,165,7,40
12,131,0.26395062863371754,0.2035238541492069,0.0604267738873267,0.23429327064354985,2.24914288520813,0.986748358325214,False,1,0,723,165,7,40
13,131,0.2598405776133064,0.19990921589254423,0.05993136146482621,0.27389736328907655,2.2222015857696533,0.9835351482909862,False,1,0,723,165,7,40
14,131,0.2604837973836724,0.20070628571601315,0.059777511070475325,0.1967301578820827,2.2396225929260254,0.9864303013980725,False,1,0,723,165,7,40
15,131,0.2539777063003933,0.1962987311923777,0.057678976444570165,0.23525766035316437,2.199636697769165,0.9845749612627092,False,1,0,723,165,7,40
16,131,0.25504546584063814,0.1984095784999032,0.05663588611792972,0.2589586728287875,2.197058916091919,0.986160729339429,False,1,0,723,165,7,40
17,131,0.25366159636555735,0.1969831745133145,0.05667842188068019,0.20394037346726154,2.2404205799102783,0.9855702109475974,False,1,0,723,165,7,40
18,131,0.2531317859205581,0.19665269951783973,0.05647908665865432,0.2559613175540299,2.2158186435699463,0.9861794310994456,False,1,0,723,165,7,40
19,131,0.24944586471746896,0.19513258599597988,0.054313278493990425,0.264499238639703,2.2115423679351807,0.9877145630065469,False,1,0,723,165,7,40
20,131,0.2480069301055588,0.19459590475067837,0.053411025312224414,0.2696684743408223,2.196227788925171,0.9860616639892561,False,1,0,723,165,7,40
21,131,0.25054086722035446,0.1958558442255923,0.05468502251132754,0.2661234739401064,2.1872310638427734,0.9878588427985936,False,1,0,723,165,7,40
0,147,1.089754426965908,0.4327590300315091,0.6569953945015563,-0.025465838509316767,1.8438054323196411,0.909837390823517,False,1,1,754,91,3,47
1,147,0.5022592151246104,0.25549188134621603,0.2467673335249732,0.015082019429845517,1.919561743736267,0.9518306138489937,False,1,1,754,91,3,47
2,147,0.3779513809551187,0.22083322602469904,0.15711815437289323,0.005160057333970377,1.9058469533920288,0.9701303066756986,False,1,1,754,91,3,47
3,147,0.33164407637249044,0.20638080569757086,0.12526327064957749,0.029112916069437816,1.8529016971588135,0.9778180163215949,False,1,1,754,91,3,47
4,147,0.29924446709302005,0.1977701515567546,0.1014743172341869,0.014429049211657906,1.9378958940505981,0.9825583852164899,False,1,1,754,91,3,47
5,147,0.28001653073596305,0.1907086028736465,0.08930792854655356,0.05132982959069916,1.906985878944397,0.9829099922966975,False,1,1,754,91,3,47
6,147,0.2711939801569699,0.18904902274105825,0.08214495708646417,0.04809683070552636,1.8358148336410522,0.9868070080945912,False,1,1,754,91,3,47
7,147,0.2605900330608394,0.18527350275694918,0.07531652954362687,0.034814460901417425,1.8787397146224976,0.9880855029475437,False,1,1,754,91,3,47
8,147,0.25394592631836327,0.1821497781138842,0.07179614909145297,-0.01557572861920688,1.9319337606430054,0.987871179396105,False,1,1,754,91,3,47
9,147,0.24659195015219604,0.17963788997964794,0.06695405905749523,-0.02543398630355152,1.9152997732162476,0.9901478352404494,False,1,1,754,91,3,47
10,147,0.24184764303317685,0.17991008401728,0.06193755914260741,0.02022615066093327,1.8678195476531982,0.9883163710678041,False,1,1,754,91,3,47
11,147,0.2383349091828275,0.17673623131043245,0.06159867754294759,0.022169135212613475,1.845028281211853,0.9896647114354953,False,1,1,754,91,3,47
12,147,0.2359042828585826,0.17642220788869728,0.05948207514728008,0.017662048096830706,1.8669793605804443,0.9891081308647399,False,1,1,754,91,3,47
13,147,0.2322487897005211,0.1751362783770983,0.057112510791238476,0.057955088389871005,1.8619928359985352,0.9895329427630002,False,1,1,754,91,3,47
14,147,0.2319693044334853,0.17523348209809284,0.05673582218333977,0.06835483357222488,1.807523250579834,0.9896922857168651,False,1,1,754,91,3,47
15,147,0.22917291927499836,0.17408256962591287,0.055090349446348594,0.07154005414874981,1.802907109260559,0.9883081967630732,False,1,1,754,91,3,47
16,147,0.22654989746963086,0.17436378474543696,0.052186113129667686,0.048144609014174236,1.8323169946670532,0.9904222343328215,False,1,1,754,91,3,47
17,147,0.2243990717696495,0.17257699106826263,0.051822080954807954,0.05426023252110209,1.8894493579864502,0.9918756929000494,False,1,1,754,91,3,47
18,147,0.223546149272497,0.17308176881602022,0.0504643802283978,0.05836916706481924,1.8540151119232178,0.9893851334171805,False,1,1,754,91,3,47
19,147,0.22337044055770044,0.17344782638306522,0.049922614212648396,0.029574773053033923,1.8635655641555786,0.9898234665112802,False,1,1,754,91,3,47
20,147,0.22128513911548925,0.17087294870898836,0.050412190723277274,0.002611880872750438,1.8593748807907104,0.9914899608970095,False,1,1,754,91,3,47
21,147,0.2203048046957068,0.17087550349786979,0.04942930113448172,0.049721293199554074,1.830851435661316,0.990846150416865,False,1,1,754,91,3,47
22,147,0.22209239553432075,0.17157097951490052,0.05052141624749923,0.03782449434623348,1.8520478010177612,0.9908179042748324,False,1,1,754,91,3,47
23,147,0.22036336352225064,0.17068077755623123,0.04968258672628273,0.01629240324892499,1.861831545829773,0.9915748392940787,False,1,1,754,91,3,47
24,147,0.21726905863706758,0.1704439510699032,0.04682510693361159,0.009412326803631153,1.8607525825500488,0.990700972525308,False,1,1,754,91,3,47
25,147,0.21780235568682352,0.16933210229589826,0.04847025375838588,0.013234591495461063,1.8189269304275513,0.9913756326075536,False,1,1,754,91,3,47
26,147,0.21629327768776693,0.17038894936341006,0.045904328362370024,0.004411530498487021,1.9098974466323853,0.9913021478475579,False,1,1,754,91,3,47
27,147,0.21638474030559565,0.16982594902823572,0.046558791720846884,-0.013569039655996179,1.8822022676467896,0.9917382973945033,False,1,1,754,91,3,47
28,147,0.2147356077116363,0.170518668431814,0.044216939343177546,0.008759356585443544,1.8794857263565063,0.9919571839996102,False,1,1,754,91,3,47
29,147,0.2153940660004713,0.16893839035309902,0.04645567562203018,-0.009077878643096036,1.8582789897918701,0.9904838775486351,False,1,1,754,91,3,47
30,147,0.21450629039686553,0.16868147345221773,0.04582481745149002,-0.013903487816531297,1.8901208639144897,0.9921532273421815,False,1,1,754,91,3,47
31,147,0.21439605221456412,0.16947687473021397,0.04491917767441597,-0.025816212772734513,1.8836508989334106,0.992292330493579,False,1,1,754,91,3,47
32,147,0.21461471094160664,0.16916077680328265,0.04545393440441615,-0.009714922758401018,1.8920722007751465,0.9914689092629079,False,1,1,754,91,3,47
33,147,0.21403529439248195,0.16966174872351342,0.04437354547890271,-0.021165790731008126,1.9029314517974854,0.991572095863039,False,1,1,754,91,3,47
34,147,0.21351568938112583,0.16862385329746066,0.04489183547545453,-0.034352603917821314,1.8833814859390259,0.9923472830969585,False,1,1,754,91,3,47
35,147,0.21220124619347708,0.16866320300669896,0.04353804265459379,-0.004538939321548018,1.9064732789993286,0.9901023166805435,False,1,1,754,91,3,47
0,191,0.9985670241385854,0.41087582317322335,0.5876912012774282,0.03227512224707176,1.6035150289535522,0.9248686119178933,False,1,2,757,185,8,43
1,191,0.4640998801323756,0.24940083928757312,0.21469904064976109,0.014011978317728668,1.6106541156768799,0.9642034592854208,False,1,2,757,185,8,43
2,191,0.3594947152268824,0.21817957972668853,0.14131513561721873,-0.01580493537015276,1.5646021366119385,0.9793973285257797,False,1,2,757,185,8,43
3,191,0.3112629378965388,0.2060821582197519,0.10518078006686965,0.036048671392289906,1.5264017581939697,0.9846614272430663,False,1,2,757,185,8,43
4,191,0.29065658581194453,0.1971323032965835,0.09352428358808862,-0.04258367764679125,1.5350971221923828,0.987277708870024,False,1,2,757,185,8,43
5,191,0.2760628695887421,0.1935057093179663,0.08255715984168477,-0.10160721731549222,1.5538324117660522,0.9880909642100708,False,1,2,757,185,8,43
6,191,0.26518185975039815,0.1899497875680474,0.07523207169474731,-0.10374891020052311,1.5476242303848267,0.9885942314777147,False,1,2,757,185,8,43
7,191,0.25870358569459767,0.1873405443124122,0.07136304046549098,-0.13748910200523107,1.566169023513794,0.9892721886148236,False,1,2,757,185,8,43
8,191,0.25281666031994743,0.1851271441235592,0.06768951568928064,-0.09475569538683143,1.5271395444869995,0.9886091416660981,False,1,2,757,185,8,43
9,191,0.24872329901338247,0.18339663439708231,0.0653266653574574,-0.15252454417952316,1.5837318897247314,0.9909510647617255,False,1,2,757,185,8,43
10,191,0.24287029827764522,0.1816801390566751,0.061190158460308744,-0.16445737462567758,1.6082226037979126,0.9910939425409472,False,1,2,757,185,8,43
11,191,0.24016018999808747,0.18002774702940935,0.06013244292966982,-0.16318562601872558,1.5953607559204102,0.9900023729053052,False,1,2,757,185,8,43
12,191,0.23486165788161192,0.17887003111277575,0.05599162645676997,-0.12141692885030896,1.5847933292388916,0.9906811599230292,False,1,2,757,185,8,43
13,191,0.23544879304488917,0.17952667917880713,0.05592211392459445,-0.1257514878131989,1.5853660106658936,0.9921682506597966,False,1,2,757,185,8,43
14,191,0.23278557474076436,0.17860918956277258,0.054176384358818,-0.1714320912778136,1.6038891077041626,0.9913518417734127,False,1,2,757,185,8,43
15,191,0.232757794295306,0.17846853227515494,0.05428926236147344,-0.16700087183958154,1.6055113077163696,0.9910185063930407,False,1,2,757,185,8,43
16,191,0.23058452921388037,0.17762958332506149,0.052954945898570936,-0.12728289299116788,1.6040709018707275,0.9909834854310862,False,1,2,757,185,8,43
17,191,0.22788658714731327,0.17617709997124698,0.05170948741011595,-0.1797524733709867,1.6343985795974731,0.9938825627089606,False,1,2,757,185,8,43
18,191,0.22702752170762466,0.17700160688754776,0.05002591497611001,-0.15437815094196583,1.6268129348754883,0.9913811088964363,False,1,2,757,185,8,43
19,191,0.22571622584190668,0.1756976329531345,0.050018593074061486,-0.15267616845456958,1.6153185367584229,0.991200554537292,False,1,2,757,185,8,43
20,191,0.2259126005216419,0.17637164921972764,0.049540951828525956,-0.1400136461847542,1.622188687324524,0.9933257681416467,False,1,2,757,185,8,43
21,191,0.22264717027779024,0.17416591567830889,0.04848125470675411,-0.12071756188165726,1.6244914531707764,0.9927996791570891,False,1,2,757,185,8,43
22,191,0.22175500342983226,0.17489578723127305,0.04685921605227818,-0.13425002842955158,1.603928565979004,0.9907511465215636,False,1,2,757,185,8,43
23,191,0.22063529311986493,0.1741287026417817,0.04650659118998425,-0.1705792047306774,1.6140036582946777,0.9925889448062447,False,1,2,757,185,8,43
0,200,0.9840119317173958,0.41569119423627854,0.5683207381516695,0.2445419223407838,1.666249394416809,0.9461978438705766,False,1,3,757,154,13,32
1,200,0.43634269788861274,0.2509026712924242,0.18544002536684276,0.23686964521879136,1.5901885032653809,0.9764411554615908,False,1,3,757,154,13,32
2,200,0.3523454102873802,0.22263255514204502,0.1297128553315997,0.2194221970313052,1.588408350944519,0.9860371756639833,False,1,3,757,154,13,32
3,200,0.3135127660632133,0.21107444420456886,0.10243832206353545,0.24100643189827253,1.510677456855774,0.9885627790024051,False,1,3,757,154,13,32
4,200,0.2885726411640644,0.2034317923337221,0.08514084864407778,0.26840648282773527,1.4915152788162231,0.9892963381407212,False,1,3,757,154,13,32
5,200,0.2788166446238756,0.2001596687734127,0.07865697616711259,0.23700107609026017,1.524532437324524,0.9895946248964517,False,1,3,757,154,13,32
6,200,0.2664792135357857,0.193974367082119,0.07250484474003314,0.20895701389060026,1.5258073806762695,0.9910190319840968,False,1,3,757,154,13,32
7,200,0.26194357834756377,0.1916298907995224,0.07031368782743812,0.21319565949546976,1.557529091835022,0.9927164075026714,False,1,3,757,154,13,32
8,200,0.25319208480417726,0.1891989643126726,0.06399312011897564,0.23543047717620774,1.5326250791549683,0.9903592215697702,False,1,3,757,154,13,32
9,200,0.25044115260243416,0.1880349963903427,0.06240615710616112,0.18699491526816006,1.560342788696289,0.992503771392455,False,1,3,757,154,13,32
10,200,0.2475231748074293,0.1878818515688181,0.0596413235925138,0.18981082168937957,1.5464118719100952,0.9891219802235024,False,1,3,757,154,13,32
11,200,0.24429126970469953,0.18619816847145557,0.058093100525438784,0.20554309700419757,1.515251874923706,0.9905755991087969,False,1,3,757,154,13,32
12,200,0.23958535052835941,0.18304364487528801,0.05654170563444495,0.18479344817105728,1.5593750476837158,0.9920121224534214,False,1,3,757,154,13,32
13,200,0.2383601999282837,0.18388525746762752,0.05447494257241488,0.20847729120973904,1.5090596675872803,0.9917390640683879,False,1,3,757,154,13,32
14,200,0.23689899288117885,0.18254222661256791,0.054356765896081925,0.1741639764410163,1.590086817741394,0.9923060938299539,False,1,3,757,154,13,32
15,200,0.23464022651314737,0.1819966434687376,0.05264358337968588,0.17224508571757152,1.570480465888977,0.9925043246461984,False,1,3,757,154,13,32
16,200,0.2313379681110382,0.18090680308640003,0.050431164940819145,0.20693626424176711,1.51631498336792,0.9927336759855068,False,1,3,757,154,13,32
17,200,0.23116223879158496,0.18056616000831127,0.05059607831761241,0.1746601279808111,1.581458330154419,0.9922831061369174,False,1,3,757,154,13,32
18,200,0.22995699010789394,0.17911791495978832,0.050839074803516265,0.185913896350329,1.5162180662155151,0.9939227289307282,False,1,3,757,154,13,32
19,200,0.2300588919967413,0.17972466647624968,0.05033422527834773,0.16917288909698777,1.5582765340805054,0.9931628072515412,False,1,3,757,154,13,32
20,200,0.22782414376735688,0.1791821913421154,0.04864195205271244,0.1854834602462686,1.5199617147445679,0.9927956127420755,False,1,3,757,154,13,32
21,200,0.22689821362495421,0.1789056021720171,0.04799261203967035,0.18295341597049378,1.5248379707336426,0.9938910828166082,False,1,3,757,154,13,32
22,200,0.22814056515693665,0.18023939944803716,0.04790116553194821,0.1853651724619467,1.5535563230514526,0.9932718259016695,False,1,3,757,154,13,32
23,200,0.2263107468187809,0.17970360539853572,0.04660714144818485,0.1855130321923491,1.5536880493164062,0.9927737038938385,False,1,3,757,154,13,32
24,200,0.2275658966600895,0.17927239537239076,0.04829350128769874,0.16461223785701964,1.5714715719223022,0.9935124082919679,False,1,3,757,154,13,32
0,127,0.9403711698186679,0.49014349997512935,0.45022767207284614,0.03240851470939967,1.8063597679138184,0.9119620838802832,False,2,0,723,112,7,40
1,127,0.49286427249119974,0.3028386632992527,0.1900256107759288,0.06712338128267333,1.7794077396392822,0.9574597828017598,False,2,0,723,112,7,40
2,127,0.39520593844060825,0.26457670471799655,0.1306292326079579,0.08863224792428333,1.7474541664123535,0.9688007967902319,False,2,0,723,112,7,40
3,127,0.3461281985748471,0.24447017544367183,0.10165802321917429,0.08595858817097755,1.7821221351623535,0.9788333226118375,False,2,0,723,112,7,40
4,127,0.3251723471119648,0.23497678679744088,0.09019556013852592,0.07231694399835993,1.7659778594970703,0.9780573424538652,False,2,0,723,112,7,40
5,127,0.31121748732769583,0.22584416359428347,0.08537332390941034,0.03839648751153177,1.8104490041732788,0.9813608543649813,False,2,0,723,112,7,40
6,127,0.29805949635393036,0.22121659988962758,0.07684289752029058,0.03198995455632624,1.7974095344543457,0.9793263314875216,False,2,0,723,112,7,40
7,127,0.29176879656596444,0.21764110216474908,0.07412769507587426,0.04369255475450166,1.7913463115692139,0.9829256423737049,False,2,0,723,112,7,40
8,127,0.28186780824435975,0.21341353431930693,0.06845427330905997,0.021312399630983705,1.8146730661392212,0.9838057999079327,False,2,0,723,112,7,40
9,127,0.2805475937569235,0.21140884473098545,0.06913874861527616,0.02298664024327741,1.8068575859069824,0.9784909121194454,False,2,0,723,112,7,40
10,127,0.27806198902017487,0.21139268706164022,0.06666930275052552,-0.00672258858099566,1.8203446865081787,0.9862179776812116,False,2,0,723,112,7,40
11,127,0.27186481373047267,0.20745475226499904,0.06441006263879341,0.02361875149485769,1.7945886850357056,0.9848941534360977,False,2,0,723,112,7,40
12,127,0.26714596410435953,0.2048456488162514,0.06230031534677415,0.022559538046263712,1.7921346426010132,0.9815255187579289,False,2,0,723,112,7,40
13,127,0.26752637444049354,0.2070118800157637,0.0605144951287217,0.03125533877746267,1.7939924001693726,0.9815921338555771,False,2,0,723,112,7,40
14,127,0.2647155471674101,0.20488713740363834,0.05982841087842551,0.004646871903509072,1.8093788623809814,0.9846238193362989,False,2,0,723,112,7,40
15,127,0.261376732212352,0.202411721189191,0.05896501149248889,0.03794375918269724,1.808342695236206,0.9833537824960542,False,2,0,723,112,7,40
16,127,0.2600206367847488,0.20137931042768825,0.058641326826388444,0.026728055489117438,1.8065729141235352,0.9854527296028412,False,2,0,723,112,7,40
17,127,0.2582683638324888,0.20065882144950506,0.05760954154699337,0.011190077561758978,1.8134701251983643,0.9846202631442416,False,2,0,723,112,7,40
18,127,0.2573749913474706,0.20022366542046463,0.057151325927005975,0.006927597635562237,1.8046491146087646,0.986425157620275,False,2,0,723,112,7,40
19,127,0.2550605520254045,0.2000557546775172,0.05500479859453956,0.014999829159121195,1.82162606716156,0.9835409271030795,False,2,0,723,112,7,40
20,127,0.2551885153364947,0.19854467133368095,0.05664384385614883,0.0160505005637749,1.802846074104309,0.9858090473463156,False,2,0,723,112,7,40
21,127,0.2532163577990269,0.1992675271325224,0.053948832279819205,0.018177469504903135,1.803785800933838,0.9854316464642147,False,2,0,723,112,7,40
22,127,0.2522785156730592,0.19865126626228724,0.05362724722546386,-0.007371783920456487,1.8217331171035767,0.9842499746462557,False,2,0,723,112,7,40
0,144,1.0220835767686367,0.4318491122167971,0.5902344671388468,0.38938453810288587,1.280845284461975,0.8946397626596221,False,2,1,754,172,5,47
1,144,0.48786807660427356,0.25403900910168886,0.23382906667474243,0.20090419623463818,1.501641035079956,0.9516771216817344,False,2,1,754,172,5,47
2,144,0.36974711529910564,0.220749006813599,0.1489981091581285,0.2068425533520587,1.4470148086547852,0.9657963854876136,False,2,1,754,172,5,47
3,144,0.32359730183250374,0.20744125193191898,0.1161560482190301,0.2693580301068574,1.3853435516357422,0.9738663838506532,False,2,1,754,172,5,47
4,144,0.29889276064932346,0.19944112458162838,0.09945163549855351,0.10119734071029166,1.57742440700531,0.9782506945884493,False,2,1,754,172,5,47
5,144,0.2847090770180027,0.19461038294765684,0.09009869469122754,0.2369517691257314,1.4152244329452515,0.9768068100356666,False,2,1,754,172,5,47
6,144,0.26899522656781805,0.18965746814178097,0.07933775858125752,0.02964933505965478,1.5857329368591309,0.9838301614628142,False,2,1,754,172,5,47
7,144,0.2607280607852671,0.18674696257544887,0.07398109787350728,0.16250297743282793,1.47463858127594,0.9856920833188405,False,2,1,754,172,5,47
8,144,0.254271832605203,0.18465006382515034,0.06962176834026144,0.23267841602931913,1.3849246501922607,0.9854438028097353,False,2,1,754,172,5,47
9,144,0.25155765211416614,0.18267228143910566,0.06888537083028091,0.25023642585425787,1.3688617944717407,0.9867162229225281,False,2,1,754,172,5,47
10,144,0.2454158707211415,0.1822773234711753,0.06313854585298234,0.18882937953837406,1.4410232305526733,0.9877160635655772,False,2,1,754,172,5,47
11,144,0.23942373827513722,0.17952144880675608,0.05990229042557379,0.1268964183546647,1.4572322368621826,0.987768972592774,False,2,1,754,172,5,47
12,144,0.2387802726071742,0.1801641850421826,0.05861608715107044,0.2084863321093431,1.4311702251434326,0.9874210607462118,False,2,1,754,172,5,47
13,144,0.23586445612212023,0.17855256226741606,0.057311893246757485,0.19516158321600477,1.4241790771484375,0.9873081881548584,False,2,1,754,172,5,47
14,144,0.234662848421269,0.1773274793393082,0.057335369159571,0.017767904099541768,1.5538581609725952,0.987097923761591,False,2,1,754,172,5,47
15,144,0.2333643850353029,0.17631507758051157,0.05704930706674026,0.2276032196366706,1.3891723155975342,0.9890701707372908,False,2,1,754,172,5,47
16,144,0.22988078815655577,0.17660553163538376,0.05327525653410703,0.1875865224292078,1.416589617729187,0.9880652911392706,False,2,1,754,172,5,47
17,144,0.22956976956791347,0.17616887980451187,0.05340088971166147,0.16059506206031274,1.4468518495559692,0.9901676551300026,False,2,1,754,172,5,47
18,144,0.22762833142446148,0.175924868012468,0.05170346401994013,0.1809807486858024,1.4176596403121948,0.9897117696760868,False,2,1,754,172,5,47
19,144,0.2251799162477255,0.1734002244969209,0.05177969105231265,0.19903873138957082,1.404294490814209,0.9895730304492151,False,2,1,754,172,5,47
20,144,0.22666565453012785,0.17382170477261147,0.05284394903315438,0.09473778545031754,1.492588758468628,0.989929592501811,False,2,1,754,172,5,47
0,194,0.9762599502027649,0.3999657971189194,0.5762941542359972,0.05423742320043989,1.4214946031570435,0.9262941808383997,False,2,2,757,196,10,43
1,194,0.4468527794191518,0.24285287617408124,0.20399990289942505,-0.004292009658217056,1.547755479812622,0.9667347334747118,False,2,2,757,196,10,43
2,194,0.3538772797154397,0.22063297294464307,0.13324430665558146,-0.011916582329925334,1.5014384984970093,0.9795046597519907,False,2,2,757,196,10,43
3,194,0.31406469620072963,0.20767808444413943,0.10638661002836276,-0.06903872052530502,1.5629826784133911,0.9846287576095212,False,2,2,757,196,10,43
4,194,0.29203900863829346,0.19873654312386954,0.09330246457350008,0.030834575142044327,1.4932070970535278,0.9851041132258129,False,2,2,757,196,10,43
5,194,0.2780815192411855,0.19348950323063074,0.08459201562650424,-0.06870402983528437,1.5350092649459839,0.9891333772506155,False,2,2,757,196,10,43
6,194,0.26461288670903627,0.19046441189099833,0.07414847481803796,-0.033602945278072185,1.4723838567733765,0.9882790151574375,False,2,2,757,196,10,43
7,194,0.2594608877276637,0.18939241329112003,0.07006847449415124,0.019721250468168527,1.510973334312439,0.990859667243323,False,2,2,757,196,10,43
8,194,0.2516012849266996,0.18520856303038055,0.06639272249159739,-0.025036457378734393,1.5588706731796265,0.9874725095130598,False,2,2,757,196,10,43
9,194,0.24629937365804752,0.1824570570102672,0.06384231674379294,-0.004782889336913993,1.4748239517211914,0.9912510389413735,False,2,2,757,196,10,43
10,194,0.24321418701066183,0.18231943879545348,0.06089474785036033,-0.016862035716277923,1.5001227855682373,0.9890812607479914,False,2,2,757,196,10,43
11,194,0.24104405578571497,0.18146896323899633,0.05957509210506051,0.07444795958211478,1.4345378875732422,0.9916002250414927,False,2,2,757,196,10,43
12,194,0.23813770511715682,0.1804647083519046,0.057672996496416856,0.03204264915649978,1.4547526836395264,0.9918725641966598,False,2,2,757,196,10,43
13,194,0.23516694133736424,0.17870351096096726,0.05646343056842224,0.018325112161225288,1.4370278120040894,0.9913949402400204,False,2,2,757,196,10,43
14,194,0.2344748387017201,0.1810127260912325,0.05346211151594354,0.0920032831562926,1.4451881647109985,0.9908349644636821,False,2,2,757,196,10,43
15,194,0.2329596964661608,0.17948258852528542,0.05347710832492592,0.006175840113476082,1.4667348861694336,0.9923358035559721,False,2,2,757,196,10,43
16,194,0.2305098204422243,0.17858576117870734,0.0519240588794664,0.04779542430013786,1.4502782821655273,0.9931273436865918,False,2,2,757,196,10,43
17,194,0.22969442951617783,0.17891346048755744,0.050780969124633014,0.04881384025691495,1.4382367134094238,0.9940728266713007,False,2,2,757,196,10,43
18,194,0.2275444305281049,0.17691505043623373,0.05062938082156722,0.06547665532437107,1.4525314569473267,0.9921123996944048,False,2,2,757,196,10,43
19,194,0.2266542795546276,0.1772531187257816,0.049401161270504146,0.03268174899792014,1.4926519393920898,0.9929174392163624,False,2,2,757,196,10,43
20,194,0.22559266460617794,0.17576031509748438,0.049832349479889744,0.1042274621679988,1.4398423433303833,0.9935718000813172,False,2,2,757,196,10,43
21,194,0.22329172538113348,0.1758969884327392,0.04739473647793237,0.08470065105308036,1.4695554971694946,0.9925054034909978,False,2,2,757,196,10,43
22,194,0.2221433756892214,0.17574527514042312,0.04639810016474773,0.0902357975599455,1.4889795780181885,0.9927641326040785,False,2,2,757,196,10,43
23,194,0.2234684164376603,0.17679189160927056,0.04667652418510508,0.06654288423686539,1.4918382167816162,0.9935286739520227,False,2,2,757,196,10,43
24,194,0.223796724351411,0.17675962398961648,0.047037100534617286,0.0533496959892899,1.4581433534622192,0.9927209788120966,False,2,2,757,196,10,43
25,194,0.220400846649691,0.17432628825460514,0.046074558241465655,0.12461968778139917,1.4238247871398926,0.9944362867179987,False,2,2,757,196,10,43
26,194,0.2202994463216398,0.17519259091812311,0.04510685566275083,0.08981982484520558,1.4507255554199219,0.9933204569057105,False,2,2,757,196,10,43
27,194,0.21888814236699922,0.17425359405346752,0.0446345484671519,0.0744893974770697,1.5010509490966797,0.9943744882748656,False,2,2,757,196,10,43
28,194,0.2206161909343041,0.175476747075307,0.04513944438706661,0.13517519463857391,1.4545468091964722,0.9940302537957495,False,2,2,757,196,10,43
29,194,0.21971957254962823,0.174746906250408,0.04497266670247329,0.12110065424061074,1.434286117553711,0.9937196294815419,False,2,2,757,196,10,43
30,194,0.21849618206933602,0.17472003546264983,0.04377614613622427,0.08714867438580275,1.4828848838806152,0.9928472313163306,False,2,2,757,196,10,43
31,194,0.2189869602623674,0.17442969847278497,0.0445572616935698,0.10765565109292449,1.472481608390808,0.9937433087417579,False,2,2,757,196,10,43
32,194,0.21875142513476697,0.17557811913723798,0.04317330664081365,0.11262819848751685,1.457352638244629,0.9940153159446788,False,2,2,757,196,10,43
33,194,0.21738527868826366,0.17405073575137817,0.04333454286967663,0.1143414960673844,1.4739428758621216,0.9932522683818418,False,2,2,757,196,10,43
34,194,0.21642283864856995,0.173939094945942,0.04248374411548229,0.11176278398903491,1.4989155530929565,0.9937150098127849,False,2,2,757,196,10,43
35,194,0.21813520566397107,0.17548240867164946,0.042652796790695065,0.10708986445027054,1.5035158395767212,0.9942260226328361,False,2,2,757,196,10,43
36,194,0.21637764803527557,0.17450436089456695,0.041873287467151576,0.09684832933563899,1.4800816774368286,0.9942144872922871,False,2,2,757,196,10,43
37,194,0.2155354486912796,0.1731769431036772,0.042358506010058,0.14683677453800734,1.4377535581588745,0.9948861096740345,False,2,2,757,196,10,43
38,194,0.21585664137737037,0.17354905528506054,0.042307586178721227,0.10971160818876556,1.4947900772094727,0.9940230061717116,False,2,2,757,196,10,43
39,194,0.21617076100455118,0.17412031741486383,0.04205044338806081,0.12912048067958148,1.4874615669250488,0.9933574695811411,False,2,2,757,196,10,43
40,194,0.2155995827513872,0.17358424645109274,0.042015336204281786,0.1265098932974205,1.5097973346710205,0.9940141817745051,False,2,2,757,196,10,43
41,194,0.21488616400465524,0.17298128962824025,0.04190487468365541,0.1437289324163871,1.4861323833465576,0.9937721609244737,False,2,2,757,196,10,43
42,194,0.21339719850070699,0.17215995237077633,0.04123724612032937,0.10120408960147902,1.4872069358825684,0.9944389976613411,False,2,2,757,196,10,43
43,194,0.21416779676663508,0.17345884661238217,0.040708950403885745,0.13142506514515218,1.4471780061721802,0.9937180250456863,False,2,2,757,196,10,43
44,194,0.2143002318352768,0.17308241897022603,0.04121781294186091,0.12529544422220276,1.4676722288131714,0.9941176955498868,False,2,2,757,196,10,43
45,194,0.21306007125021256,0.17276970089710864,0.04029037049712287,0.11810915697790246,1.492210030555725,0.9941836987214694,False,2,2,757,196,10,43
46,194,0.21349495288330256,0.17353511594005466,0.03995983677042514,0.1010558694387556,1.4905180931091309,0.9947386398887429,False,2,2,757,196,10,43
47,194,0.21380416895310903,0.17304732673561452,0.04075684218869074,0.1350158181195165,1.4392818212509155,0.9942477101795756,False,2,2,757,196,10,43
48,194,0.21314461352591663,0.17250481009790578,0.040639803792858864,0.09942544764879792,1.4788823127746582,0.9939284551069719,False,2,2,757,196,10,43
49,194,0.21170953215704752,0.1722087087397723,0.039500823474882804,0.1277195610770665,1.4667487144470215,0.994350477062404,False,2,2,757,196,10,43
50,194,0.21232313132777655,0.17287019647888302,0.03945293522334283,0.09978563858186774,1.4863284826278687,0.9944458580077586,False,2,2,757,196,10,43
51,194,0.21050239431182133,0.17104897267886043,0.03945342177697986,0.11627632700874181,1.4624073505401611,0.9941269902127753,False,2,2,757,196,10,43
52,194,0.2125736600959424,0.17293250656773135,0.0396411543059134,0.12579429272685258,1.4962775707244873,0.994022757207527,False,2,2,757,196,10,43
53,194,0.21155948560569704,0.17212966330272636,0.03942982192852141,0.12143215740025022,1.5131083726882935,0.9943839489138772,False,2,2,757,196,10,43
54,194,0.21032577153948165,0.17189134388547583,0.03843442783642983,0.0854290017451729,1.5173070430755615,0.9935974433923217,False,2,2,757,196,10,43
55,194,0.2101529137682669,0.17171898246118703,0.038433930875023004,0.10634716987146285,1.4850236177444458,0.9948186403800322,False,2,2,757,196,10,43
56,194,0.2109012846479711,0.1720395097413014,0.03886177443620777,0.13452812597120067,1.4732495546340942,0.9946138535069289,False,2,2,757,196,10,43
57,194,0.2103296447660505,0.17164840119093963,0.03868124292222495,0.1387085720660775,1.4916596412658691,0.9938860205448565,False,2,2,757,196,10,43
0,198,0.9441408089014015,0.41749079299695563,0.5266500134961773,0.1164629636152302,1.5486396551132202,0.941696322450445,False,2,3,757,88,10,32
1,198,0.43566533667270585,0.25373971898748415,0.18192561794862602,0.12440562149977105,1.5080628395080566,0.9711716348576191,False,2,3,757,88,10,32
2,198,0.3513703215302843,0.22416930766117693,0.12720101345518622,0.11767813743792047,1.4877102375030518,0.9816939124771389,False,2,3,757,88,10,32
3,198,0.3172414427754855,0.2146715596318245,0.10256988267329606,0.12391250748476632,1.4570369720458984,0.9857203825705375,False,2,3,757,88,10,32
4,198,0.2965493823843773,0.20722177323668894,0.08932760927939054,0.10823852629354375,1.441420316696167,0.9876945302402687,False,2,3,757,88,10,32
5,198,0.27891883043327714,0.20103024728972502,0.07788858399020904,0.07782395829664332,1.4610135555267334,0.989310501436551,False,2,3,757,88,10,32
6,198,0.2690033602594125,0.1965496778638676,0.07245368226384273,0.1384769821422282,1.4363919496536255,0.9896152335983917,False,2,3,757,88,10,32
7,198,0.25956005550394157,0.19249898262999274,0.06706107261054443,0.09531189461449052,1.449360966682434,0.9918160769894632,False,2,3,757,88,10,32
8,198,0.2570477029440379,0.19247957898510826,0.06456812469269892,0.07077947236800396,1.439760446548462,0.9911338321358433,False,2,3,757,88,10,32
9,198,0.2496797072917524,0.1887399156888326,0.06093979167817819,0.090028530168011,1.4241647720336914,0.990302817350635,False,2,3,757,88,10,32
10,198,0.24968776528281394,0.1889150132133503,0.06077275321715408,0.08634778627029693,1.4381054639816284,0.9905751288431148,False,2,3,757,88,10,32
11,198,0.24526782695091132,0.18770246757100326,0.057565359690348906,0.09187770772427883,1.4244990348815918,0.9928832204723359,False,2,3,757,88,10,32
12,198,0.2434353921750579,0.18682695262961918,0.05660843930084898,0.11320488887323447,1.4071881771087646,0.9920858435147237,False,2,3,757,88,10,32
13,198,0.24233330154057706,0.18674003167284858,0.05559326994298684,0.07954985734915995,1.439805269241333,0.9923203401138454,False,2,3,757,88,10,32
14,198,0.23945781836907068,0.18583190433605754,0.05362591419293724,0.08425205170652675,1.4279707670211792,0.9919410846727744,False,2,3,757,88,10,32
15,198,0.2335032657390893,0.18285778834663255,0.0506454770161648,0.07731323306681696,1.4261287450790405,0.9918435183751335,False,2,3,757,88,10,32
16,198,0.23520897991127437,0.18443421236794405,0.050774766847190234,0.06644711352189075,1.4198644161224365,0.991691096968839,False,2,3,757,88,10,32
17,198,0.2344058822050239,0.1833461473385493,0.05105973520513737,0.06871896023387694,1.4158076047897339,0.9895444171192421,False,2,3,757,88,10,32
18,198,0.232808580528004,0.1830857807789186,0.04972280024767223,0.06667605931457152,1.4289072751998901,0.9925563028353867,False,2,3,757,88,10,32
19,198,0.23065086085386952,0.1818871640346267,0.048763697346051536,0.08481561058081788,1.4325156211853027,0.9918355238585421,False,2,3,757,88,10,32
20,198,0.23167005572656188,0.18181029880287672,0.049859757262347926,0.07824662745236168,1.4058176279067993,0.9910601663999155,False,2,3,757,88,10,32
21,198,0.22856476797599984,0.18165444816001738,0.046910320145237924,0.09302243668768272,1.4432425498962402,0.9917627433286037,False,2,3,757,88,10,32
22,198,0.2285509319467978,0.1811665514803896,0.04738438054166659,0.08102919939417422,1.4253407716751099,0.9924303822833989,False,2,3,757,88,10,32
23,198,0.22804170365285392,0.1816428963734646,0.046398806536212714,0.09215948716142441,1.4269518852233887,0.9932456016742343,False,2,3,757,88,10,32
24,198,0.22679560766978699,0.18035329675132578,0.04644231106897797,0.0714663097460463,1.4258418083190918,0.9906297349875841,False,2,3,757,88,10,32
25,198,0.22706086527217517,0.1809523023213401,0.046108562574543134,0.10387094501778733,1.4218770265579224,0.993767596581091,False,2,3,757,88,10,32
26,198,0.22662218283824245,0.1803677717242578,0.046254411716051776,0.06937057518227609,1.4182705879211426,0.9927597895621932,False,2,3,757,88,10,32
