row_id,complex,cluster,fold,y_true,y_pred
1AHW_AB_C|DC167A,1AHW_AB_C,1AHW_AB_C,1,-0.48459258972785657,1.029340453456715
"1AHW_AB_C|IC141Q,TC143I,YC145T",1AHW_AB_C,1AHW_AB_C,1,3.975705011307458,2.0313038390144653
"1AHW_AB_C|KC138A,DC139A",1AHW_AB_C,1AHW_AB_C,1,1.181472161048329,1.9791234398497897
"1AHW_AB_C|KC154A,KC155A",1AHW_AB_C,1AHW_AB_C,1,-1.329712088713193,2.6023147168580834
"1AHW_AB_C|KC158A,NC160A,NC162A",1AHW_AB_C,1AHW_AB_C,1,4.073003113063681,2.1010146180910816
1AHW_AB_C|LC165A,1AHW_AB_C,1AHW_AB_C,1,0.9869363816797847,0.8055230601032392
1AHW_AB_C|NC188A,1AHW_AB_C,1AHW_AB_C,1,1.0782223828449984,1.0332052893581203
"1AHW_AB_C|RC189A,KC190A",1AHW_AB_C,1AHW_AB_C,1,4.016561680600172,2.6458449855188193
"1AHW_AB_C|SC184A,RC185A",1AHW_AB_C,1AHW_AB_C,1,4.016561680600172,1.7876760017008695
"1AHW_AB_C|TC110A,KC111A",1AHW_AB_C,1AHW_AB_C,1,0.6388568646949774,1.9812314314255366
1AHW_AB_C|TC156A,1AHW_AB_C,1AHW_AB_C,1,-0.07411996383243181,1.1663956244192513
1AHW_AB_C|TC159A,1AHW_AB_C,1AHW_AB_C,1,1.1057709230539117,1.0004775624696614
1AHW_AB_C|TC186A,1AHW_AB_C,1AHW_AB_C,1,1.345882016775279,0.7399461735864161
1AHW_AB_C|VC187A,1AHW_AB_C,1AHW_AB_C,1,-0.3142310575537991,0.906770484241401
1AHW_AB_C|YC145A,1AHW_AB_C,1AHW_AB_C,1,3.8053434791334007,1.5646351219649042
1AHW_AB_C|YC146A,1AHW_AB_C,1AHW_AB_C,1,-1.8890098071647712,1.4047064649184757
1BJ1_HL_VW|HH101Y,1BJ1_HL_VW,3N85_A_LH,3,-1.5835955897246583,0.8774008185317731
"1BJ1_HL_VW|HH101Y,SH105T",1BJ1_HL_VW,3N85_A_LH,3,-1.3434844960032908,0.9851269872616008
"1BJ1_HL_VW|HH101Y,YH103I,GH104A,SH105K",1BJ1_HL_VW,3N85_A_LH,3,-0.4312532430472282,1.0253864753342283
"1BJ1_HL_VW|HH101Y,YH103R,GH104D,SH105N",1BJ1_HL_VW,3N85_A_LH,3,-0.9954049790184836,1.3383058633023583
"1BJ1_HL_VW|HH101Y,YH103R,GH104N,SH105T",1BJ1_HL_VW,3N85_A_LH,3,-0.7626503379338089,1.3267054899393842
"1BJ1_HL_VW|HH101Y,YH103R,SH105T",1BJ1_HL_VW,3N85_A_LH,3,-1.1731229638292335,1.3763008855192855
"1BJ1_HL_VW|HH101Y,YH103W,SH105T",1BJ1_HL_VW,3N85_A_LH,3,-1.0409802933713064,1.1847807129185777
1BJ1_HL_VW|HH107A,1BJ1_HL_VW,3N85_A_LH,3,0.7896526306897298,0.8418164599587014
"1BJ1_HL_VW|LH72I,TH74K",1BJ1_HL_VW,3N85_A_LH,3,0.0765174846044199,1.254216311489495
"1BJ1_HL_VW|LH72V,TH74V",1BJ1_HL_VW,3N85_A_LH,3,0.6706597717577022,1.1911463141912644
"1BJ1_HL_VW|ML4L,TH28D,NH31H,HH101Y,SH105T",1BJ1_HL_VW,3N85_A_LH,3,-1.6580968459966756,0.47669890925675074
1BJ1_HL_VW|NH31H,1BJ1_HL_VW,3N85_A_LH,3,-0.7626503379338089,0.8738381679606546
1BJ1_HL_VW|SH105T,1BJ1_HL_VW,3N85_A_LH,3,-0.3903965737545144,0.6889461127325459
1BJ1_HL_VW|TH28D,1BJ1_HL_VW,3N85_A_LH,3,-0.220035041580457,0.2535637608993193
"1BJ1_HL_VW|TH28D,NH31H",1BJ1_HL_VW,3N85_A_LH,3,-0.692900776386499,0.5647372967971275
"1BJ1_HL_VW|TH28D,NH31H,HH101Y,SH105T",1BJ1_HL_VW,3N85_A_LH,3,-1.7539571218987156,0.42853012279560837
"1BJ1_HL_VW|TH28D,NH31H,YH54W,HH101Y,SH105T",1BJ1_HL_VW,3N85_A_LH,3,-1.2034981768122488,0.3988917219753997
1BJ1_HL_VW|TH59A,1BJ1_HL_VW,3N85_A_LH,3,0.8506669570873852,0.8653416226918718
1BJ1_HL_VW|YH27A,1BJ1_HL_VW,3N85_A_LH,3,2.2425285065605456,1.2448524960921141
1BJ1_HL_VW|YH54A,1BJ1_HL_VW,3N85_A_LH,3,1.3276594460278996,1.3621767175802675
1BJ1_HL_VW|YH54W,1BJ1_HL_VW,3N85_A_LH,3,-0.13726986111671707,1.0495595357624725
1BJ1_HL_VW|YH99A,1BJ1_HL_VW,3N85_A_LH,3,4.438761161417411,2.3151246838056943
1CZ8_HL_VW|LL4M,1CZ8_HL_VW,3N85_A_LH,3,0.040856669292713595,0.9388682641400762
"1CZ8_HL_VW|LL4M,DH28T,HH31N",1CZ8_HL_VW,3N85_A_LH,3,0.4513292951881383,1.3837784704925784
"1CZ8_HL_VW|LL4M,DH28T,HH31N,TH105K,YH103I,GH104A",1CZ8_HL_VW,3N85_A_LH,3,1.363560548144201,1.716272944986131
"1CZ8_HL_VW|LL4M,DH28T,HH31N,TH105N,YH103R,GH104D",1CZ8_HL_VW,3N85_A_LH,3,0.7994088121729457,1.5304642282031313
"1CZ8_HL_VW|LL4M,DH28T,HH31N,TH105S",1CZ8_HL_VW,3N85_A_LH,3,0.2112182014667711,1.4720629354585688
"1CZ8_HL_VW|LL4M,DH28T,HH31N,YH101H",1CZ8_HL_VW,3N85_A_LH,3,1.4044172174369147,1.6036206853129873
"1CZ8_HL_VW|LL4M,DH28T,HH31N,YH101H,TH105S",1CZ8_HL_VW,3N85_A_LH,3,2.367331359293156,1.445416635119108
"1CZ8_HL_VW|LL4M,DH28T,HH31N,YH101H,TH105S,LH72I,TH74K",1CZ8_HL_VW,3N85_A_LH,3,1.8713312757958491,1.8725430282939275
"1CZ8_HL_VW|LL4M,DH28T,HH31N,YH101H,TH105S,LH72V,TH74V",1CZ8_HL_VW,3N85_A_LH,3,2.4654735629491316,1.801230191253587
"1CZ8_HL_VW|LL4M,DH28T,HH31N,YH101H,TH105S,YH54W",1CZ8_HL_VW,3N85_A_LH,3,1.6575439300747121,1.5319851217956608
"1CZ8_HL_VW|LL4M,DH28T,HH31N,YH103R",1CZ8_HL_VW,3N85_A_LH,3,0.6216908273621957,1.568331580937353
"1CZ8_HL_VW|LL4M,DH28T,HH31N,YH103R,GH104N",1CZ8_HL_VW,3N85_A_LH,3,1.0321634532576205,1.6857982536612015
"1CZ8_HL_VW|LL4M,DH28T,HH31N,YH103W",1CZ8_HL_VW,3N85_A_LH,3,0.7538334978201229,1.521296776645243
"1CZ8_HL_VW|LL4M,DH28T,YH101H,TH105S",1CZ8_HL_VW,3N85_A_LH,3,1.0321634532576205,1.4368825700083248
"1CZ8_HL_VW|LL4M,HH31N,YH101H,TH105S",1CZ8_HL_VW,3N85_A_LH,3,1.5747787496109722,1.6737415306525456
"1CZ8_HL_VW|LL4M,YH101H,TH105S",1CZ8_HL_VW,3N85_A_LH,3,1.1019130148049303,1.5682282254396966
"1CZ8_HL_VW|LL4M,YH54W",1CZ8_HL_VW,3N85_A_LH,3,0.5913156143791803,1.4862150146618929
1DQJ_AB_C|DB32A,1DQJ_AB_C,1MLC_AB_E,0,2.0134337855860274,0.8211488089526741
"1DQJ_AB_C|DB32A,KC97A",1DQJ_AB_C,1MLC_AB_E,0,1.1223834112514164,1.0200452887337446
1DQJ_AB_C|DC101A,1DQJ_AB_C,1MLC_AB_E,0,1.3765504662313492,1.272552299145619
1DQJ_AB_C|KC96A,1DQJ_AB_C,1MLC_AB_E,0,6.155820121291552,0.9533594516974145
1DQJ_AB_C|KC97A,1DQJ_AB_C,1MLC_AB_E,0,3.5197057586216647,0.794034280770701
1DQJ_AB_C|LC75A,1DQJ_AB_C,1MLC_AB_E,0,1.4524070532877775,1.0149101733697874
1DQJ_AB_C|NA31A,1DQJ_AB_C,1MLC_AB_E,0,2.0134337855860274,0.4561132676141732
1DQJ_AB_C|NA32A,1DQJ_AB_C,1MLC_AB_E,0,4.090681644432603,0.930925278173034
"1DQJ_AB_C|NA32A,KC96A",1DQJ_AB_C,1MLC_AB_E,0,5.801848149502949,1.0519352155603099
1DQJ_AB_C|NC93A,1DQJ_AB_C,1MLC_AB_E,0,0.6498732374418262,0.6955381277562184
1DQJ_AB_C|RC21A,1DQJ_AB_C,1MLC_AB_E,0,1.2137709162884096,0.845676263181959
1DQJ_AB_C|SA91A,1DQJ_AB_C,1MLC_AB_E,0,1.4318882919093323,0.7235985055488184
"1DQJ_AB_C|SA91A,RC21A",1DQJ_AB_C,1MLC_AB_E,0,3.1707316994398695,0.8947393961571101
"1DQJ_AB_C|SA91A,YC20A",1DQJ_AB_C,1MLC_AB_E,0,3.573092050232501,1.1896131112910697
1DQJ_AB_C|SC100A,1DQJ_AB_C,1MLC_AB_E,0,0.7755829159772041,0.8227792672270136
1DQJ_AB_C|TC89A,1DQJ_AB_C,1MLC_AB_E,0,0.8408437632853092,0.6754039885420017
1DQJ_AB_C|WB98A,1DQJ_AB_C,1MLC_AB_E,0,4.9315254077179125,0.9969084468674893
"1DQJ_AB_C|WB98A,KC97A",1DQJ_AB_C,1MLC_AB_E,0,6.660086247462675,1.0564319807961466
"1DQJ_AB_C|WB98A,SC100A",1DQJ_AB_C,1MLC_AB_E,0,5.362245709236626,1.0828304156115334
"1DQJ_AB_C|WB98A,YC20A",1DQJ_AB_C,1MLC_AB_E,0,5.1120973104465115,1.341853918116715
1DQJ_AB_C|WC62A,1DQJ_AB_C,1MLC_AB_E,0,0.7580785828215693,0.9888271753664066
1DQJ_AB_C|WC63A,1DQJ_AB_C,1MLC_AB_E,0,1.346269193527744,1.0751338176573013
1DQJ_AB_C|YA50A,1DQJ_AB_C,1MLC_AB_E,0,2.678299041840766,1.0748065434307177
1DQJ_AB_C|YA96A,1DQJ_AB_C,1MLC_AB_E,0,1.1350509920609728,1.0388898036473357
"1DQJ_AB_C|YA96A,RC21A",1DQJ_AB_C,1MLC_AB_E,0,3.485199679109972,1.0969531360247637
"1DQJ_AB_C|YA96A,SC100A",1DQJ_AB_C,1MLC_AB_E,0,0.9134472427504673,1.0603007299489913
1DQJ_AB_C|YB33A,1DQJ_AB_C,1MLC_AB_E,0,5.524464935788763,1.1356953469081885
1DQJ_AB_C|YB50A,1DQJ_AB_C,1MLC_AB_E,0,6.888025483932965,0.9462708312080633
1DQJ_AB_C|YB53A,1DQJ_AB_C,1MLC_AB_E,0,1.1802780636388086,1.0005880183530225
"1DQJ_AB_C|YB53A,DC101A",1DQJ_AB_C,1MLC_AB_E,0,2.7271210962884025,1.2894371921429906
"1DQJ_AB_C|YB53A,LC75A",1DQJ_AB_C,1MLC_AB_E,0,1.2168618019365223,1.2522140294437656
"1DQJ_AB_C|YB53A,WC62A",1DQJ_AB_C,1MLC_AB_E,0,1.2863080667694942,1.0577715595131658
"1DQJ_AB_C|YB53A,WC63A",1DQJ_AB_C,1MLC_AB_E,0,2.199232341246195,1.1538111868709366
1DQJ_AB_C|YC20A,1DQJ_AB_C,1MLC_AB_E,0,3.285708332565015,1.1897741373404658
1DVF_AB_CD|DB100A,1DVF_AB_CD,1MLC_AB_E,0,2.7895142051990196,0.6599761213656448
"1DVF_AB_CD|DB100A,DD52A",1DVF_AB_CD,1MLC_AB_E,0,4.319723503312841,1.1805526201338035
"1DVF_AB_CD|DB100A,HD33A",1DVF_AB_CD,1MLC_AB_E,0,4.1481191861668085,1.0537043272499733
"1DVF_AB_CD|DB100A,ND55A",1DVF_AB_CD,1MLC_AB_E,0,4.090681644432603,0.8353524825287174
1DVF_AB_CD|DB54A,1DVF_AB_CD,1MLC_AB_E,0,4.281256293167069,1.5072022214280751
"1DVF_AB_CD|DB54A,YC49A",1DVF_AB_CD,1MLC_AB_E,0,4.492871802144081,1.3619934928146014
1DVF_AB_CD|DB58A,1DVF_AB_CD,1MLC_AB_E,0,1.600004838683772,1.1411187991992973
"1DVF_AB_CD|DB58A,QD104A",1DVF_AB_CD,1MLC_AB_E,0,1.464172518770949,1.0490565500128084
1DVF_AB_CD|DD52A,1DVF_AB_CD,1MLC_AB_E,0,1.6822900622212256,1.1514054941068577
1DVF_AB_CD|EB98A,1DVF_AB_CD,1MLC_AB_E,0,4.186648988725893,1.0005044705308053
"1DVF_AB_CD|EB98A,YD102A",1DVF_AB_CD,1MLC_AB_E,0,4.633296940785955,1.054123836510467
1DVF_AB_CD|HA30A,1DVF_AB_CD,1MLC_AB_E,0,1.649382328677959,0.6467875657986152
1DVF_AB_CD|HD33A,1DVF_AB_CD,1MLC_AB_E,0,1.8606005301447301,0.8945235489762144
1DVF_AB_CD|ID101A,1DVF_AB_CD,1MLC_AB_E,0,2.6815457819355792,0.6837483614855097
1DVF_AB_CD|KD30A,1DVF_AB_CD,1MLC_AB_E,0,1.0035172541212762,0.2639048247413909
1DVF_AB_CD|NB56A,1DVF_AB_CD,1MLC_AB_E,0,1.1624388911622023,0.6187826217248159
"1DVF_AB_CD|NB56A,HD33A",1DVF_AB_CD,1MLC_AB_E,0,2.5259994393064034,1.033426190445796
"1DVF_AB_CD|NB56A,ND55A",1DVF_AB_CD,1MLC_AB_E,0,2.3010929502938056,0.8228836833382471
"1DVF_AB_CD|NB56A,QD104A",1DVF_AB_CD,1MLC_AB_E,0,1.4868644452370166,0.6957399265011763
1DVF_AB_CD|ND55A,1DVF_AB_CD,1MLC_AB_E,0,1.8606005301447301,0.6088675276534692
1DVF_AB_CD|QD104A,1DVF_AB_CD,1MLC_AB_E,0,1.6287225536491747,0.7620673145688674
1DVF_AB_CD|RB99A,1DVF_AB_CD,1MLC_AB_E,0,1.8746451446663734,0.7928057709611279
1DVF_AB_CD|RD106A,1DVF_AB_CD,1MLC_AB_E,0,4.090681644432603,0.6341898906054406
1DVF_AB_CD|SA93A,1DVF_AB_CD,1MLC_AB_E,0,1.1624388911622023,0.3430596245348358
1DVF_AB_CD|TB30A,1DVF_AB_CD,1MLC_AB_E,0,0.9075126078959536,0.3993577278635938
1DVF_AB_CD|WA92A,1DVF_AB_CD,1MLC_AB_E,0,0.3407230643481149,1.0057094880034274
1DVF_AB_CD|WB52A,1DVF_AB_CD,1MLC_AB_E,0,4.132998701202311,1.790653838326818
"1DVF_AB_CD|WB52A,QD104A",1DVF_AB_CD,1MLC_AB_E,0,4.162863188132281,1.4635346675710823
1DVF_AB_CD|YA32A,1DVF_AB_CD,1MLC_AB_E,0,2.030369579206033,0.7583956845652043
"1DVF_AB_CD|YA32A,RD106A",1DVF_AB_CD,1MLC_AB_E,0,4.650588295402413,0.9208069593879643
1DVF_AB_CD|YA49A,1DVF_AB_CD,1MLC_AB_E,0,1.6785902066679887,0.9937808971238415
"1DVF_AB_CD|YA49A,HD33A",1DVF_AB_CD,1MLC_AB_E,0,2.6250451278287583,1.3033143200803936
"1DVF_AB_CD|YA49A,ND55A",1DVF_AB_CD,1MLC_AB_E,0,2.030369579206033,1.0079233670131584
1DVF_AB_CD|YA50A,1DVF_AB_CD,1MLC_AB_E,0,0.687773585727709,0.8622524068667782
1DVF_AB_CD|YB101F,1DVF_AB_CD,1MLC_AB_E,0,2.0123137042575867,0.7707615492336315
1DVF_AB_CD|YB32A,1DVF_AB_CD,1MLC_AB_E,0,1.831470715773831,0.8147773988171806
1DVF_AB_CD|YC49A,1DVF_AB_CD,1MLC_AB_E,0,1.8606005301447301,0.9816400515313217
1DVF_AB_CD|YD102A,1DVF_AB_CD,1MLC_AB_E,0,4.73943480054599,0.9666205364540585
"1JRH_LH_I|AI49S,II51T,HI55D",1JRH_LH_I,1JRH_LH_I,1,0.07067557709456428,1.2087760986378469
"1JRH_LH_I|AI85D,KI88R,EI90K",1JRH_LH_I,1JRH_LH_I,1,-0.047747866156978784,1.3989516419843517
"1JRH_LH_I|AI93L,VI94M",1JRH_LH_I,1JRH_LH_I,1,0.6336629450010388,0.9030772914621686
1JRH_LH_I|DH56A,1JRH_LH_I,1JRH_LH_I,1,1.8860997923566427,1.1855230024653458
1JRH_LH_I|DH57A,1JRH_LH_I,1JRH_LH_I,1,1.6660647507761857,0.8422748379930405
1JRH_LH_I|DH58A,1JRH_LH_I,1JRH_LH_I,1,1.8546488536976224,0.8804260763714513
1JRH_LH_I|DL28A,1JRH_LH_I,1JRH_LH_I,1,0.4346468730899115,0.6944086136470409
1JRH_LH_I|EI35Q,1JRH_LH_I,1JRH_LH_I,1,0.09956846934916053,0.9154772428677125
1JRH_LH_I|EI45A,1JRH_LH_I,1JRH_LH_I,1,-0.5657848826604327,0.7769436889772181
1JRH_LH_I|EI45P,1JRH_LH_I,1JRH_LH_I,1,-3.788177441800619,0.8667114092400444
"1JRH_LH_I|EI45P,II47L",1JRH_LH_I,1JRH_LH_I,1,-3.456780346914038,1.5077210550255116
"1JRH_LH_I|EI45P,II47R",1JRH_LH_I,1JRH_LH_I,1,-3.4400979248158117,1.3254877665923135
1JRH_LH_I|EL27A,1JRH_LH_I,1JRH_LH_I,1,0.5426152963533518,0.8580753112060566
1JRH_LH_I|FH103A,1JRH_LH_I,1JRH_LH_I,1,0.0,0.7953748807178189
1JRH_LH_I|GI40A,1JRH_LH_I,1JRH_LH_I,1,4.450238411656094,1.1645015639904073
1JRH_LH_I|HH107A,1JRH_LH_I,1JRH_LH_I,1,1.6977708873800303,1.2068912971131516
"1JRH_LH_I|II25N,PI27S,VI29T,VI31I",1JRH_LH_I,1JRH_LH_I,1,0.14370596045070846,1.319457071927084
1JRH_LH_I|KI37A,1JRH_LH_I,1JRH_LH_I,1,3.713862793824277,1.3698432279604564
1JRH_LH_I|KI37M,1JRH_LH_I,1JRH_LH_I,1,3.2923293656742554,1.2811589620165575
1JRH_LH_I|KI42A,1JRH_LH_I,1JRH_LH_I,1,3.385817471627714,1.0678622457990288
1JRH_LH_I|KI42M,1JRH_LH_I,1JRH_LH_I,1,4.911626896223453,0.9575150532923702
1JRH_LH_I|KI88A,1JRH_LH_I,1JRH_LH_I,1,0.3120936365325133,1.015804096974388
"1JRH_LH_I|MI15L,II18V",1JRH_LH_I,1JRH_LH_I,1,-0.21360605479004102,1.307684114446639
1JRH_LH_I|NI38A,1JRH_LH_I,1JRH_LH_I,1,0.17045790106372832,0.8895041939791685
1JRH_LH_I|NI38Q,1JRH_LH_I,1JRH_LH_I,1,0.5344714151421985,0.7891782591167806
1JRH_LH_I|NI43A,1JRH_LH_I,1JRH_LH_I,1,4.299833017839873,1.05056781654861
1JRH_LH_I|NI69A,1JRH_LH_I,1JRH_LH_I,1,-0.1995342003428246,0.8453065523115517
1JRH_LH_I|RH100A,1JRH_LH_I,1JRH_LH_I,1,0.5426152963533518,1.609419878259425
1JRH_LH_I|RI74A,1JRH_LH_I,1JRH_LH_I,1,0.39261710548490847,1.4135993479804319
1JRH_LH_I|SI44A,1JRH_LH_I,1JRH_LH_I,1,0.37771074900822765,0.8255319641578398
"1JRH_LH_I|SI44G,EI45G,II47R",1JRH_LH_I,1JRH_LH_I,1,-3.377704815905194,1.2861903320566972
"1JRH_LH_I|SI44G,EI45P,II47K",1JRH_LH_I,1JRH_LH_I,1,-3.8844190101422447,1.4475154986891132
"1JRH_LH_I|SI61Y,DI62E,HI63Q,VI64I,GI65M,DI66Y,SI68D,NI69V,LI71A",1JRH_LH_I,1JRH_LH_I,1,2.95883223609549,1.0610138860682912
1JRH_LH_I|SL93A,1JRH_LH_I,1JRH_LH_I,1,-0.6505837196167918,0.5966903246814128
1JRH_LH_I|TI4V,1JRH_LH_I,1JRH_LH_I,1,-0.025565991247061364,0.9067984534558271
"1JRH_LH_I|TI9L,EI11K",1JRH_LH_I,1JRH_LH_I,1,-0.025565991247061364,1.2765464575358572
1JRH_LH_I|TL94A,1JRH_LH_I,1JRH_LH_I,1,0.3852693830957245,0.7047831808233364
1JRH_LH_I|VI41A,1JRH_LH_I,1JRH_LH_I,1,1.6791568844199276,0.8722007377474669
"1JRH_LH_I|VI73A,RI78K",1JRH_LH_I,1JRH_LH_I,1,-0.21360605479004102,1.2419045085612048
1JRH_LH_I|WH54A,1JRH_LH_I,1JRH_LH_I,1,2.686264426995689,1.662536685034776
1JRH_LH_I|WH55A,1JRH_LH_I,1JRH_LH_I,1,2.421317794194476,1.1862363609455115
1JRH_LH_I|WI46F,1JRH_LH_I,1JRH_LH_I,1,-0.2526121569912306,1.2146413414642578
1JRH_LH_I|WI46Y,1JRH_LH_I,1JRH_LH_I,1,0.298529734757261,1.1778289491537932
1JRH_LH_I|WI72A,1JRH_LH_I,1JRH_LH_I,1,4.429045964557542,1.3802689905426102
1JRH_LH_I|WI72F,1JRH_LH_I,1JRH_LH_I,1,1.1027070149030964,1.1410028238498084
1JRH_LH_I|WI72Y,1JRH_LH_I,1JRH_LH_I,1,1.1878272982177975,1.0217545893476099
1JRH_LH_I|WL92A,1JRH_LH_I,1JRH_LH_I,1,2.818407097453616,1.248867515568679
1JRH_LH_I|WL95A,1JRH_LH_I,1JRH_LH_I,1,1.6660647507761857,1.1552572908109677
1JRH_LH_I|YH104A,1JRH_LH_I,1JRH_LH_I,1,1.0610563455122166,1.341691694529186
1JRH_LH_I|YH32A,1JRH_LH_I,1JRH_LH_I,1,1.433310109691511,0.9590525610416285
1JRH_LH_I|YH60A,1JRH_LH_I,1JRH_LH_I,1,1.2555921248807609,1.1707816294387212
1JRH_LH_I|YI39A,1JRH_LH_I,1JRH_LH_I,1,3.5271235156302883,1.7314622637670707
1JRH_LH_I|YI39F,1JRH_LH_I,1JRH_LH_I,1,0.9087807213865072,1.2834689437904032
1JRH_LH_I|YL30A,1JRH_LH_I,1JRH_LH_I,1,1.1084565821776746,0.969475182588324
1JRH_LH_I|YL91A,1JRH_LH_I,1JRH_LH_I,1,0.5808341580694822,1.8710162878655427
1KIP_AB_C|AB32Y,1KIP_AB_C,1MLC_AB_E,0,-0.8005931862113372,0.6011918013809416
1KIQ_AB_C|FB101Y,1KIQ_AB_C,1MLC_AB_E,0,-2.4949589383164827,0.6232854952761124
1KIR_AB_C|SA50Y,1KIR_AB_C,1MLC_AB_E,0,-1.3870942470644445,0.7223449188532377
1MHP_HL_A|FH99W,1MHP_HL_A,2B2X_HL_A,1,0.0,0.5291529852942377
1MHP_HL_A|FH99Y,1MHP_HL_A,2B2X_HL_A,1,0.7546689366915326,0.2414073760637452
1MHP_HL_A|GH100F,1MHP_HL_A,2B2X_HL_A,1,0.38901796990642135,0.4356581047463468
1MHP_HL_A|GH100L,1MHP_HL_A,2B2X_HL_A,1,2.7271210962884025,0.5547295825386467
1MHP_HL_A|GH100M,1MHP_HL_A,2B2X_HL_A,1,0.10213402314542167,0.49768680125777925
1MHP_HL_A|GH100S,1MHP_HL_A,2B2X_HL_A,1,0.5577474902840849,0.37478818348403725
1MHP_HL_A|GH53A,1MHP_HL_A,2B2X_HL_A,1,0.5126066490408464,0.8498589217938469
1MHP_HL_A|GH53N,1MHP_HL_A,2B2X_HL_A,1,1.2553133831378882,0.7849698613759356
1MHP_HL_A|GH53S,1MHP_HL_A,2B2X_HL_A,1,0.6755934056826887,0.7613537603648483
1MHP_HL_A|GH54I,1MHP_HL_A,2B2X_HL_A,1,1.3635605481442012,0.6137834696675226
1MHP_HL_A|GH54T,1MHP_HL_A,2B2X_HL_A,1,1.1641667692445432,0.5199925136606268
1MHP_HL_A|GH54Y,1MHP_HL_A,2B2X_HL_A,1,0.0,0.4409600523922385
1MHP_HL_A|GL91Q,1MHP_HL_A,2B2X_HL_A,1,1.5726849814128463,0.28777039860582804
1MHP_HL_A|GL91S,1MHP_HL_A,2B2X_HL_A,1,0.5126066490408464,0.2628167585593662
1MHP_HL_A|HL30K,1MHP_HL_A,2B2X_HL_A,1,1.1641667692445432,1.1083815300350714
1MHP_HL_A|HL30R,1MHP_HL_A,2B2X_HL_A,1,1.123797697197821,1.0393204814924184
1MHP_HL_A|HL30W,1MHP_HL_A,2B2X_HL_A,1,1.2553133831378882,1.079285894565346
1MHP_HL_A|KH64D,1MHP_HL_A,2B2X_HL_A,1,-0.17144195947815621,1.0807147424292283
1MHP_HL_A|KH64E,1MHP_HL_A,2B2X_HL_A,1,-0.07761466912166219,1.0314411111370148
"1MHP_HL_A|KH64E,SL27Q",1MHP_HL_A,2B2X_HL_A,1,-0.8568463539071508,0.8181203472995553
"1MHP_HL_A|KH64E,SL27Q,NL51Y",1MHP_HL_A,2B2X_HL_A,1,-1.0191592574777402,0.6422046401306227
1MHP_HL_A|KH64N,1MHP_HL_A,2B2X_HL_A,1,-0.036271450395853784,0.9618287254115919
1MHP_HL_A|KH64Q,1MHP_HL_A,2B2X_HL_A,1,-0.07761466912166219,0.9285983108644527
1MHP_HL_A|LH60D,1MHP_HL_A,2B2X_HL_A,1,-0.061319916684994945,0.7277813569715323
"1MHP_HL_A|LH60D,KH64E",1MHP_HL_A,2B2X_HL_A,1,-0.1418004902065428,1.0398154249988618
"1MHP_HL_A|LH60D,KH64Q",1MHP_HL_A,2B2X_HL_A,1,0.04298934158933236,1.1387466319330097
1MHP_HL_A|LL48F,1MHP_HL_A,2B2X_HL_A,1,0.7122797280092416,0.9229724688259315
1MHP_HL_A|LL48K,1MHP_HL_A,2B2X_HL_A,1,0.8612009283873099,1.133709827172822
1MHP_HL_A|LL48W,1MHP_HL_A,2B2X_HL_A,1,1.9075675885501273,1.018213884688925
1MHP_HL_A|NL29V,1MHP_HL_A,2B2X_HL_A,1,1.049329490590402,1.0516485345040383
1MHP_HL_A|NL29W,1MHP_HL_A,2B2X_HL_A,1,1.5726849814128463,0.8812498507928898
1MHP_HL_A|NL29Y,1MHP_HL_A,2B2X_HL_A,1,1.9075675885501273,0.7241845572118213
"1MHP_HL_A|NL29Y,SL90I",1MHP_HL_A,2B2X_HL_A,1,0.43436813134703867,0.41002048353389847
1MHP_HL_A|NL51D,1MHP_HL_A,2B2X_HL_A,1,0.5007625177899426,0.25739961678655865
1MHP_HL_A|NL51E,1MHP_HL_A,2B2X_HL_A,1,-0.08868487101788138,0.31253209841770296
1MHP_HL_A|NL51K,1MHP_HL_A,2B2X_HL_A,1,0.6575099602318025,0.642253511626249
1MHP_HL_A|NL51R,1MHP_HL_A,2B2X_HL_A,1,0.8448407572424633,0.6306785854957961
1MHP_HL_A|NL51Y,1MHP_HL_A,2B2X_HL_A,1,-0.05162488910166547,0.37027644109049246
1MHP_HL_A|RH31Q,1MHP_HL_A,2B2X_HL_A,1,1.307328085919336,0.49380414304127557
1MHP_HL_A|SH35A,1MHP_HL_A,2B2X_HL_A,1,1.5726849814128463,0.9945130868877737
"1MHP_HL_A|SH35A,GH102S",1MHP_HL_A,2B2X_HL_A,1,1.5726849814128463,1.0466881563542834
1MHP_HL_A|SH35Q,1MHP_HL_A,2B2X_HL_A,1,2.7271210962884025,0.8310996794627736
"1MHP_HL_A|SH35V,GH102S",1MHP_HL_A,2B2X_HL_A,1,1.4256749153119455,0.9597184068626413
1MHP_HL_A|SH52M,1MHP_HL_A,2B2X_HL_A,1,2.0758402761534427,0.6946749597113662
1MHP_HL_A|SL23R,1MHP_HL_A,2B2X_HL_A,1,-0.21533228445554778,0.7362769284528935
1MHP_HL_A|SL27Q,1MHP_HL_A,2B2X_HL_A,1,-0.6661127501799707,0.3073393652476165
1MHP_HL_A|SL90Q,1MHP_HL_A,2B2X_HL_A,1,1.7740331740396258,0.5310425370619528
1MHP_HL_A|SL90R,1MHP_HL_A,2B2X_HL_A,1,2.7271210962884025,0.5384688926619643
"1MHP_HL_A|SL90R,NL29E",1MHP_HL_A,2B2X_HL_A,1,2.7271210962884025,0.6014430421952155
1MHP_HL_A|SL90T,1MHP_HL_A,2B2X_HL_A,1,2.3166484703929777,0.5618158824970194
"1MHP_HL_A|TH33E,GH53Q",1MHP_HL_A,2B2X_HL_A,1,1.6674564948287602,0.8943395914779397
"1MHP_HL_A|TH33I,SH52T,GH53N,GH54N",1MHP_HL_A,2B2X_HL_A,1,1.9075675885501273,0.8021187372936315
"1MHP_HL_A|TH33I,SH52T,GH53Q,GH54F",1MHP_HL_A,2B2X_HL_A,1,1.2553133831378882,0.7249965399394996
1MHP_HL_A|TH33N,1MHP_HL_A,2B2X_HL_A,1,2.7271210962884025,0.5428133390494098
1MHP_HL_A|TH33V,1MHP_HL_A,2B2X_HL_A,1,0.43436813134703867,0.6378239765230759
1MHP_HL_A|TH50V,1MHP_HL_A,2B2X_HL_A,1,-0.13159888075338225,1.3094248366630283
"1MHP_HL_A|TH50V,GH102S",1MHP_HL_A,2B2X_HL_A,1,1.6674564948287602,1.3361323469562207
"1MHP_HL_A|TH50V,KH64E",1MHP_HL_A,2B2X_HL_A,1,-0.18051970164681014,1.9675119587121397
"1MHP_HL_A|TH50V,KH64E,SL27Q,NL51E",1MHP_HL_A,2B2X_HL_A,1,-1.2673189798025757,0.8082345104980391
"1MHP_HL_A|TH50V,KH64E,SL27Q,NL51Y",1MHP_HL_A,2B2X_HL_A,1,-1.0844951154182736,0.8100297823843156
"1MHP_HL_A|TH50V,SH35A",1MHP_HL_A,2B2X_HL_A,1,2.0758402761534427,1.538673297120137
"1MHP_HL_A|TH50V,SH35V",1MHP_HL_A,2B2X_HL_A,1,2.7271210962884025,1.4221820253287332
"1MHP_HL_A|TH50V,SL27Q",1MHP_HL_A,2B2X_HL_A,1,-0.6946838891955731,0.9496239999121735
"1MHP_HL_A|TH50V,SL27Q,NL51Y",1MHP_HL_A,2B2X_HL_A,1,-1.0235296952387836,0.8328786729109022
1MHP_HL_A|WL89Q,1MHP_HL_A,2B2X_HL_A,1,2.0758402761534427,1.450771699371321
"1MHP_HL_A|WL89Q,FL32Y",1MHP_HL_A,2B2X_HL_A,1,0.8710190226668973,1.5695786423525104
1MHP_HL_A|YH58E,1MHP_HL_A,2B2X_HL_A,1,2.0758402761534427,1.2535360264052593
1MHP_HL_A|YH58Q,1MHP_HL_A,2B2X_HL_A,1,2.0758402761534427,1.22538312658037
1MHP_HL_A|YH58W,1MHP_HL_A,2B2X_HL_A,1,0.8209452517908494,1.1776444700349662
1MHP_HL_A|YH59E,1MHP_HL_A,2B2X_HL_A,1,0.5440070404059262,0.9731221025134792
1MLC_AB_E|KB65D,1MLC_AB_E,1MLC_AB_E,0,0.018548754628829087,0.2610102486227239
1MLC_AB_E|NA32G,1MLC_AB_E,1MLC_AB_E,0,-0.8773866842543591,0.6306966604189266
"1MLC_AB_E|NA32G,NA92A",1MLC_AB_E,1MLC_AB_E,0,-0.6866530805271789,0.6900779459451801
"1MLC_AB_E|NA32G,NA92A,SB57V,TB58D",1MLC_AB_E,1MLC_AB_E,0,-1.7349737347206144,0.26689736796847763
1MLC_AB_E|NA32Y,1MLC_AB_E,1MLC_AB_E,0,0.0,0.5907104188364292
1MLC_AB_E|NA92A,1MLC_AB_E,1MLC_AB_E,0,-1.2533532306380903,0.8114285485518913
"1MLC_AB_E|NA92A,SB57V,TB58D",1MLC_AB_E,1MLC_AB_E,0,-2.3941878479546888,0.30138993721397006
"1MLC_AB_E|NA92A,TB28D,SB57V,TB58D",1MLC_AB_E,1MLC_AB_E,0,-2.5813643360982774,0.05230514560089213
"1MLC_AB_E|NA92A,TB28D,SB57V,TB58D,EB35S",1MLC_AB_E,1MLC_AB_E,0,1.9061758444975532,0.33020135641569415
"1MLC_AB_E|NA92A,TB28D,SB57V,TB58D,EB35S,GB99D",1MLC_AB_E,1MLC_AB_E,0,-2.95392406092597,0.15355244861292272
"1MLC_AB_E|NA92A,TB28D,SB57V,TB58D,GB99D",1MLC_AB_E,1MLC_AB_E,0,-0.20357697516659604,0.018650530768433336
"1MLC_AB_E|NA92A,TB28D,SB57V,TB58D,NA32L",1MLC_AB_E,1MLC_AB_E,0,-2.5843081043232585,0.11557403295316011
"1MLC_AB_E|NA92A,TB28D,SB57V,TB58D,RB98M,DB100Q",1MLC_AB_E,1MLC_AB_E,0,-0.4104726258954247,-0.17338176605604458
"1MLC_AB_E|NA92A,TB28D,SB57V,TB58D,SA91N",1MLC_AB_E,1MLC_AB_E,0,1.8497344120340433,-0.010840087791137633
"1MLC_AB_E|NA92A,TB28D,SB57V,TB58D,SA91N,SA93A",1MLC_AB_E,1MLC_AB_E,0,-1.6104395649226786,-0.16098204067473804
"1MLC_AB_E|NA92A,TB28D,SB57V,TB58D,SB30G",1MLC_AB_E,1MLC_AB_E,0,-2.358467263084657,-0.09853787095835691
"1MLC_AB_E|NA92A,TB28D,SB57V,TB58D,YB32R,RB98S",1MLC_AB_E,1MLC_AB_E,0,1.8497344120340433,0.11014212256308989
"1MLC_AB_E|NA92A,TB28D,SB57V,TB58D,YB32W,RB98V,DB100Q",1MLC_AB_E,1MLC_AB_E,0,0.36138764606860757,-0.0834754538507284
"1MLC_AB_E|NA92A,TB28D,SB57V,TB58D,YB59E",1MLC_AB_E,1MLC_AB_E,0,-1.4661697780732883,0.16005985846981013
1MLC_AB_E|SB57A,1MLC_AB_E,1MLC_AB_E,0,-0.3790216872364045,0.7395618577182793
1MLC_AB_E|SB57V,1MLC_AB_E,1MLC_AB_E,0,-0.4941806719632372,0.7318266688517213
"1MLC_AB_E|SB57V,TB58D",1MLC_AB_E,1MLC_AB_E,0,-0.9877286049709142,0.3702110458051308
1MLC_AB_E|TB28D,1MLC_AB_E,1MLC_AB_E,0,-0.15094383120912538,0.19611207916261084
1MLC_AB_E|TB31A,1MLC_AB_E,1MLC_AB_E,0,0.44700674445019595,0.40294102846929664
1MLC_AB_E|TB31V,1MLC_AB_E,1MLC_AB_E,0,0.526240423896834,0.43077509696605615
1MLC_AB_E|TB31W,1MLC_AB_E,1MLC_AB_E,0,0.13214267045792708,0.4165184871966867
1MLC_AB_E|TB58D,1MLC_AB_E,1MLC_AB_E,0,-0.5596823802525669,0.4266713620298318
1N8Z_AB_C|DB102W,1N8Z_AB_C,3N85_A_LH,3,-0.713029427445415,0.6264755413290367
1N8Z_AB_C|FC539A,1N8Z_AB_C,3N85_A_LH,3,0.03510282724125267,1.1603262734375752
1N8Z_AB_C|HA91F,1N8Z_AB_C,3N85_A_LH,3,0.034232877175881214,1.3725076908856284
1N8Z_AB_C|LC509A,1N8Z_AB_C,3N85_A_LH,3,-0.023045196667918287,1.0618652486718445
1N8Z_AB_C|NA30S,1N8Z_AB_C,3N85_A_LH,3,0.06666316851255795,1.032782609421665
"1N8Z_AB_C|NA30S,HA91F,YA92W",1N8Z_AB_C,3N85_A_LH,3,-0.07476232571170208,1.745726878763778
"1N8Z_AB_C|NA30S,HA91F,YA92W,TA94S,DB102W,YB105F,YB109V",1N8Z_AB_C,3N85_A_LH,3,0.050661404657741195,1.150829117069357
1N8Z_AB_C|RB50A,1N8Z_AB_C,3N85_A_LH,3,2.975475781131771,1.5450021761747992
1N8Z_AB_C|RB59A,1N8Z_AB_C,3N85_A_LH,3,1.8037988313221698,1.1837453598345677
1N8Z_AB_C|SC535A,1N8Z_AB_C,3N85_A_LH,3,0.03082709154122553,0.9040802474650074
1N8Z_AB_C|TA94S,1N8Z_AB_C,3N85_A_LH,3,0.32168603333138673,0.6209945478770035
1N8Z_AB_C|VC536A,1N8Z_AB_C,3N85_A_LH,3,0.008972699259683727,1.0024066681331334
1N8Z_AB_C|YB105F,1N8Z_AB_C,3N85_A_LH,3,0.8540034498495414,1.0620312614570664
1N8Z_AB_C|YB109V,1N8Z_AB_C,3N85_A_LH,3,0.23192270966597844,1.0105831989461658
1NCA_N_LH|DH101K,1NCA_N_LH,1NMB_N_LH,1,0.7141600193741655,0.859260343393122
1NCA_N_LH|EH100D,1NCA_N_LH,1NMB_N_LH,1,0.4104726258954247,0.7648747742645079
1NCA_N_LH|NH102Q,1NCA_N_LH,1NMB_N_LH,1,0.5426152963533518,0.7064993581687914
1NCA_N_LH|NH31Q,1NCA_N_LH,1NMB_N_LH,1,0.0,0.3950427928635254
1NMB_N_LH|DH57E,1NMB_N_LH,1NMB_N_LH,1,2.9536281894125453,0.8184716523494628
1NMB_N_LH|DH57N,1NMB_N_LH,1NMB_N_LH,1,2.9536281894125453,1.0028259109833062
1NMB_N_LH|LL94V,1NMB_N_LH,1NMB_N_LH,1,0.9000207827996934,0.5640542491815751
1NMB_N_LH|TL93F,1NMB_N_LH,1NMB_N_LH,1,-0.023903161439329516,0.506522063540284
1NMB_N_LH|TL93W,1NMB_N_LH,1NMB_N_LH,1,0.18419003635443576,0.45548089023107513
1NMB_N_LH|YH103A,1NMB_N_LH,1NMB_N_LH,1,2.1406200354352953,1.1638934839922255
1NMB_N_LH|YH105F,1NMB_N_LH,1NMB_N_LH,1,1.419410089682074,0.9287392071990002
1NMB_N_LH|YL32F,1NMB_N_LH,1NMB_N_LH,1,0.46632216743329763,1.5989923930287546
1VFB_AB_C|DB100A,1VFB_AB_C,1MLC_AB_E,0,3.0050019447250693,0.7018496263784763
"1VFB_AB_C|DB100A,SC24A",1VFB_AB_C,1MLC_AB_E,0,3.369755880155747,0.9012145366772001
1VFB_AB_C|DB54A,1VFB_AB_C,1MLC_AB_E,0,0.8151113729778969,1.3371786779166808
"1VFB_AB_C|DB54A,TC118A",1VFB_AB_C,1MLC_AB_E,0,1.2546438671572453,1.2404241560998337
1VFB_AB_C|DB58A,1VFB_AB_C,1MLC_AB_E,0,-0.2070033308494636,1.0709625488394101
1VFB_AB_C|DB58E,1VFB_AB_C,1MLC_AB_E,0,0.07808109446650993,0.9685312270483607
1VFB_AB_C|DB58N,1VFB_AB_C,1MLC_AB_E,0,-0.128181539823849,1.019694762885468
1VFB_AB_C|DC119A,1VFB_AB_C,1MLC_AB_E,0,0.9530879222487765,0.8949416835318886
1VFB_AB_C|DC18A,1VFB_AB_C,1MLC_AB_E,0,0.3401305812353603,0.9238413184313131
1VFB_AB_C|EB98A,1VFB_AB_C,1MLC_AB_E,0,1.1565572172947376,0.8630409657198223
1VFB_AB_C|GB31A,1VFB_AB_C,1MLC_AB_E,0,0.3064653332660626,0.5963348895371661
1VFB_AB_C|GB31E,1VFB_AB_C,1MLC_AB_E,0,-0.5097612734646775,0.4600173847786411
1VFB_AB_C|GB31W,1VFB_AB_C,1MLC_AB_E,0,0.003961130634078032,0.614836141268816
1VFB_AB_C|HA30A,1VFB_AB_C,1MLC_AB_E,0,0.8448825768690336,0.6543406669980357
1VFB_AB_C|IC124A,1VFB_AB_C,1MLC_AB_E,0,1.231417877686274,0.8138977945012973
1VFB_AB_C|KC116A,1VFB_AB_C,1MLC_AB_E,0,0.7134503885860722,0.5385234716936487
1VFB_AB_C|LA46D,1VFB_AB_C,1MLC_AB_E,0,5.628564855384941,0.6991547899940398
1VFB_AB_C|LA46E,1VFB_AB_C,1MLC_AB_E,0,5.628564855384941,0.7343970571876025
1VFB_AB_C|LC129A,1VFB_AB_C,1MLC_AB_E,0,0.17154472302081378,0.773750122610039
1VFB_AB_C|NA31W,1VFB_AB_C,1MLC_AB_E,0,0.17432266280813558,0.5560595562396714
1VFB_AB_C|NB56A,1VFB_AB_C,1MLC_AB_E,0,0.17771798481075002,0.5520118359613755
1VFB_AB_C|NC19A,1VFB_AB_C,1MLC_AB_E,0,0.3960868134899978,0.9281020548440492
1VFB_AB_C|QC121A,1VFB_AB_C,1MLC_AB_E,0,2.876998030722869,0.983111346175851
1VFB_AB_C|RB99A,1VFB_AB_C,1MLC_AB_E,0,-0.09973530603762838,0.8182707384935654
1VFB_AB_C|RB99W,1VFB_AB_C,1MLC_AB_E,0,0.7049741821233699,0.586481361750106
1VFB_AB_C|RB99Y,1VFB_AB_C,1MLC_AB_E,0,1.2353790083203522,0.5482184604709497
1VFB_AB_C|RC125A,1VFB_AB_C,1MLC_AB_E,0,1.8368998430089063,0.5490423255452608
1VFB_AB_C|SA93A,1VFB_AB_C,1MLC_AB_E,0,0.34312394980839533,0.40625520185607333
1VFB_AB_C|SB28D,1VFB_AB_C,1MLC_AB_E,0,0.0,0.2542144631333311
1VFB_AB_C|SB28E,1VFB_AB_C,1MLC_AB_E,0,-0.10400729262936208,0.28359152894012113
1VFB_AB_C|SB28N,1VFB_AB_C,1MLC_AB_E,0,0.1439474498251202,0.42817695064534955
1VFB_AB_C|SB28Q,1VFB_AB_C,1MLC_AB_E,0,0.07808109446650993,0.36653320347610907
1VFB_AB_C|SC24A,1VFB_AB_C,1MLC_AB_E,0,0.8509650460445002,0.8887025787568985
1VFB_AB_C|TA52F,1VFB_AB_C,1MLC_AB_E,0,0.4708751889930125,0.4605343974331493
1VFB_AB_C|TA53R,1VFB_AB_C,1MLC_AB_E,0,1.645851634215777,0.5487253802676725
1VFB_AB_C|TB30A,1VFB_AB_C,1MLC_AB_E,0,-0.05584954153787288,0.31987420839540104
1VFB_AB_C|TC118A,1VFB_AB_C,1MLC_AB_E,0,0.7650957102529766,0.5584763160990811
1VFB_AB_C|VC120A,1VFB_AB_C,1MLC_AB_E,0,0.9169498980161721,0.6829545202305071
1VFB_AB_C|WA92A,1VFB_AB_C,1MLC_AB_E,0,3.037848048911349,1.0050042549339613
"1VFB_AB_C|WA92A,IC124A",1VFB_AB_C,1MLC_AB_E,0,3.850333628594933,0.9726167507835717
"1VFB_AB_C|WA92A,LC129A",1VFB_AB_C,1MLC_AB_E,0,3.30736277124513,1.0295605610902905
"1VFB_AB_C|WA92A,QC121A",1VFB_AB_C,1MLC_AB_E,0,3.518936533708353,1.1352949216409889
"1VFB_AB_C|WA92A,RC125A",1VFB_AB_C,1MLC_AB_E,0,3.3932895790759905,0.939383830173572
1VFB_AB_C|WB52A,1VFB_AB_C,1MLC_AB_E,0,0.6406273632230096,1.7580693014319417
"1VFB_AB_C|WB52A,DC119A",1VFB_AB_C,1MLC_AB_E,0,2.247372468904331,1.4061900092083275
1VFB_AB_C|YA32A,1VFB_AB_C,1MLC_AB_E,0,1.528133495811876,0.8299854573283547
"1VFB_AB_C|YA32A,IC124A",1VFB_AB_C,1MLC_AB_E,0,2.905715745688272,0.9135417600492991
"1VFB_AB_C|YA32A,QC121A",1VFB_AB_C,1MLC_AB_E,0,1.586040962043826,1.0618818745097538
1VFB_AB_C|YA32W,1VFB_AB_C,1MLC_AB_E,0,5.628564855384941,0.793890157100756
1VFB_AB_C|YA49A,1VFB_AB_C,1MLC_AB_E,0,0.7975415796196004,0.9675613149676159
1VFB_AB_C|YA50A,1VFB_AB_C,1MLC_AB_E,0,0.4560860156563757,0.9715399375026528
"1VFB_AB_C|YA50A,DC119A",1VFB_AB_C,1MLC_AB_E,0,1.231417877686274,1.0867660981237959
"1VFB_AB_C|YA50A,DC18A",1VFB_AB_C,1MLC_AB_E,0,1.2659239571979675,1.3222125995684224
1VFB_AB_C|YA50K,1VFB_AB_C,1MLC_AB_E,0,1.7156011957630868,1.1011022154057868
1VFB_AB_C|YA50R,1VFB_AB_C,1MLC_AB_E,0,0.8443240833898595,1.1644747352261644
1VFB_AB_C|YB101F,1VFB_AB_C,1MLC_AB_E,0,1.2695644421463013,0.7869288671748101
"1VFB_AB_C|YB101F,DC119A",1VFB_AB_C,1MLC_AB_E,0,2.7365210844765877,1.0115960905388353
"1VFB_AB_C|YB101F,VC120A",1VFB_AB_C,1MLC_AB_E,0,2.538477771723654,0.8602326770387363
1VFB_AB_C|YB32A,1VFB_AB_C,1MLC_AB_E,0,0.7916793338041777,0.8053810830964652
"1VFB_AB_C|YB32A,KC116A",1VFB_AB_C,1MLC_AB_E,0,1.586040962043826,0.7633270888945528
1VFB_AB_C|YB32E,1VFB_AB_C,1MLC_AB_E,0,1.9021880393821837,0.7702335698643539
1VFB_AB_C|YC23A,1VFB_AB_C,1MLC_AB_E,0,0.4104726258954247,0.9544357702474873
1XGP_AB_C|AB33F,1XGP_AB_C,1MLC_AB_E,0,-4.060661850178953,0.8927393924268168
1XGP_AB_C|AB33I,1XGP_AB_C,1MLC_AB_E,0,-2.260207037929468,0.8869904701432593
1XGP_AB_C|AB33L,1XGP_AB_C,1MLC_AB_E,0,-2.1988916123404776,0.8472494779331976
1XGP_AB_C|AB33V,1XGP_AB_C,1MLC_AB_E,0,-1.152579268793733,0.8092655569291796
1XGQ_AB_C|VB33A,1XGQ_AB_C,1MLC_AB_E,0,1.152579268793733,0.766019169072032
1XGQ_AB_C|VB33F,1XGQ_AB_C,1MLC_AB_E,0,-2.90808258138522,0.7675086671364769
1XGQ_AB_C|VB33I,1XGQ_AB_C,1MLC_AB_E,0,-1.107627769135735,0.8605266023724933
1XGQ_AB_C|VB33L,1XGQ_AB_C,1MLC_AB_E,0,-1.0463123435467445,0.7843937500961176
1XGR_AB_C|IB33A,1XGR_AB_C,1MLC_AB_E,0,2.260207037929468,0.8293142820546011
1XGR_AB_C|IB33F,1XGR_AB_C,1MLC_AB_E,0,-1.8004548122494848,0.8333714882056837
1XGR_AB_C|IB33L,1XGR_AB_C,1MLC_AB_E,0,0.06131542558899044,0.7552912141246998
1XGR_AB_C|IB33V,1XGR_AB_C,1MLC_AB_E,0,1.107627769135735,0.8791807999347141
1XGT_AB_C|LB33A,1XGT_AB_C,1MLC_AB_E,0,2.1988916123404776,0.8448543166132212
1XGT_AB_C|LB33F,1XGT_AB_C,1MLC_AB_E,0,-1.8617702378384753,0.9168669705070742
1XGT_AB_C|LB33I,1XGT_AB_C,1MLC_AB_E,0,-0.06131542558899042,0.789979405495964
1XGT_AB_C|LB33V,1XGT_AB_C,1MLC_AB_E,0,1.0463123435467445,0.8166168273298791
1XGU_AB_C|FB33A,1XGU_AB_C,1MLC_AB_E,0,4.060661850178953,1.0306209055169018
1XGU_AB_C|FB33I,1XGU_AB_C,1MLC_AB_E,0,1.8004548122494848,0.8915972058398689
1XGU_AB_C|FB33L,1XGU_AB_C,1MLC_AB_E,0,1.8617702378384755,0.9026438349347294
1XGU_AB_C|FB33V,1XGU_AB_C,1MLC_AB_E,0,2.90808258138522,0.9528724868724079
1YQV_HL_Y|RY45K,1YQV_HL_Y,1MLC_AB_E,0,1.8995041181971384,1.0320159100963804
"1YQV_HL_Y|RY68K,TY40S,IY55V,SY91T",1YQV_HL_Y,1MLC_AB_E,0,5.102064480538421,1.1285729557285538
"1YQV_HL_Y|RY68K,TY40S,IY55V,SY91T,QY121H",1YQV_HL_Y,1MLC_AB_E,0,0.0,0.8904737106757935
1YY9_CD_A|AC25P,1YY9_CD_A,3N85_A_LH,3,0.07225564578596554,0.7526633420749034
1YY9_CD_A|AD98P,1YY9_CD_A,3N85_A_LH,3,1.0372273144190718,1.0810788991980702
1YY9_CD_A|GD54P,1YY9_CD_A,3N85_A_LH,3,0.268070446865105,0.998388848347262
1YY9_CD_A|LD29P,1YY9_CD_A,3N85_A_LH,3,0.03082709154122553,0.886399841174632
1YY9_CD_A|NC93A,1YY9_CD_A,3N85_A_LH,3,-0.7418697207820053,0.881341489997064
1YY9_CD_A|ND56A,1YY9_CD_A,3N85_A_LH,3,-0.05704601324271959,0.9593038332687269
1YY9_CD_A|SC26D,1YY9_CD_A,3N85_A_LH,3,-0.1992544244286536,0.47896796834110406
"1YY9_CD_A|SC26D,TC31E,NC93A",1YY9_CD_A,3N85_A_LH,3,-1.3329436755692583,0.5063114179985645
"1YY9_CD_A|SC26D,TC31E,NC93A,ND56A,TD61E",1YY9_CD_A,3N85_A_LH,3,-0.6517934990401933,0.3174446551271387
1YY9_CD_A|SC26P,1YY9_CD_A,3N85_A_LH,3,-0.009110746191202215,0.6971105216700966
1YY9_CD_A|SC28P,1YY9_CD_A,3N85_A_LH,3,-0.22229962109657186,0.5076861632454809
1YY9_CD_A|SC54P,1YY9_CD_A,3N85_A_LH,3,-0.01836385353984238,0.5841670699343077
1YY9_CD_A|SD53P,1YY9_CD_A,3N85_A_LH,3,0.8175451267267861,0.8169831573884851
1YY9_CD_A|TC31E,1YY9_CD_A,3N85_A_LH,3,-0.5189246643934198,0.9684507734185416
"1YY9_CD_A|TC31E,NC93A",1YY9_CD_A,3N85_A_LH,3,-0.8185330821753881,1.317367053145854
1YY9_CD_A|TC96P,1YY9_CD_A,3N85_A_LH,3,4.003150803737542,0.7539979829728058
1YY9_CD_A|TD61E,1YY9_CD_A,3N85_A_LH,3,-0.05704601324271959,0.22363261984706811
1YY9_CD_A|WD52P,1YY9_CD_A,3N85_A_LH,3,1.4782712091913073,1.7944547587860513
1YY9_CD_A|YD101P,1YY9_CD_A,3N85_A_LH,3,1.6514195080225473,1.2347044549385664
2B2X_HL_A|EH64K,2B2X_HL_A,2B2X_HL_A,1,-0.03343366436022903,1.2186523997886711
"2B2X_HL_A|EH64K,QL28S,YL52N",2B2X_HL_A,2B2X_HL_A,1,0.9116150289267015,1.2518838674222774
"2B2X_HL_A|EH64K,QL28S,YL52N,GH102S",2B2X_HL_A,2B2X_HL_A,1,2.7106704045088437,1.0937142650498488
"2B2X_HL_A|EH64K,QL28S,YL52N,SH35A",2B2X_HL_A,2B2X_HL_A,1,3.119054185833526,1.3425434187628023
"2B2X_HL_A|EH64K,QL28S,YL52N,SH35V",2B2X_HL_A,2B2X_HL_A,1,3.7703350059684864,1.094431825902847
"2B2X_HL_A|EH64K,YL52N",2B2X_HL_A,2B2X_HL_A,1,0.3485300204845106,1.3810861266685506
"2B2X_HL_A|QL28S,YL52N",2B2X_HL_A,2B2X_HL_A,1,0.8626942080332736,0.977836368378642
2B2X_HL_A|VH50T,2B2X_HL_A,2B2X_HL_A,1,0.02405465220234371,1.3633784073912367
"2B2X_HL_A|VH50T,EH64D,QL28S,YL52N",2B2X_HL_A,2B2X_HL_A,1,0.8717719502019275,1.2341160771401773
"2B2X_HL_A|VH50T,EH64K,QL28S",2B2X_HL_A,2B2X_HL_A,1,0.9915890205784184,1.47895508166307
"2B2X_HL_A|VH50T,EH64K,QL28S,YL52D",2B2X_HL_A,2B2X_HL_A,1,1.5439764274700263,1.324596993650321
"2B2X_HL_A|VH50T,EH64K,QL28S,YL52E",2B2X_HL_A,2B2X_HL_A,1,0.9545290386622024,1.36906850379246
"2B2X_HL_A|VH50T,EH64K,QL28S,YL52K",2B2X_HL_A,2B2X_HL_A,1,1.7007238699118865,1.4000259434127487
"2B2X_HL_A|VH50T,EH64K,QL28S,YL52N",2B2X_HL_A,2B2X_HL_A,1,1.0432139096800839,1.41474242031899
"2B2X_HL_A|VH50T,EH64K,QL28S,YL52N,FH99W",2B2X_HL_A,2B2X_HL_A,1,1.0432139096800839,1.1713350529526687
"2B2X_HL_A|VH50T,EH64K,QL28S,YL52N,FH99Y",2B2X_HL_A,2B2X_HL_A,1,1.7978828463716163,1.2234436904185408
"2B2X_HL_A|VH50T,EH64K,QL28S,YL52N,GH100F",2B2X_HL_A,2B2X_HL_A,1,1.4322318795865052,1.0987795343662767
"2B2X_HL_A|VH50T,EH64K,QL28S,YL52N,GH100L",2B2X_HL_A,2B2X_HL_A,1,3.7703350059684864,1.157872114513931
"2B2X_HL_A|VH50T,EH64K,QL28S,YL52N,GH100M",2B2X_HL_A,2B2X_HL_A,1,1.1453479328255054,1.1719385641988782
"2B2X_HL_A|VH50T,EH64K,QL28S,YL52N,GH100S",2B2X_HL_A,2B2X_HL_A,1,1.6009613999641688,1.191739118034538
"2B2X_HL_A|VH50T,EH64K,QL28S,YL52N,GH53A",2B2X_HL_A,2B2X_HL_A,1,1.55582055872093,1.4318301157785327
"2B2X_HL_A|VH50T,EH64K,QL28S,YL52N,GH53N",2B2X_HL_A,2B2X_HL_A,1,2.298527292817972,1.3876138467795534
"2B2X_HL_A|VH50T,EH64K,QL28S,YL52N,GH53S",2B2X_HL_A,2B2X_HL_A,1,1.7188073153627723,1.3692246547223892
"2B2X_HL_A|VH50T,EH64K,QL28S,YL52N,GH54I",2B2X_HL_A,2B2X_HL_A,1,2.4067744578242847,1.143076001126825
"2B2X_HL_A|VH50T,EH64K,QL28S,YL52N,GH54T",2B2X_HL_A,2B2X_HL_A,1,2.207380678924627,1.2146350675892938
"2B2X_HL_A|VH50T,EH64K,QL28S,YL52N,GH54Y",2B2X_HL_A,2B2X_HL_A,1,1.0432139096800839,1.043050871005083
"2B2X_HL_A|VH50T,EH64K,QL28S,YL52N,GL92Q",2B2X_HL_A,2B2X_HL_A,1,2.6158988910929297,0.95014539619791
"2B2X_HL_A|VH50T,EH64K,QL28S,YL52N,GL92S",2B2X_HL_A,2B2X_HL_A,1,1.55582055872093,0.9061926671995048
"2B2X_HL_A|VH50T,EH64K,QL28S,YL52N,HL31K",2B2X_HL_A,2B2X_HL_A,1,2.207380678924627,1.1192796687697653
"2B2X_HL_A|VH50T,EH64K,QL28S,YL52N,HL31R",2B2X_HL_A,2B2X_HL_A,1,2.167011606877905,1.2070730252224604
"2B2X_HL_A|VH50T,EH64K,QL28S,YL52N,HL31W",2B2X_HL_A,2B2X_HL_A,1,2.298527292817972,1.096900350745557
"2B2X_HL_A|VH50T,EH64K,QL28S,YL52N,LH60D",2B2X_HL_A,2B2X_HL_A,1,0.981893992995089,1.416184851696489
"2B2X_HL_A|VH50T,EH64K,QL28S,YL52N,LL49F",2B2X_HL_A,2B2X_HL_A,1,1.7554936376893253,1.5070835523782418
"2B2X_HL_A|VH50T,EH64K,QL28S,YL52N,LL49K",2B2X_HL_A,2B2X_HL_A,1,1.9044148380673935,1.5784259577758515
"2B2X_HL_A|VH50T,EH64K,QL28S,YL52N,LL49W",2B2X_HL_A,2B2X_HL_A,1,2.950781498230211,1.6050778273854325
"2B2X_HL_A|VH50T,EH64K,QL28S,YL52N,NL30V",2B2X_HL_A,2B2X_HL_A,1,2.0925434002704857,1.154626567659309
"2B2X_HL_A|VH50T,EH64K,QL28S,YL52N,NL30W",2B2X_HL_A,2B2X_HL_A,1,2.6158988910929297,1.061610653813831
"2B2X_HL_A|VH50T,EH64K,QL28S,YL52N,NL30Y",2B2X_HL_A,2B2X_HL_A,1,2.950781498230211,1.018374153098893
"2B2X_HL_A|VH50T,EH64K,QL28S,YL52N,NL30Y,SL91I",2B2X_HL_A,2B2X_HL_A,1,1.4775820410271223,0.708697783560434
"2B2X_HL_A|VH50T,EH64K,QL28S,YL52N,RH31Q",2B2X_HL_A,2B2X_HL_A,1,2.3505419955994196,1.1315431943672787
"2B2X_HL_A|VH50T,EH64K,QL28S,YL52N,SH35A",2B2X_HL_A,2B2X_HL_A,1,2.6158988910929297,1.4432570422331001
"2B2X_HL_A|VH50T,EH64K,QL28S,YL52N,SH35A,GH102S",2B2X_HL_A,2B2X_HL_A,1,2.6158988910929297,0.9018763291348584
"2B2X_HL_A|VH50T,EH64K,QL28S,YL52N,SH35Q",2B2X_HL_A,2B2X_HL_A,1,3.7703350059684864,1.2362280050680905
"2B2X_HL_A|VH50T,EH64K,QL28S,YL52N,SH35V,GH102S",2B2X_HL_A,2B2X_HL_A,1,2.468888824992029,0.9524458072480904
"2B2X_HL_A|VH50T,EH64K,QL28S,YL52N,SH52M",2B2X_HL_A,2B2X_HL_A,1,3.119054185833526,1.224096747620598
"2B2X_HL_A|VH50T,EH64K,QL28S,YL52N,SL24R",2B2X_HL_A,2B2X_HL_A,1,0.827881625224536,1.4238045364610525
"2B2X_HL_A|VH50T,EH64K,QL28S,YL52N,SL91Q",2B2X_HL_A,2B2X_HL_A,1,2.8172470837197094,1.0054673888357963
"2B2X_HL_A|VH50T,EH64K,QL28S,YL52N,SL91R",2B2X_HL_A,2B2X_HL_A,1,3.7703350059684864,0.9740828719605769
"2B2X_HL_A|VH50T,EH64K,QL28S,YL52N,SL91R,NL30E",2B2X_HL_A,2B2X_HL_A,1,3.7703350059684864,0.6201942029065578
"2B2X_HL_A|VH50T,EH64K,QL28S,YL52N,SL91T",2B2X_HL_A,2B2X_HL_A,1,3.3598623800730616,0.9817637552872429
"2B2X_HL_A|VH50T,EH64K,QL28S,YL52N,TH33E,GH53Q",2B2X_HL_A,2B2X_HL_A,1,2.7106704045088437,0.9440075254457743
"2B2X_HL_A|VH50T,EH64K,QL28S,YL52N,TH33I,SH52T,GH53N,GH54N",2B2X_HL_A,2B2X_HL_A,1,2.950781498230211,0.515821426088735
"2B2X_HL_A|VH50T,EH64K,QL28S,YL52N,TH33I,SH52T,GH53Q,GH54F",2B2X_HL_A,2B2X_HL_A,1,2.298527292817972,0.41829669941528286
"2B2X_HL_A|VH50T,EH64K,QL28S,YL52N,TH33N",2B2X_HL_A,2B2X_HL_A,1,3.7703350059684864,1.245857447680739
"2B2X_HL_A|VH50T,EH64K,QL28S,YL52N,TH33V",2B2X_HL_A,2B2X_HL_A,1,1.4775820410271223,1.160481712298153
"2B2X_HL_A|VH50T,EH64K,QL28S,YL52N,WL90Q",2B2X_HL_A,2B2X_HL_A,1,3.119054185833526,1.3807912820994344
"2B2X_HL_A|VH50T,EH64K,QL28S,YL52N,WL90Q,FL33Y",2B2X_HL_A,2B2X_HL_A,1,1.914232932346981,1.0115823143155027
"2B2X_HL_A|VH50T,EH64K,QL28S,YL52N,YH58E",2B2X_HL_A,2B2X_HL_A,1,3.119054185833526,1.3442373912969634
"2B2X_HL_A|VH50T,EH64K,QL28S,YL52N,YH58Q",2B2X_HL_A,2B2X_HL_A,1,3.119054185833526,1.274056358301625
"2B2X_HL_A|VH50T,EH64K,QL28S,YL52N,YH58W",2B2X_HL_A,2B2X_HL_A,1,1.8641591614709332,1.294360138842364
"2B2X_HL_A|VH50T,EH64K,QL28S,YL52N,YH59E",2B2X_HL_A,2B2X_HL_A,1,1.5872209500860097,1.384017526680712
"2B2X_HL_A|VH50T,EH64K,QL28S,YL52R",2B2X_HL_A,2B2X_HL_A,1,1.888054666922547,1.3162099007755583
"2B2X_HL_A|VH50T,EH64K,YL52N",2B2X_HL_A,2B2X_HL_A,1,0.28173435763652294,1.8975234602489028
"2B2X_HL_A|VH50T,EH64N,QL28S,YL52N",2B2X_HL_A,2B2X_HL_A,1,1.0069424592842302,1.4372565120133483
"2B2X_HL_A|VH50T,EH64Q,QL28S,YL52N",2B2X_HL_A,2B2X_HL_A,1,0.9655992405584216,1.371482329101245
"2B2X_HL_A|VH50T,EH64Q,QL28S,YL52N,LH60D",2B2X_HL_A,2B2X_HL_A,1,1.086203251269416,1.499780003886363
"2B2X_HL_A|VH50T,QL28S,YL52N",2B2X_HL_A,2B2X_HL_A,1,0.9655992405584216,1.2593126655497706
"2B2X_HL_A|VH50T,QL28S,YL52N,LH60D",2B2X_HL_A,2B2X_HL_A,1,0.901413419473541,1.127561012946641
"2B2X_HL_A|VH50T,YL52N",2B2X_HL_A,2B2X_HL_A,1,0.18636755577293287,1.617289529128812
2B2X_HL_A|YL52E,2B2X_HL_A,2B2X_HL_A,1,-0.22410507012249184,0.5768304146881931
2BDN_HL_A|DH31E,2BDN_HL_A,2BDN_HL_A,2,1.0852305927067036,0.6097988866683732
2BDN_HL_A|LH27K,2BDN_HL_A,2BDN_HL_A,2,0.8740123912399325,0.9647207954260376
2BDN_HL_A|LH27R,2BDN_HL_A,2BDN_HL_A,2,0.650583719616792,0.9812235552237106
2BDN_HL_A|NH28D,2BDN_HL_A,2BDN_HL_A,2,0.13214267045792708,0.3997758208351196
2BDN_HL_A|NH28Q,2BDN_HL_A,2BDN_HL_A,2,1.3994616502605026,0.5795624232862704
2BDN_HL_A|NL31K,2BDN_HL_A,2BDN_HL_A,2,3.4897714342222113,0.8071180811991822
2BDN_HL_A|NL31R,2BDN_HL_A,2BDN_HL_A,2,-0.917186820132475,0.8160927614963192
2BDN_HL_A|SL53D,2BDN_HL_A,2BDN_HL_A,2,-0.16057309738499756,0.4263466258299297
2BDN_HL_A|SL53E,2BDN_HL_A,2BDN_HL_A,2,-0.8513204647738647,0.3710162882382385
2BDN_HL_A|TL56D,2BDN_HL_A,2BDN_HL_A,2,-0.42546549814058404,0.428865869933175
2BDN_HL_A|TL56E,2BDN_HL_A,2BDN_HL_A,2,-0.6888025813329224,0.4299027589499577
2BDN_HL_A|YL30K,2BDN_HL_A,2BDN_HL_A,2,0.6747579668112789,1.011020246129399
2JEL_LH_P|AP82S,2JEL_LH_P,2JEL_LH_P,2,0.0,0.6378743851928808
2JEL_LH_P|DP69E,2JEL_LH_P,2JEL_LH_P,2,0.9530879222487765,0.9444380985643477
2JEL_LH_P|EP5D,2JEL_LH_P,2JEL_LH_P,2,0.4104726258954247,0.7033631049714466
2JEL_LH_P|EP5Q,2JEL_LH_P,2JEL_LH_P,2,0.7129768285274093,0.8813946995562507
2JEL_LH_P|EP66K,2JEL_LH_P,2JEL_LH_P,2,4.090681644432603,1.1109472012111519
2JEL_LH_P|EP68A,2JEL_LH_P,2JEL_LH_P,2,0.4104726258954247,1.1273490314252104
2JEL_LH_P|EP70A,2JEL_LH_P,2JEL_LH_P,2,2.7271210962884025,1.5957530455567064
2JEL_LH_P|EP70K,2JEL_LH_P,2JEL_LH_P,2,4.090681644432603,1.3429275005135626
2JEL_LH_P|EP75R,2JEL_LH_P,2JEL_LH_P,2,2.7271210962884025,0.9412092134845332
2JEL_LH_P|EP83A,2JEL_LH_P,2JEL_LH_P,2,0.0,0.8873889185625484
2JEL_LH_P|EP85A,2JEL_LH_P,2JEL_LH_P,2,0.0,1.0810610374677219
2JEL_LH_P|EP85D,2JEL_LH_P,2JEL_LH_P,2,0.0,0.7507751331292317
2JEL_LH_P|EP85K,2JEL_LH_P,2JEL_LH_P,2,0.0,0.880796161620186
2JEL_LH_P|EP85Q,2JEL_LH_P,2JEL_LH_P,2,0.0,0.976921481269695
2JEL_LH_P|FP2W,2JEL_LH_P,2JEL_LH_P,2,2.619152673024962,1.2574272002899909
2JEL_LH_P|FP2Y,2JEL_LH_P,2JEL_LH_P,2,0.0,1.151859856729737
2JEL_LH_P|HP76A,2JEL_LH_P,2JEL_LH_P,2,-0.4104726258954247,1.2102463348261197
2JEL_LH_P|HP76D,2JEL_LH_P,2JEL_LH_P,2,-0.6505837196167918,1.0565329282209874
2JEL_LH_P|KP24E,2JEL_LH_P,2JEL_LH_P,2,0.0,0.8180487864579811
2JEL_LH_P|KP27E,2JEL_LH_P,2JEL_LH_P,2,0.0,0.7406554139806223
2JEL_LH_P|KP72E,2JEL_LH_P,2JEL_LH_P,2,0.4104726258954247,1.0287737131321253
2JEL_LH_P|KP72R,2JEL_LH_P,2JEL_LH_P,2,0.0,1.0557427573333378
2JEL_LH_P|KP79E,2JEL_LH_P,2JEL_LH_P,2,0.4104726258954247,0.5177791402096034
2JEL_LH_P|NP12D,2JEL_LH_P,2JEL_LH_P,2,0.0,0.5347199442233354
2JEL_LH_P|NP38T,2JEL_LH_P,2JEL_LH_P,2,0.0,0.7495130821099332
2JEL_LH_P|PP11E,2JEL_LH_P,2JEL_LH_P,2,0.0,0.7503462450007468
2JEL_LH_P|QP3K,2JEL_LH_P,2JEL_LH_P,2,4.090681644432603,1.1306794551221653
2JEL_LH_P|QP4K,2JEL_LH_P,2JEL_LH_P,2,1.3635605481442012,1.185344065866853
2JEL_LH_P|QP57E,2JEL_LH_P,2JEL_LH_P,2,-0.4104726258954247,0.7447986740624457
2JEL_LH_P|QP71E,2JEL_LH_P,2JEL_LH_P,2,2.7271210962884025,1.025440331136527
2JEL_LH_P|RP17G,2JEL_LH_P,2JEL_LH_P,2,0.0,1.1349659458303165
2JEL_LH_P|RP17K,2JEL_LH_P,2JEL_LH_P,2,0.0,1.0544247868904204
2JEL_LH_P|SP41C,2JEL_LH_P,2JEL_LH_P,2,1.4957032186021284,0.5627610225192275
2JEL_LH_P|SP43C,2JEL_LH_P,2JEL_LH_P,2,0.0,0.6457181718333811
2JEL_LH_P|SP46C,2JEL_LH_P,2JEL_LH_P,2,0.0,0.8519076334967904
2JEL_LH_P|SP64T,2JEL_LH_P,2JEL_LH_P,2,4.090681644432603,0.7384342194133621
2JEL_LH_P|TP34N,2JEL_LH_P,2JEL_LH_P,2,6.817802740721006,0.9052059673257047
2JEL_LH_P|TP34Q,2JEL_LH_P,2JEL_LH_P,2,0.0,0.8002235748877347
2JEL_LH_P|TP36Q,2JEL_LH_P,2JEL_LH_P,2,0.4104726258954247,0.9510218695839067
2JEL_LH_P|TP62A,2JEL_LH_P,2JEL_LH_P,2,0.0,0.786769641195258
2JEL_LH_P|TP62N,2JEL_LH_P,2JEL_LH_P,2,0.0,0.6489115265054473
2JEL_LH_P|TP7N,2JEL_LH_P,2JEL_LH_P,2,0.4104726258954247,0.7080923422880326
2JEL_LH_P|TP7S,2JEL_LH_P,2JEL_LH_P,2,0.0,0.6330214360134707
2JEL_LH_P|VP6F,2JEL_LH_P,2JEL_LH_P,2,0.0,0.6263076639664024
"2NY7_HL_G|CG27I,CG226Q",2NY7_HL_G,4JPK_HL_A,2,0.19971906691761454,0.9864110574642845
"2NY7_HL_G|CG27I,CG226Q,MG231A",2NY7_HL_G,4JPK_HL_A,2,0.20319231336560759,1.2363130939329512
"2NY7_HL_G|GG229C,MG231A",2NY7_HL_G,4JPK_HL_A,2,-0.37879733155203865,1.207981928822961
"2NY7_HL_G|GG229C,WG13M,MG231A,CG14W,CG110V,CG27I,CG226Q",2NY7_HL_G,4JPK_HL_A,2,0.21462484646141824,1.47001368199661
"2NY7_HL_G|KG66C,EG102C,CG27I,CG226Q",2NY7_HL_G,4JPK_HL_A,2,0.040856669292713595,1.3006646962057655
"2NY7_HL_G|KG66C,EG102C,WG13M,MG231A,CG14W,CG110V,CG27I,CG226Q",2NY7_HL_G,4JPK_HL_A,2,0.3998023043882078,1.2194600904090713
"2NY7_HL_G|KG66C,EG103C,WG13M,MG231A,CG14W,CG110V,CG27I,CG226Q",2NY7_HL_G,4JPK_HL_A,2,0.29989544589412276,1.3072976651010446
"2NY7_HL_G|WG13M,MG231A,CG14W,CG110V",2NY7_HL_G,4JPK_HL_A,2,1.157433472243309,1.3116979796697739
"2NY7_HL_G|WG13M,MG231A,CG14W,CG110V,CG27I,CG226Q",2NY7_HL_G,4JPK_HL_A,2,0.4490472622223162,1.3171769569072342
"2NY7_HL_G|WG13M,MG231A,CG14W,CG110V,KG66C,EG102C",2NY7_HL_G,4JPK_HL_A,2,0.5510152502676315,1.5267507811675753
"2NY7_HL_G|WG13M,SG92T,WG181S,MG231A,CG14W,CG110V,CG27I,CG226Q",2NY7_HL_G,4JPK_HL_A,2,-0.30358978831051725,1.410602475972573
2NYY_DC_A|DA1030A,2NYY_DC_A,2NZ9_DC_A,3,0.009336901019136961,1.1760858143237756
2NYY_DC_A|DA1034A,2NYY_DC_A,2NZ9_DC_A,3,2.529793700530561,0.890760253849982
2NYY_DC_A|DC30Y,2NYY_DC_A,2NZ9_DC_A,3,0.6411356056066428,0.8461901937263563
2NYY_DC_A|EA892A,2NYY_DC_A,2NZ9_DC_A,3,2.8391321834589025,0.8996227395815418
2NYY_DC_A|ED5Q,2NYY_DC_A,2NZ9_DC_A,3,-0.24798711254574146,1.191267608701894
2NYY_DC_A|FA889A,2NYY_DC_A,2NZ9_DC_A,3,0.41936592725470756,1.21893523737962
2NYY_DC_A|FA925A,2NYY_DC_A,2NZ9_DC_A,3,4.058502782107726,1.2060224852434962
2NYY_DC_A|HA1036A,2NYY_DC_A,2NZ9_DC_A,3,7.319429110408094,1.038679348653023
2NYY_DC_A|HC34R,2NYY_DC_A,2NZ9_DC_A,3,0.1008846879181937,0.8130355675223827
2NYY_DC_A|IA928A,2NYY_DC_A,2NZ9_DC_A,3,-0.00948750267485315,0.9949951445891664
2NYY_DC_A|KA1028A,2NYY_DC_A,2NZ9_DC_A,3,-0.02893431226102725,1.1183542776914703
2NYY_DC_A|KA875A,2NYY_DC_A,2NZ9_DC_A,3,0.2909864704092658,0.8015717955583466
2NYY_DC_A|KA895A,2NYY_DC_A,2NZ9_DC_A,3,-0.1401458362723315,1.0964305118882898
2NYY_DC_A|KD29R,2NYY_DC_A,2NZ9_DC_A,3,0.07138596261504455,0.6332573298470063
"2NYY_DC_A|KD29S,YD30D,DD31H,SD60P",2NYY_DC_A,2NZ9_DC_A,3,0.04961051048601239,1.4600996578230832
2NYY_DC_A|LA891A,2NYY_DC_A,2NZ9_DC_A,3,2.589210614438516,1.1617263008419765
2NYY_DC_A|MD33Q,2NYY_DC_A,2NZ9_DC_A,3,-0.05986984428276218,1.0253153819332537
2NYY_DC_A|NA890A,2NYY_DC_A,2NZ9_DC_A,3,0.8904404700136017,1.1588678007183315
2NYY_DC_A|NA926A,2NYY_DC_A,2NZ9_DC_A,3,0.09934821578571114,1.0459778005707987
2NYY_DC_A|QA887A,2NYY_DC_A,2NZ9_DC_A,3,0.5208144871575424,1.1364449857615226
2NYY_DC_A|RA1033A,2NYY_DC_A,2NZ9_DC_A,3,0.8201225284157174,0.9504965220827324
2NYY_DC_A|RA1266A,2NYY_DC_A,2NZ9_DC_A,3,0.2995320795063985,1.305872182410226
2NYY_DC_A|SA874A,2NYY_DC_A,2NZ9_DC_A,3,-0.2303217484653839,0.8480102623586835
2NYY_DC_A|SA927A,2NYY_DC_A,2NZ9_DC_A,3,0.0,0.7739590384180624
2NYY_DC_A|SC28Q,2NYY_DC_A,2NZ9_DC_A,3,0.41338278690971186,0.5805669150581861
2NYY_DC_A|SC31N,2NYY_DC_A,2NZ9_DC_A,3,-0.35338264247069057,0.7799887752027528
2NYY_DC_A|TA1035A,2NYY_DC_A,2NZ9_DC_A,3,1.6308711042288015,0.7156765228906762
2NYY_DC_A|VD36I,2NYY_DC_A,2NZ9_DC_A,3,-0.21317148364697505,0.9821595869815476
"2NYY_DC_A|VD36I,ED5Q",2NYY_DC_A,2NZ9_DC_A,3,-0.0490460974438906,1.4771077917783606
2NYY_DC_A|YD30D,2NYY_DC_A,2NZ9_DC_A,3,0.06462482595019871,0.9633539311211325
2NYY_DC_A|YD30Q,2NYY_DC_A,2NZ9_DC_A,3,0.12897443721085042,1.0522095177783066
2NYY_DC_A|YD56Q,2NYY_DC_A,2NZ9_DC_A,3,0.5196862021307793,0.9744977536633751
2NZ9_DC_A|DA1030A,2NZ9_DC_A,2NZ9_DC_A,3,-0.031082603509837065,1.1570750699376269
2NZ9_DC_A|DA1034A,2NZ9_DC_A,2NZ9_DC_A,3,2.339603241477582,0.8821488050355983
2NZ9_DC_A|EA892A,2NZ9_DC_A,2NZ9_DC_A,3,2.7703599651357016,0.8997147619639178
2NZ9_DC_A|FA889A,2NZ9_DC_A,2NZ9_DC_A,3,-0.04961051048601243,1.214344720893231
2NZ9_DC_A|FA925A,2NZ9_DC_A,2NZ9_DC_A,3,3.3404390655451,1.1997192963647825
2NZ9_DC_A|HA1036A,2NZ9_DC_A,2NZ9_DC_A,3,7.4197029944632416,1.044980699820757
2NZ9_DC_A|IA928A,2NZ9_DC_A,2NZ9_DC_A,3,0.06928144368457617,0.9874623035930729
2NZ9_DC_A|KA1028A,2NZ9_DC_A,2NZ9_DC_A,3,-0.008714417367368596,1.1168242576774468
2NZ9_DC_A|KA875A,2NZ9_DC_A,2NZ9_DC_A,3,0.5407010802718493,0.8053809411581644
2NZ9_DC_A|KA895A,2NZ9_DC_A,2NZ9_DC_A,3,-0.29975356587392177,1.1065895304393052
2NZ9_DC_A|LA891A,2NZ9_DC_A,2NZ9_DC_A,3,2.2799648402092556,1.2215571550362905
2NZ9_DC_A|NA890A,2NZ9_DC_A,2NZ9_DC_A,3,2.160031833617493,1.154779058852595
2NZ9_DC_A|NA926A,2NZ9_DC_A,2NZ9_DC_A,3,-0.1521673371577774,1.0227902440608985
2NZ9_DC_A|QA887A,2NZ9_DC_A,2NZ9_DC_A,3,0.09926053848245106,1.14430464520208
2NZ9_DC_A|RA1033A,2NZ9_DC_A,2NZ9_DC_A,3,0.29088097091770876,0.9296610914102097
2NZ9_DC_A|RA1266A,2NZ9_DC_A,2NZ9_DC_A,3,0.3901578925498147,1.3141738547650643
2NZ9_DC_A|SA874A,2NZ9_DC_A,2NZ9_DC_A,3,-0.11948046088661335,0.7902212169420818
2NZ9_DC_A|SA927A,2NZ9_DC_A,2NZ9_DC_A,3,-0.0785448227470397,0.7623059344921149
"2NZ9_DC_A|SD29K,DD30Y,HD31D",2NZ9_DC_A,2NZ9_DC_A,3,-0.04961051048601243,1.3172161718686726
2NZ9_DC_A|TA1035A,2NZ9_DC_A,2NZ9_DC_A,3,2.370381937766192,0.7318367941615406
2VIR_AB_C|SC115L,2VIR_AB_C,4NM8_ABCDEF_HL,3,3.6802090185371785,1.2743444787331826
2VIR_AB_C|TC89I,2VIR_AB_C,4NM8_ABCDEF_HL,3,4.911626896223453,0.8515395563908135
2VIS_AB_C|IC89T,2VIS_AB_C,4NM8_ABCDEF_HL,3,-4.911626896223453,1.004103057035302
"3BDY_HL_V|DL28N,PL30A,RL31K,SL32T,TL97S,TL98S",3BDY_HL_V,3N85_A_LH,3,-0.969079330340199,1.3323169214109154
"3BDY_HL_V|DL28N,PL30A,RL31K,SL32T,TL97S,TL98S,KH31S,DH32G,TH55S,NH56E,GH101V,DH103V",3BDY_HL_V,3N85_A_LH,3,-2.715489725298464,1.302586186569575
"3BDY_HL_V|DL28N,PL30A,RL31K,SL32T,TL97S,TL98S,KH31S,DH32G,TH55S,NH56E,GH101V,DH103V,RH51A,RH60A",3BDY_HL_V,3N85_A_LH,3,-2.7728781616623683,1.2398629989794547
"3BDY_HL_V|DL28N,PL30A,RL31K,SL32T,YL57F,TL97S,TL98S",3BDY_HL_V,3N85_A_LH,3,-0.9731639743896866,1.3173616603863691
"3BDY_HL_V|DL28N,PL30A,RL31K,SL32T,YL57F,TL97S,TL98S,KH31S,DH32G,TH55S,NH56E,GH101V,DH103V",3BDY_HL_V,3N85_A_LH,3,-2.727121096288402,1.3346404502539726
"3BE1_HL_A|DL28N,PL30A,RL31K,SL32T,TL97S,TL98S",3BE1_HL_A,3N85_A_LH,3,-0.6860794092074413,1.3193920383620459
"3BE1_HL_A|DL28N,PL30A,RL31K,SL32T,TL97S,TL98S,KH30S,DH31G,TH54S,NH55E,GH100V,DH102V",3BE1_HL_A,3N85_A_LH,3,-2.7728781616623683,1.2856284408192724
"3BE1_HL_A|DL28N,PL30A,RL31K,SL32T,TL97S,TL98S,KH30S,DH31G,TH54S,NH55E,GH100V,DH102V,YL36A",3BE1_HL_A,3N85_A_LH,3,-3.190237912153354,1.6627278603479163
"3BE1_HL_A|DL28N,PL30A,RL31K,SL32T,TL97S,TL98S,KH30S,DH31G,TH54S,NH55E,GH100V,DH102V,YL36A,IL33A",3BE1_HL_A,3N85_A_LH,3,-2.7728781616623683,1.7470744097171393
"3BE1_HL_A|DL28N,PL30A,RL31K,SL32T,YL57F,TL97S,TL98S",3BE1_HL_A,3N85_A_LH,3,-0.8683454884563075,1.3212619546610331
"3BE1_HL_A|DL28N,PL30A,RL31K,SL32T,YL57F,TL97S,TL98S,KH30S,DH31G,TH54S,NH55E,GH100V,DH102V",3BE1_HL_A,3N85_A_LH,3,-2.8824897562173004,1.3940939367729843
3BN9_B_CD|DB214A,3BN9_B_CD,3NPS_A_BC,3,0.5662115182976514,1.3019143154852821
3BN9_B_CD|DB46A,3BN9_B_CD,3NPS_A_BC,3,0.42238825570624616,0.9359957748543926
3BN9_B_CD|DB47A,3BN9_B_CD,3NPS_A_BC,3,0.3111075523311248,1.08081181954595
3BN9_B_CD|DB91A,3BN9_B_CD,3NPS_A_BC,3,6.6952116776857356,1.2593011850350655
3BN9_B_CD|EB163A,3BN9_B_CD,3NPS_A_BC,3,0.3732158875782596,0.9434240440416678
3BN9_B_CD|FB50A,3BN9_B_CD,3NPS_A_BC,3,-0.04499785275484606,0.9134070470370661
3BN9_B_CD|FB89A,3BN9_B_CD,3NPS_A_BC,3,0.6392419016537956,1.4496572920599646
3BN9_B_CD|FB92A,3BN9_B_CD,3NPS_A_BC,3,6.6952116776857356,1.2834702229223234
3BN9_B_CD|HB138A,3BN9_B_CD,3NPS_A_BC,3,0.08506331530766248,1.4754109360946572
3BN9_B_CD|IB26A,3BN9_B_CD,3NPS_A_BC,3,0.0,1.3973479412014056
3BN9_B_CD|IB45A,3BN9_B_CD,3NPS_A_BC,3,0.8352155042736148,1.2609953517990418
3BN9_B_CD|KB221A,3BN9_B_CD,3NPS_A_BC,3,0.7849689179115298,1.5806706653934
3BN9_B_CD|LB147A,3BN9_B_CD,3NPS_A_BC,3,0.33619215607968195,0.9849500942527041
3BN9_B_CD|NB90A,3BN9_B_CD,3NPS_A_BC,3,0.7733443758479173,1.3597588259516433
3BN9_B_CD|PD104H,3BN9_B_CD,3NPS_A_BC,3,2.427254701233001,0.5926671667520276
3BN9_B_CD|QB140A,3BN9_B_CD,3NPS_A_BC,3,0.13310479385689233,1.2002804438411372
3BN9_B_CD|QB168A,3BN9_B_CD,3NPS_A_BC,3,-0.03469869191274095,1.1068230305661326
3BN9_B_CD|QB169A,3BN9_B_CD,3NPS_A_BC,3,2.508984745793367,1.2866027699270355
3BN9_B_CD|QB218A,3BN9_B_CD,3NPS_A_BC,3,0.705710641392271,1.2261878950003398
3BN9_B_CD|QB23A,3BN9_B_CD,3NPS_A_BC,3,-0.4153068308781956,0.9714853875522592
3BN9_B_CD|QD105V,3BN9_B_CD,3NPS_A_BC,3,1.2241027312834631,0.8811009865650427
3BN9_B_CD|RB219A,3BN9_B_CD,3NPS_A_BC,3,-0.09369817078067486,1.0985113917047176
3BN9_B_CD|RB48A,3BN9_B_CD,3NPS_A_BC,3,-0.04499785275484606,1.2745905694327755
3BN9_B_CD|RB51A,3BN9_B_CD,3NPS_A_BC,3,-0.0715577669882364,0.7856353250576948
3BN9_B_CD|RB82A,3BN9_B_CD,3NPS_A_BC,3,-0.1592328617106771,1.5403424245624744
3BN9_B_CD|SD30G,3BN9_B_CD,3NPS_A_BC,3,1.1861068734569196,0.8238742789791358
3BN9_B_CD|SD30N,3BN9_B_CD,3NPS_A_BC,3,1.1455049629643492,0.7889823046359841
3BN9_B_CD|TB144A,3BN9_B_CD,3NPS_A_BC,3,0.29083511921617156,0.7446223992214703
3BN9_B_CD|TB93A,3BN9_B_CD,3NPS_A_BC,3,1.1320528041219742,1.1958587266947986
3BN9_B_CD|TD102Q,3BN9_B_CD,3NPS_A_BC,3,-0.02153643961790373,0.5075415997615661
3BN9_B_CD|TD102R,3BN9_B_CD,3NPS_A_BC,3,-0.05829491385704059,0.5110544956262565
3BN9_B_CD|TD28R,3BN9_B_CD,3NPS_A_BC,3,0.3329058519365953,0.7620568755546485
3BN9_B_CD|YB141A,3BN9_B_CD,3NPS_A_BC,3,1.0846525674565162,1.6765291837265452
3BN9_B_CD|YB52A,3BN9_B_CD,3NPS_A_BC,3,0.018951595610841282,1.1210805091553606
3BN9_B_CD|YD103S,3BN9_B_CD,3NPS_A_BC,3,0.45868574782483074,1.0529879604654464
"3G6D_LH_A|EL3V,GL76R,TL77V,QL78E,EL80G",3G6D_LH_A,4I77_HL_Z,2,0.1398169051370187,1.1727262722749923
"3G6D_LH_A|EL3V,GL76R,TL77V,QL78E,EL80G,DH54N",3G6D_LH_A,4I77_HL_Z,2,0.11117811579204974,1.1845926865333065
"3G6D_LH_A|EL3V,GL76R,TL77V,QL78E,EL80G,FH103A,HH104A,WH105A",3G6D_LH_A,4I77_HL_Z,2,4.620281321869525,1.3812881710825016
"3G6D_LH_A|EL3V,GL76R,TL77V,QL78E,EL80G,TL89S,ML92I,VL93D,TL94K",3G6D_LH_A,4I77_HL_Z,2,0.27145104244063806,0.9049577982152677
3G6D_LH_A|HH104A,3G6D_LH_A,4I77_HL_Z,2,-0.9530879222487766,0.8963983054615414
"3G6D_LH_A|KH210T,KH215T",3G6D_LH_A,4I77_HL_Z,2,-0.1329478192179877,0.9693451145785853
"3G6D_LH_A|TL89S,ML92I,VL93D,TL94K",3G6D_LH_A,4I77_HL_Z,2,0.7979766788950249,0.5828723249378606
3G6D_LH_A|WH105A,3G6D_LH_A,4I77_HL_Z,2,-1.4965083673621888,1.7485756254959868
3HFM_HL_Y|DH32A,3HFM_HL_Y,1MLC_AB_E,0,1.8982269087481058,0.6588547559285566
"3HFM_HL_Y|DH32A,KY97A",3HFM_HL_Y,1MLC_AB_E,0,4.592440271493242,0.8899270377452223
"3HFM_HL_Y|DH32A,KY97M",3HFM_HL_Y,1MLC_AB_E,0,1.123449454422834,0.8863377692037284
3HFM_HL_Y|DH32N,3HFM_HL_Y,1MLC_AB_E,0,0.17036153217405742,0.710507262665773
"3HFM_HL_Y|DH32N,KY97A",3HFM_HL_Y,1MLC_AB_E,0,4.891550844082543,0.817300641058583
"3HFM_HL_Y|DH32N,KY97M",3HFM_HL_Y,1MLC_AB_E,0,0.3025042026319846,0.831155573494189
3HFM_HL_Y|DY101A,3HFM_HL_Y,1MLC_AB_E,0,1.208191888215303,1.220193706284944
3HFM_HL_Y|DY101E,3HFM_HL_Y,1MLC_AB_E,0,2.132880910833385,1.1538431492586563
3HFM_HL_Y|DY101F,3HFM_HL_Y,1MLC_AB_E,0,2.328261465128463,1.1398648357492336
3HFM_HL_Y|DY101G,3HFM_HL_Y,1MLC_AB_E,0,0.35884773679375925,1.1085626214954223
3HFM_HL_Y|DY101K,3HFM_HL_Y,1MLC_AB_E,0,2.124539699784272,1.2256515680082254
3HFM_HL_Y|DY101N,3HFM_HL_Y,1MLC_AB_E,0,1.4911125311274644,1.145772688825151
3HFM_HL_Y|DY101Q,3HFM_HL_Y,1MLC_AB_E,0,2.085174533183542,1.1458576607676796
3HFM_HL_Y|DY101R,3HFM_HL_Y,1MLC_AB_E,0,2.279872601798641,1.2441657755983409
3HFM_HL_Y|DY101S,3HFM_HL_Y,1MLC_AB_E,0,1.869399975903216,1.1918419861423495
3HFM_HL_Y|GY102V,3HFM_HL_Y,1MLC_AB_E,0,0.395285019403917,0.9732599025562868
3HFM_HL_Y|HY15A,3HFM_HL_Y,1MLC_AB_E,0,-0.4453171945971285,0.8891954988901031
3HFM_HL_Y|IY98A,3HFM_HL_Y,1MLC_AB_E,0,0.0,0.6716563435766405
3HFM_HL_Y|KY96A,3HFM_HL_Y,1MLC_AB_E,0,6.737284959364745,0.965421727805269
3HFM_HL_Y|KY96M,3HFM_HL_Y,1MLC_AB_E,0,6.776946071428292,0.946799857659914
3HFM_HL_Y|KY96R,3HFM_HL_Y,1MLC_AB_E,0,5.353003237432198,1.0489281234567736
3HFM_HL_Y|KY97A,3HFM_HL_Y,1MLC_AB_E,0,5.861406477787119,0.7124114123408435
3HFM_HL_Y|KY97D,3HFM_HL_Y,1MLC_AB_E,0,6.7684252507268186,0.7396700685693247
3HFM_HL_Y|KY97E,3HFM_HL_Y,1MLC_AB_E,0,3.6045077805427614,0.7322803506511406
3HFM_HL_Y|KY97G,3HFM_HL_Y,1MLC_AB_E,0,6.430556104296552,0.7956564693911939
3HFM_HL_Y|KY97M,3HFM_HL_Y,1MLC_AB_E,0,0.9469717205448789,0.7963792655702162
3HFM_HL_Y|KY97R,3HFM_HL_Y,1MLC_AB_E,0,3.052851288391358,0.7654718473920326
3HFM_HL_Y|LY75A,3HFM_HL_Y,1MLC_AB_E,0,0.7044560078259358,0.8616030863340113
3HFM_HL_Y|NL31A,3HFM_HL_Y,1MLC_AB_E,0,5.214131098855438,0.503937568166744
"3HFM_HL_Y|NL31A,KY96A",3HFM_HL_Y,1MLC_AB_E,0,7.468386460337798,0.846858791197174
3HFM_HL_Y|NL31D,3HFM_HL_Y,1MLC_AB_E,0,1.3434844960032908,0.31621585071686104
3HFM_HL_Y|NL31E,3HFM_HL_Y,1MLC_AB_E,0,5.707368905214603,0.31913107618740766
3HFM_HL_Y|NL32A,3HFM_HL_Y,1MLC_AB_E,0,5.107345866438754,0.7086662096149691
3HFM_HL_Y|NY19D,3HFM_HL_Y,1MLC_AB_E,0,0.4104726258954247,0.65716846050404
3HFM_HL_Y|NY19K,3HFM_HL_Y,1MLC_AB_E,0,0.24011109372136724,0.850394319848635
3HFM_HL_Y|NY19Q,3HFM_HL_Y,1MLC_AB_E,0,-0.0424857950018788,0.6989795566535847
3HFM_HL_Y|NY93A,3HFM_HL_Y,1MLC_AB_E,0,0.2112182014667711,0.7408944702329155
3HFM_HL_Y|QL53A,3HFM_HL_Y,1MLC_AB_E,0,0.9530879222487765,0.5569802735223378
3HFM_HL_Y|RY21A,3HFM_HL_Y,1MLC_AB_E,0,0.861801921083563,0.9457768381509757
3HFM_HL_Y|RY21E,3HFM_HL_Y,1MLC_AB_E,0,2.453435174996949,1.0148525401708184
3HFM_HL_Y|RY21G,3HFM_HL_Y,1MLC_AB_E,0,2.4220753037085423,1.0841650345506586
3HFM_HL_Y|RY21H,3HFM_HL_Y,1MLC_AB_E,0,2.169318193443543,0.9924685434328295
3HFM_HL_Y|RY21K,3HFM_HL_Y,1MLC_AB_E,0,1.7663420036706978,1.1523759688187551
3HFM_HL_Y|RY21M,3HFM_HL_Y,1MLC_AB_E,0,2.0498905295517162,1.105354495428505
3HFM_HL_Y|RY21N,3HFM_HL_Y,1MLC_AB_E,0,2.328261465128463,1.036673405978347
3HFM_HL_Y|RY21Q,3HFM_HL_Y,1MLC_AB_E,0,2.3975344944681614,0.9358808533330762
3HFM_HL_Y|RY21W,3HFM_HL_Y,1MLC_AB_E,0,2.132880910833385,1.12224493491732
3HFM_HL_Y|RY73A,3HFM_HL_Y,1MLC_AB_E,0,-0.33139709488658076,0.7865409019654518
3HFM_HL_Y|SH31A,3HFM_HL_Y,1MLC_AB_E,0,0.17036153217405742,0.4447034605756992
3HFM_HL_Y|SY100A,3HFM_HL_Y,1MLC_AB_E,0,0.2676596339302807,0.8243445150311566
3HFM_HL_Y|TY89A,3HFM_HL_Y,1MLC_AB_E,0,0.0,0.6606351692220034
3HFM_HL_Y|WH98A,3HFM_HL_Y,1MLC_AB_E,0,5.510683625040315,1.0885613260755014
"3HFM_HL_Y|WH98A,KY96A",3HFM_HL_Y,1MLC_AB_E,0,7.730033993677068,1.2690637633738602
3HFM_HL_Y|WH98F,3HFM_HL_Y,1MLC_AB_E,0,3.245562145447267,0.8046097185098559
"3HFM_HL_Y|WH98F,YY20A",3HFM_HL_Y,1MLC_AB_E,0,6.229019646902076,1.1877539184973576
3HFM_HL_Y|WY63A,3HFM_HL_Y,1MLC_AB_E,0,0.3191866247302112,1.1044130402729182
3HFM_HL_Y|YH33A,3HFM_HL_Y,1MLC_AB_E,0,6.035076350646287,1.1091354555200714
"3HFM_HL_Y|YH33A,KY97A",3HFM_HL_Y,1MLC_AB_E,0,7.2282753666164306,1.0204886550845211
3HFM_HL_Y|YH33F,3HFM_HL_Y,1MLC_AB_E,0,1.0712212800199195,0.9705136846189137
3HFM_HL_Y|YH33L,3HFM_HL_Y,1MLC_AB_E,0,2.006938334292043,1.014871600768448
3HFM_HL_Y|YH33W,3HFM_HL_Y,1MLC_AB_E,0,1.7495645291603228,1.014884147482408
3HFM_HL_Y|YH50A,3HFM_HL_Y,1MLC_AB_E,0,7.3195613677816445,0.8828108109665057
"3HFM_HL_Y|YH50A,RY21A",3HFM_HL_Y,1MLC_AB_E,0,7.94125219514384,1.1198461946351153
3HFM_HL_Y|YH50F,3HFM_HL_Y,1MLC_AB_E,0,1.609991482454399,0.7700837611635211
3HFM_HL_Y|YH50L,3HFM_HL_Y,1MLC_AB_E,0,2.8488367321432,0.8683284720833332
3HFM_HL_Y|YH53A,3HFM_HL_Y,1MLC_AB_E,0,3.2503799638756314,0.9624941588968913
3HFM_HL_Y|YH53F,3HFM_HL_Y,1MLC_AB_E,0,0.6204992534608587,0.7585874811076901
3HFM_HL_Y|YH53L,3HFM_HL_Y,1MLC_AB_E,0,0.8068894189686006,0.9015241732596737
3HFM_HL_Y|YH53W,3HFM_HL_Y,1MLC_AB_E,0,0.7061818900347967,0.7842484923199009
3HFM_HL_Y|YH58A,3HFM_HL_Y,1MLC_AB_E,0,1.6760437063100697,1.1826371965811344
3HFM_HL_Y|YH58F,3HFM_HL_Y,1MLC_AB_E,0,0.36312544832913846,0.881615328020492
3HFM_HL_Y|YH58L,3HFM_HL_Y,1MLC_AB_E,0,1.5136731129139198,1.0022183808872014
3HFM_HL_Y|YL50A,3HFM_HL_Y,1MLC_AB_E,0,4.557595702791538,1.0761630640083284
"3HFM_HL_Y|YL50A,KY96A",3HFM_HL_Y,1MLC_AB_E,0,7.730033993677068,1.2674552989878218
"3HFM_HL_Y|YL50A,KY97A",3HFM_HL_Y,1MLC_AB_E,0,7.3195613677816445,1.0780042174446023
"3HFM_HL_Y|YL50A,RY21A",3HFM_HL_Y,1MLC_AB_E,0,6.3664734455328675,1.098775149403658
3HFM_HL_Y|YL50F,3HFM_HL_Y,1MLC_AB_E,0,2.3548673321091083,0.8691728247494078
"3HFM_HL_Y|YL50F,RY21A",3HFM_HL_Y,1MLC_AB_E,0,4.330792738153971,1.0530601571270843
"3HFM_HL_Y|YL50F,YY20A",3HFM_HL_Y,1MLC_AB_E,0,6.223660453567724,1.1568342856535017
3HFM_HL_Y|YL50L,3HFM_HL_Y,1MLC_AB_E,0,4.393185847064588,1.009800585715162
3HFM_HL_Y|YL96A,3HFM_HL_Y,1MLC_AB_E,0,2.7070450441474923,1.0232182196522326
"3HFM_HL_Y|YL96A,RY21A",3HFM_HL_Y,1MLC_AB_E,0,5.75674639520879,1.1648521620968157
3HFM_HL_Y|YL96F,3HFM_HL_Y,1MLC_AB_E,0,1.4017794098603316,0.8540127923114117
"3HFM_HL_Y|YL96F,RY21A",3HFM_HL_Y,1MLC_AB_E,0,4.181967645597817,1.0542921394829117
3HFM_HL_Y|YY20A,3HFM_HL_Y,1MLC_AB_E,0,4.573779388683633,1.1783649097689672
3HFM_HL_Y|YY20F,3HFM_HL_Y,1MLC_AB_E,0,-0.4839680999908646,0.849733567051774
3HFM_HL_Y|YY20L,3HFM_HL_Y,1MLC_AB_E,0,2.184505799935051,1.0775184379511722
"3IDX_HL_G|CG27I,CG242Q",3IDX_HL_G,4JPK_HL_A,2,-2.465037650657236,0.996937618691165
"3IDX_HL_G|CG27I,CG242Q,MG247A",3IDX_HL_G,4JPK_HL_A,2,-2.1736174821721788,1.0982105634143464
"3IDX_HL_G|KG85C,EG121C,CG27I,CG242Q",3IDX_HL_G,4JPK_HL_A,2,-2.377686460126905,1.1927722839953283
"3IDX_HL_G|KG85C,EG121C,WG13M,MG247A,CG14W,CG129V,CG27I,CG242Q",3IDX_HL_G,4JPK_HL_A,2,-2.1922897581595975,1.37902643408841
"3IDX_HL_G|KG85C,EG122C,WG13M,MG247A,CG14W,CG129V,CG27I,CG242Q",3IDX_HL_G,4JPK_HL_A,2,-2.2927184743142655,1.4123860384694789
"3IDX_HL_G|TG41C,GG245C,MG247A",3IDX_HL_G,4JPK_HL_A,2,0.4094542476189994,1.1730702175894987
"3IDX_HL_G|TG41C,GG245C,WG13M,MG247A,CG14W,CG129V,CG27I,CG242Q",3IDX_HL_G,4JPK_HL_A,2,-2.3310676444964953,1.3541801350360003
"3IDX_HL_G|WG13M,MG247A,CG14W,CG129V",3IDX_HL_G,4JPK_HL_A,2,-0.6475390505870349,1.3048016071535014
"3IDX_HL_G|WG13M,MG247A,CG14W,CG129V,CG27I,CG242Q",3IDX_HL_G,4JPK_HL_A,2,-2.3479884191122484,1.3391492891682137
"3IDX_HL_G|WG13M,MG247A,CG14W,CG129V,KG85C,EG121C",3IDX_HL_G,4JPK_HL_A,2,-0.3616652119615728,1.5462956148386937
"3IDX_HL_G|WG13M,SG111T,WG200S,MG247A,CG14W,CG129V,CG27I,CG242Q",3IDX_HL_G,4JPK_HL_A,2,-1.8639640560281499,1.4631823443655834
"3L5X_A_HL|EL93F,YL94G",3L5X_A_HL,4I77_HL_Z,2,-0.4280083756309126,0.7952874753536191
"3L5X_A_HL|EL93H,YL94G",3L5X_A_HL,4I77_HL_Z,2,-0.7626503379338089,1.1640511327082976
"3L5X_A_HL|HL91P,NL92I,EL93D,YL94A",3L5X_A_HL,4I77_HL_Z,2,-0.6466697144775302,1.5823609358057953
"3L5X_A_HL|HL91P,NL92L,EL93D,YL94S",3L5X_A_HL,4I77_HL_Z,2,-0.6327897004417038,1.4086812499943264
"3L5X_A_HL|HL91P,NL92L,EL93D,YL94T",3L5X_A_HL,4I77_HL_Z,2,-0.8100505745992669,1.382725885882931
"3L5X_A_HL|HL91P,NL92L,EL93D,YL94V",3L5X_A_HL,4I77_HL_Z,2,-0.8582223902947915,1.3633871485547189
"3L5X_A_HL|HL91P,NL92L,YL94A",3L5X_A_HL,4I77_HL_Z,2,-0.44441349179019224,1.8687195460745232
"3L5X_A_HL|HL91Q,NL92D,EL93I,YL94G",3L5X_A_HL,4I77_HL_Z,2,-1.5503801467321197,1.2161860537677127
"3L5X_A_HL|HL91Q,NL92D,EL93L,YL94G",3L5X_A_HL,4I77_HL_Z,2,-1.7851320471191339,1.0893263367415436
"3L5X_A_HL|HL91Q,NL92D,EL93Y,YL94G",3L5X_A_HL,4I77_HL_Z,2,-1.4514529192667311,0.8552491555169424
"3L5X_A_HL|NL92D,EL93L,YL94G",3L5X_A_HL,4I77_HL_Z,2,-0.429628586824361,0.8358104845512571
"3L5X_A_HL|NL92D,EL93N,YL94S",3L5X_A_HL,4I77_HL_Z,2,-0.5340383787615981,1.2799710508073836
"3L5X_A_HL|NL92D,EL93P,YL94G",3L5X_A_HL,4I77_HL_Z,2,-1.469960263677593,1.1260211580607316
"3L5X_A_HL|NL92D,EL93R,YL94D",3L5X_A_HL,4I77_HL_Z,2,-0.5225392442124416,0.9564411787986499
"3L5X_A_HL|NL92D,EL93W,YL94E",3L5X_A_HL,4I77_HL_Z,2,-1.1963489533002045,0.5963906229081966
"3L5X_A_HL|NL92D,EL93W,YL94G",3L5X_A_HL,4I77_HL_Z,2,-1.6825228171900466,0.660950080692572
"3L5X_A_HL|NL92D,EL93W,YL94S",3L5X_A_HL,4I77_HL_Z,2,-0.7161267658574701,0.7983167556717146
"3L5X_A_HL|NL92D,EL93Y,YL94A",3L5X_A_HL,4I77_HL_Z,2,-0.8069742725029816,1.0799233180567553
"3L5X_A_HL|NL92E,EL93S,YL94G",3L5X_A_HL,4I77_HL_Z,2,-1.2653587435810416,1.121854089876715
"3L5X_A_HL|NL92E,EL93W,YL94G",3L5X_A_HL,4I77_HL_Z,2,-1.5503801467321197,0.5470084586261202
"3L5X_A_HL|NL92F,EL93W,YL94G",3L5X_A_HL,4I77_HL_Z,2,-1.2329907519756107,0.67124963297932
"3L5X_A_HL|NL92L,EL93D,YL94S",3L5X_A_HL,4I77_HL_Z,2,-0.6170473367498033,1.209840243696951
"3L5X_A_HL|NL92L,EL93L,YL94G",3L5X_A_HL,4I77_HL_Z,2,-0.6259698152188253,0.9784890727982847
"3L5X_A_HL|NL92L,EL93M,YL94G",3L5X_A_HL,4I77_HL_Z,2,-0.8256764632828958,1.0591933075489004
"3L5X_A_HL|NL92L,EL93N,YL94G",3L5X_A_HL,4I77_HL_Z,2,-0.6954369122619483,1.1915592231141612
"3L5X_A_HL|NL92S,EL93H,YL94G",3L5X_A_HL,4I77_HL_Z,2,-1.2457264432943917,1.235762273825029
"3L5X_A_HL|NL92S,EL93I,YL94G",3L5X_A_HL,4I77_HL_Z,2,-0.8069742725029816,1.0540465120965885
"3L5X_A_HL|NL92S,EL93S,YL94G",3L5X_A_HL,4I77_HL_Z,2,-0.24921270749853572,1.2709955070458636
"3L5X_A_HL|NL92S,EL93V,YL94G",3L5X_A_HL,4I77_HL_Z,2,-0.5168723414288166,1.0796542479461078
"3L5X_A_HL|NL92S,EL93W,YL94A",3L5X_A_HL,4I77_HL_Z,2,-0.3030280300184624,1.1835700190018743
"3L5X_A_HL|NL92S,EL93W,YL94G",3L5X_A_HL,4I77_HL_Z,2,-1.2720501912946218,0.7918337598702491
"3L5X_A_HL|NL92S,EL93Y,YL94G",3L5X_A_HL,4I77_HL_Z,2,-0.9641867953282846,0.7821209378446851
"3L5X_A_HL|NL92V,EL93G,YL94G",3L5X_A_HL,4I77_HL_Z,2,-0.46300005321967275,1.1713803440368906
"3L5X_A_HL|NL92V,EL93W,YL94G",3L5X_A_HL,4I77_HL_Z,2,-0.835253817398967,0.6788607350851634
3L5X_A_HL|YL94A,3L5X_A_HL,4I77_HL_Z,2,-0.8288517353504652,1.3145297198260768
3LZF_AB_HL|DA187E,3LZF_AB_HL,4NM8_ABCDEF_HL,3,0.49836499701795467,0.7788704180407312
"3LZF_AB_HL|DA187E,DA222G",3LZF_AB_HL,4NM8_ABCDEF_HL,3,0.12738612422837223,0.9755668557773769
3LZF_AB_HL|DA222G,3LZF_AB_HL,4NM8_ABCDEF_HL,3,0.5378587501237969,1.0094567905420782
3N85_A_LH|SH32A,3N85_A_LH,3N85_A_LH,3,-0.1340196508622664,1.0897856624521356
3N85_A_LH|SH32Y,3N85_A_LH,3N85_A_LH,3,0.057122498463594525,0.6959133730764077
3N85_A_LH|SH50G,3N85_A_LH,3N85_A_LH,3,0.4876711764999294,1.2236309030951975
3N85_A_LH|SH52Y,3N85_A_LH,3N85_A_LH,3,-0.7846033704790584,0.9800256787269566
3N85_A_LH|WH100F,3N85_A_LH,3N85_A_LH,3,-0.01518510948813939,1.0452844757722703
3N85_A_LH|WH30K,3N85_A_LH,3N85_A_LH,3,-0.7846033704790584,0.7785643886412902
3N85_A_LH|WH30R,3N85_A_LH,3N85_A_LH,3,-0.5539674680473552,0.6565838212708701
3N85_A_LH|WL91F,3N85_A_LH,3N85_A_LH,3,0.139591659515122,1.4246887372718924
3N85_A_LH|WL94Y,3N85_A_LH,3N85_A_LH,3,-0.03871880840838261,0.6316990392199576
3NGB_HL_G|AH57G,3NGB_HL_G,4JPK_HL_A,2,-0.05603033434092576,0.567114703404188
"3NGB_HL_G|AH57G,VH58T,PH63K,VH74T",3NGB_HL_G,4JPK_HL_A,2,1.6734212034128781,0.8435158624887337
"3NGB_HL_G|CH32S,CH102A",3NGB_HL_G,4JPK_HL_A,2,0.25899792345236056,1.2626468815662757
3NGB_HL_G|DH103A,3NGB_HL_G,4JPK_HL_A,2,0.05987142067549248,1.3295234944466894
3NGB_HL_G|EL88A,3NGB_HL_G,4JPK_HL_A,2,1.3199503779116015,1.2256748755745208
3NGB_HL_G|FL89A,3NGB_HL_G,4JPK_HL_A,2,0.8588612895128416,1.3841061003237205
3NGB_HL_G|GH55A,3NGB_HL_G,4JPK_HL_A,2,-1.2766591068418476,1.2855081595131663
3NGB_HL_G|GH55S,3NGB_HL_G,4JPK_HL_A,2,0.7430435305256922,1.191003069000514
3NGB_HL_G|GH56A,3NGB_HL_G,4JPK_HL_A,2,1.265610671313196,0.9959424693517236
3NGB_HL_G|IH30A,3NGB_HL_G,4JPK_HL_A,2,-0.002743161201569711,0.7783255307829128
3NGB_HL_G|IH30T,3NGB_HL_G,4JPK_HL_A,2,0.07339379964358526,0.48298859967092606
"3NGB_HL_G|IH30T,KH52N,RH54N,GH55S,AH57G,VH58T,RH62Q,PH63K,VH74T,YH75S,YL26S",3NGB_HL_G,4JPK_HL_A,2,0.862144522667779,0.6757476518544878
3NGB_HL_G|KH52A,3NGB_HL_G,4JPK_HL_A,2,0.6228826688752066,1.557583568938558
3NGB_HL_G|KH52N,3NGB_HL_G,4JPK_HL_A,2,0.17497001318923924,1.2612827943389044
3NGB_HL_G|MH70A,3NGB_HL_G,4JPK_HL_A,2,0.5305511944690302,1.2476987232389516
3NGB_HL_G|NH105A,3NGB_HL_G,4JPK_HL_A,2,1.1185741033686647,1.0146244028707052
3NGB_HL_G|NH59A,3NGB_HL_G,4JPK_HL_A,2,1.767124279792481,1.191610176951404
3NGB_HL_G|PH63A,3NGB_HL_G,4JPK_HL_A,2,-0.04252045028717678,1.136152927476271
3NGB_HL_G|PH63K,3NGB_HL_G,4JPK_HL_A,2,0.23252327291537095,0.7728001594602323
3NGB_HL_G|QH65A,3NGB_HL_G,4JPK_HL_A,2,-0.34038835749666174,1.0574309141944196
3NGB_HL_G|QL25A,3NGB_HL_G,4JPK_HL_A,2,-0.230608383507325,0.8706708724064515
3NGB_HL_G|RH54A,3NGB_HL_G,4JPK_HL_A,2,-0.2593842338518709,1.1607236716845732
3NGB_HL_G|RH54N,3NGB_HL_G,4JPK_HL_A,2,0.046450458078863305,0.9238065724517854
3NGB_HL_G|RH62A,3NGB_HL_G,4JPK_HL_A,2,0.9958447519645942,1.2178213979962222
3NGB_HL_G|RH62Q,3NGB_HL_G,4JPK_HL_A,2,0.09654991868537967,0.9202247454430597
3NGB_HL_G|RH72A,3NGB_HL_G,4JPK_HL_A,2,1.6432176087594024,1.2618229696036658
3NGB_HL_G|SL28A,3NGB_HL_G,4JPK_HL_A,2,-0.14471176643755718,1.1359359710952426
3NGB_HL_G|TH33A,3NGB_HL_G,4JPK_HL_A,2,0.7071633919499675,1.2433463925298835
3NGB_HL_G|TH33Y,3NGB_HL_G,4JPK_HL_A,2,0.08419385865198935,0.7147546138272025
"3NGB_HL_G|TH33Y,GH56S,AH57G,VH58T,PH63K,VH74T,YH75S",3NGB_HL_G,4JPK_HL_A,2,1.938193740425155,1.0201953446500476
3NGB_HL_G|VH58A,3NGB_HL_G,4JPK_HL_A,2,1.3584283167932623,0.938238787981014
3NGB_HL_G|VH58T,3NGB_HL_G,4JPK_HL_A,2,0.13787223519831127,0.7501494458554026
3NGB_HL_G|VH74A,3NGB_HL_G,4JPK_HL_A,2,1.0879139537904319,1.002981579962097
3NGB_HL_G|VH74T,3NGB_HL_G,4JPK_HL_A,2,0.16493924739424115,0.7150809489123748
3NGB_HL_G|VL1A,3NGB_HL_G,4JPK_HL_A,2,-0.7733631896838978,1.084757677623877
3NGB_HL_G|WH106A,3NGB_HL_G,4JPK_HL_A,2,4.462501942238166,1.6422602341121972
3NGB_HL_G|WH47A,3NGB_HL_G,4JPK_HL_A,2,1.2021706981591123,1.7713159936687572
3NGB_HL_G|WH50A,3NGB_HL_G,4JPK_HL_A,2,1.2917940505120853,2.197834413223784
3NGB_HL_G|YH104A,3NGB_HL_G,4JPK_HL_A,2,1.4235861879523108,1.4955831485631008
3NGB_HL_G|YH60A,3NGB_HL_G,4JPK_HL_A,2,0.5484262835318954,1.641649721118302
3NGB_HL_G|YH75A,3NGB_HL_G,4JPK_HL_A,2,-0.1993222378171993,1.3593124537648253
3NGB_HL_G|YH75S,3NGB_HL_G,4JPK_HL_A,2,0.3325709046302675,1.0692627716532124
3NGB_HL_G|YL26A,3NGB_HL_G,4JPK_HL_A,2,0.9852809223713972,1.202345407103462
3NGB_HL_G|YL26S,3NGB_HL_G,4JPK_HL_A,2,0.6512687246923629,1.0182795935810514
3NGB_HL_G|YL87A,3NGB_HL_G,4JPK_HL_A,2,2.022788317067458,2.0245837318489714
3NPS_A_BC|DA214A,3NPS_A_BC,3NPS_A_BC,3,1.4667430285666996,1.0840551886551282
3NPS_A_BC|DA46A,3NPS_A_BC,3NPS_A_BC,3,0.3399865789102716,0.8899589069495287
3NPS_A_BC|DA47A,3NPS_A_BC,3NPS_A_BC,3,1.0674704872868501,0.8575665478253918
3NPS_A_BC|DA91A,3NPS_A_BC,3NPS_A_BC,3,1.5070340943571991,1.0929735453352436
3NPS_A_BC|EA163A,3NPS_A_BC,3NPS_A_BC,3,0.615348173136145,0.8800153429184323
3NPS_A_BC|FA50A,3NPS_A_BC,3NPS_A_BC,3,0.2195707633741591,0.9052238546321273
3NPS_A_BC|FA89A,3NPS_A_BC,3NPS_A_BC,3,1.5714044565965457,1.400244908402267
3NPS_A_BC|FA92A,3NPS_A_BC,3NPS_A_BC,3,0.46353976534450786,1.2711603685434314
3NPS_A_BC|HA138A,3NPS_A_BC,3NPS_A_BC,3,1.8750918500752867,1.654573541329094
3NPS_A_BC|IA26A,3NPS_A_BC,3NPS_A_BC,3,0.6415425238187402,1.3928798056595233
3NPS_A_BC|IA45A,3NPS_A_BC,3NPS_A_BC,3,-0.33181783154498945,1.088402551664751
3NPS_A_BC|KA221A,3NPS_A_BC,3NPS_A_BC,3,-0.10361039132020881,1.5120241932977492
3NPS_A_BC|LA147A,3NPS_A_BC,3NPS_A_BC,3,0.2957362795748744,0.9518598458774911
3NPS_A_BC|NA90A,3NPS_A_BC,3NPS_A_BC,3,0.2534192228051674,1.078520074931112
3NPS_A_BC|QA140A,3NPS_A_BC,3NPS_A_BC,3,0.2957362795748744,1.178347760887215
3NPS_A_BC|QA168A,3NPS_A_BC,3NPS_A_BC,3,-0.059223834552299535,0.9334653929022118
3NPS_A_BC|QA169A,3NPS_A_BC,3NPS_A_BC,3,0.74090759738304,1.063205121655946
3NPS_A_BC|QA218A,3NPS_A_BC,3NPS_A_BC,3,-0.04091675623120557,1.0857475973594328
3NPS_A_BC|QA23A,3NPS_A_BC,3NPS_A_BC,3,0.02632374800023026,0.9463569972531756
3NPS_A_BC|RA219A,3NPS_A_BC,3NPS_A_BC,3,-0.08390185618958816,1.0715959037707417
3NPS_A_BC|RA48A,3NPS_A_BC,3NPS_A_BC,3,-1.0627410886735758,1.2216007745230668
3NPS_A_BC|RA51A,3NPS_A_BC,3NPS_A_BC,3,0.1381683656316856,0.7364349394472739
3NPS_A_BC|RA82A,3NPS_A_BC,3NPS_A_BC,3,-0.15159542139604565,1.5300079467628072
3NPS_A_BC|TA144A,3NPS_A_BC,3NPS_A_BC,3,0.17497001318923924,0.7605982956653043
3NPS_A_BC|TA93A,3NPS_A_BC,3NPS_A_BC,3,0.7238123576858023,1.0540090816276975
3NPS_A_BC|YA141A,3NPS_A_BC,3NPS_A_BC,3,1.7748737516425068,1.6643947708980502
3NPS_A_BC|YA52A,3NPS_A_BC,3NPS_A_BC,3,0.4518898128085944,1.0842479999261208
3SE8_HL_G|DH110A,3SE8_HL_G,4JPK_HL_A,2,-0.3893489864530634,1.3147465899186348
3SE8_HL_G|DH114A,3SE8_HL_G,4JPK_HL_A,2,-0.2441398033475646,1.331733203015411
3SE8_HL_G|DL49A,3SE8_HL_G,4JPK_HL_A,2,0.8558487862067914,1.332690970649326
3SE8_HL_G|EL1A,3SE8_HL_G,4JPK_HL_A,2,-0.5565173968063043,1.3008577135484236
3SE8_HL_G|EL91A,3SE8_HL_G,4JPK_HL_A,2,1.5134910376653903,1.1668023074746159
3SE8_HL_G|FH115A,3SE8_HL_G,4JPK_HL_A,2,1.0676043440716088,1.4242172549091465
3SE8_HL_G|FL90A,3SE8_HL_G,4JPK_HL_A,2,-0.8640971733079531,1.6401817485268608
3SE8_HL_G|FL92A,3SE8_HL_G,4JPK_HL_A,2,0.832325371218216,1.265030068700044
3SE8_HL_G|GH56A,3SE8_HL_G,4JPK_HL_A,2,0.357097213957441,1.1599778825607938
3SE8_HL_G|KH52A,3SE8_HL_G,4JPK_HL_A,2,1.1114144132760573,1.3392092834413465
3SE8_HL_G|LH54A,3SE8_HL_G,4JPK_HL_A,2,0.0547761856623174,1.2197080496462833
3SE8_HL_G|NL30A,3SE8_HL_G,4JPK_HL_A,2,0.1943492323682411,1.3359363007051062
3SE8_HL_G|PH78A,3SE8_HL_G,4JPK_HL_A,2,0.018817870323795817,1.0626633869942999
3SE8_HL_G|PH81A,3SE8_HL_G,4JPK_HL_A,2,-0.0709198562041438,1.080503134402839
3SE8_HL_G|QH63A,3SE8_HL_G,4JPK_HL_A,2,1.1144250337596937,1.0968532939912052
3SE8_HL_G|QH65A,3SE8_HL_G,4JPK_HL_A,2,0.5498050381970732,1.1651891793574611
3SE8_HL_G|QH76A,3SE8_HL_G,4JPK_HL_A,2,0.09689984987760664,1.154805498855087
3SE8_HL_G|QL27A,3SE8_HL_G,4JPK_HL_A,2,-0.21612903930964258,0.900679114669422
3SE8_HL_G|RH30A,3SE8_HL_G,4JPK_HL_A,2,-0.03949762217751387,0.953425730248605
3SE8_HL_G|RH62A,3SE8_HL_G,4JPK_HL_A,2,1.2061691848525427,1.1963693405887221
3SE8_HL_G|RH72A,3SE8_HL_G,4JPK_HL_A,2,2.64446233755688,1.09146650622957
3SE8_HL_G|SH59A,3SE8_HL_G,4JPK_HL_A,2,1.1508401702219644,0.8058390950152865
3SE8_HL_G|VH58A,3SE8_HL_G,4JPK_HL_A,2,1.2496851217092015,1.0285452678198332
3SE8_HL_G|WH47A,3SE8_HL_G,4JPK_HL_A,2,1.4751466568216207,1.6895195700229515
3SE8_HL_G|WH50A,3SE8_HL_G,4JPK_HL_A,2,1.3335259989182282,2.2147322032985657
3SE8_HL_G|WH55A,3SE8_HL_G,4JPK_HL_A,2,0.7611055783491901,1.762003936509645
3SE8_HL_G|YH111A,3SE8_HL_G,4JPK_HL_A,2,0.82992168402488,1.4191978806193293
3SE8_HL_G|YH60A,3SE8_HL_G,4JPK_HL_A,2,0.8558487862067914,1.4129897558453441
3SE9_HL_G|DH77A,3SE9_HL_G,4JPK_HL_A,2,-0.766481710870796,1.0988070528049958
3SE9_HL_G|EL90A,3SE9_HL_G,4JPK_HL_A,2,0.4173597504909855,1.1588336447228416
3SE9_HL_G|FL91A,3SE9_HL_G,4JPK_HL_A,2,0.023615687280886744,1.3319708566979127
3SE9_HL_G|GH106A,3SE9_HL_G,4JPK_HL_A,2,-0.3075797765016487,1.110668894078287
3SE9_HL_G|GH107A,3SE9_HL_G,4JPK_HL_A,2,-0.6151595530032974,1.0007127278245385
3SE9_HL_G|GH109A,3SE9_HL_G,4JPK_HL_A,2,0.18514356137600418,1.0128258268212824
3SE9_HL_G|GH57A,3SE9_HL_G,4JPK_HL_A,2,0.4524447910683114,1.1011101882342544
3SE9_HL_G|GH62A,3SE9_HL_G,4JPK_HL_A,2,0.046340000835252845,0.8731220126615048
3SE9_HL_G|GL29A,3SE9_HL_G,4JPK_HL_A,2,0.46369975132623836,0.9895983777481007
3SE9_HL_G|LH34A,3SE9_HL_G,4JPK_HL_A,2,0.5659998422655154,1.6563797043580368
3SE9_HL_G|LL89A,3SE9_HL_G,4JPK_HL_A,2,0.9642429762880005,1.3449914271474568
3SE9_HL_G|NH60A,3SE9_HL_G,4JPK_HL_A,2,1.5217615368409672,1.2158115727000354
3SE9_HL_G|PH64A,3SE9_HL_G,4JPK_HL_A,2,-0.44193960585987646,0.8777640056025723
3SE9_HL_G|RH67A,3SE9_HL_G,4JPK_HL_A,2,1.4695448570190865,1.1918999068119538
3SE9_HL_G|RH74A,3SE9_HL_G,4JPK_HL_A,2,2.6792571500293705,1.066241079086307
3SE9_HL_G|RH76A,3SE9_HL_G,4JPK_HL_A,2,-0.23221618911498135,0.9640839777619482
3SE9_HL_G|TH105A,3SE9_HL_G,4JPK_HL_A,2,-0.44193960585987646,0.9274922256087624
3SE9_HL_G|TH56A,3SE9_HL_G,4JPK_HL_A,2,-0.859299356350862,1.1691784764703155
3SE9_HL_G|VH55A,3SE9_HL_G,4JPK_HL_A,2,-0.859299356350862,0.9785683344094891
3SE9_HL_G|VH59A,3SE9_HL_G,4JPK_HL_A,2,0.9833595927565008,0.9594645642149077
3SE9_HL_G|VL3A,3SE9_HL_G,4JPK_HL_A,2,-0.49433114348530927,1.0458006081340931
3SE9_HL_G|WH48A,3SE9_HL_G,4JPK_HL_A,2,1.0584464056761942,1.4924762328994543
3SE9_HL_G|WH51A,3SE9_HL_G,4JPK_HL_A,2,1.2756949387538432,2.1618255437053655
3SE9_HL_G|YH104A,3SE9_HL_G,4JPK_HL_A,2,0.46369975132623836,1.6180150555191137
3SE9_HL_G|YL28A,3SE9_HL_G,4JPK_HL_A,2,1.1177194221147286,1.128344281383044
3W2D_A_HL|KA67N,3W2D_A_HL,3W2D_A_HL,3,4.621938170505723,1.1741565852714717
3W2D_A_HL|KA67R,3W2D_A_HL,3W2D_A_HL,3,-0.42812016488847693,1.1915478745898593
3W2D_A_HL|YA45F,3W2D_A_HL,3W2D_A_HL,3,0.8779442990053526,1.0562644694328875
3W2D_A_HL|YA45L,3W2D_A_HL,3W2D_A_HL,3,2.3647563591902054,1.2864856017023192
4GXU_ABCDEF_MN|DA189E,4GXU_ABCDEF_MN,4NM8_ABCDEF_HL,3,2.1650880989701187,1.1740453139522042
"4GXU_ABCDEF_MN|DA189E,DA224G",4GXU_ABCDEF_MN,4NM8_ABCDEF_HL,3,3.010207597955455,1.258252630866552
4GXU_ABCDEF_MN|DA224G,4GXU_ABCDEF_MN,4NM8_ABCDEF_HL,3,1.9608781073650527,1.1481269114100672
4I77_HL_Z|DH54A,4I77_HL_Z,4I77_HL_Z,2,2.6192855082088835,1.8298603247256
4I77_HL_Z|NL95A,4I77_HL_Z,4I77_HL_Z,2,1.380153181748457,1.6234242997688302
4I77_HL_Z|WH52A,4I77_HL_Z,4I77_HL_Z,2,2.570094540697299,2.073883655284636
4I77_HL_Z|WH52F,4I77_HL_Z,4I77_HL_Z,2,2.51614051751496,1.4645811708130432
4I77_HL_Z|YH100A,4I77_HL_Z,4I77_HL_Z,2,0.0,1.7383733465471987
4I77_HL_Z|YH100F,4I77_HL_Z,4I77_HL_Z,2,0.0,1.1084441798749691
4I77_HL_Z|YH101A,4I77_HL_Z,4I77_HL_Z,2,1.6538389462196643,1.8858602973333298
4I77_HL_Z|YH101F,4I77_HL_Z,4I77_HL_Z,2,0.0,1.1334175916720575
4I77_HL_Z|YH103A,4I77_HL_Z,4I77_HL_Z,2,2.197438220149192,1.622954304488646
4I77_HL_Z|YH103F,4I77_HL_Z,4I77_HL_Z,2,0.3279486189891332,1.187625995537325
4I77_HL_Z|YL32A,4I77_HL_Z,4I77_HL_Z,2,0.8150658580351515,1.4963716152241375
4I77_HL_Z|YL32F,4I77_HL_Z,4I77_HL_Z,2,0.0,0.992280840434335
4JPK_HL_A|DA141R,4JPK_HL_A,4JPK_HL_A,2,3.857323039173394,0.8389751617645351
"4JPK_HL_A|DA159N,DA33N",4JPK_HL_A,4JPK_HL_A,2,0.6189681245346895,0.9582699827717687
4JPK_HL_A|FA144I,4JPK_HL_A,4JPK_HL_A,2,1.3875174391895055,1.1959899113683412
4JPK_HL_A|FA63L,4JPK_HL_A,4JPK_HL_A,2,1.1672867088409076,0.9574279590717011
4JPK_HL_A|RA130K,4JPK_HL_A,4JPK_HL_A,2,0.23006604941882644,0.6476922363636612
4JPK_HL_A|RA81T,4JPK_HL_A,4JPK_HL_A,2,0.7587030377267104,1.0146623488064817
4JPK_HL_A|SA41G,4JPK_HL_A,4JPK_HL_A,2,2.1516950746353953,0.8130418281481164
4JPK_HL_A|TA35S,4JPK_HL_A,4JPK_HL_A,2,-0.03209335777183282,0.913824419992752
4JPK_HL_A|VA30N,4JPK_HL_A,4JPK_HL_A,2,0.5945948563933452,1.001788143250121
"4KRL_A_B|DA49T,FA51A",4KRL_A_B,3N85_A_LH,3,1.8524323065491186,1.589821367866705
4KRL_A_B|DB112A,4KRL_A_B,3N85_A_LH,3,0.6496816831563188,1.4828357800198182
4KRL_A_B|RB30A,4KRL_A_B,3N85_A_LH,3,1.7202896360911917,0.9055190670513833
"4KRO_A_B|DA321T,FA323A",4KRO_A_B,3N85_A_LH,3,0.12697070027461205,1.3079609581832463
4KRO_A_B|DB92A,4KRO_A_B,3N85_A_LH,3,1.504224039303602,1.177243159282458
4KRO_A_B|RB15A,4KRO_A_B,3N85_A_LH,3,1.5832995703124457,1.3023423918488595
"4KRP_A_B|DA277T,FA279A",4KRP_A_B,3N85_A_LH,3,0.3582966631710374,1.231822666361352
4KRP_A_B|EB105A,4KRP_A_B,3N85_A_LH,3,1.6060451393186834,1.116272527485087
4NM8_ABCDEF_HL|DB19N,4NM8_ABCDEF_HL,4NM8_ABCDEF_HL,3,0.6614995538385501,1.4096965898832226
4NM8_ABCDEF_HL|IB18M,4NM8_ABCDEF_HL,4NM8_ABCDEF_HL,3,0.1097799739893368,1.4055020171663326
4NM8_ABCDEF_HL|LB38Y,4NM8_ABCDEF_HL,4NM8_ABCDEF_HL,3,-0.6151595530032974,1.2228796381311835
4NM8_ABCDEF_HL|QB34R,4NM8_ABCDEF_HL,4NM8_ABCDEF_HL,3,2.975475781131771,1.4367017360177483
4NM8_ABCDEF_HL|QB34T,4NM8_ABCDEF_HL,4NM8_ABCDEF_HL,3,2.330938555802492,1.3831982494550958
4NM8_ABCDEF_HL|RB25M,4NM8_ABCDEF_HL,4NM8_ABCDEF_HL,3,3.4423529690785495,1.393256857562649
4NM8_ABCDEF_HL|TB32E,4NM8_ABCDEF_HL,4NM8_ABCDEF_HL,3,-0.5517195798492133,0.9035123619180645
4NM8_ABCDEF_HL|TB32I,4NM8_ABCDEF_HL,4NM8_ABCDEF_HL,3,-0.05020597136992855,1.0187912596456232
4NM8_ABCDEF_HL|TB32R,4NM8_ABCDEF_HL,4NM8_ABCDEF_HL,3,1.221194387265394,1.1915517730766017
4U6H_AB_E|NE21A,4U6H_AB_E,4U6H_AB_E,3,-0.3480795169848074,1.1110421570190214
4U6H_AB_E|QE25A,4U6H_AB_E,4U6H_AB_E,3,0.1188345413741269,1.071163090186544
4ZS6_HL_A|EA156A,4ZS6_HL_A,4ZS6_HL_A,3,3.0386664947184387,1.0352626730134928
4ZS6_HL_A|YA160A,4ZS6_HL_A,4ZS6_HL_A,3,-0.11025045622926233,1.3163843810547367
5C6T_HL_A|EA194A,5C6T_HL_A,5C6T_HL_A,1,1.0906718575292067,0.9620806290756339
5C6T_HL_A|FA192A,5C6T_HL_A,5C6T_HL_A,1,1.9972014865370955,1.0154129490136343
5C6T_HL_A|FA199A,5C6T_HL_A,5C6T_HL_A,1,2.75817920785388,1.0406832276653204
5C6T_HL_A|FA200A,5C6T_HL_A,5C6T_HL_A,1,0.4104726258954247,0.9914390498973178
5C6T_HL_A|FH99A,5C6T_HL_A,5C6T_HL_A,1,1.460029836858485,0.9386819069394403
5C6T_HL_A|IA201A,5C6T_HL_A,5C6T_HL_A,1,0.8856116334424082,0.9680990360261957
5C6T_HL_A|NA183A,5C6T_HL_A,5C6T_HL_A,1,0.2839968582211227,0.9404819056891413
5C6T_HL_A|NA186A,5C6T_HL_A,5C6T_HL_A,1,0.3630723892299667,0.6738296205691967
5C6T_HL_A|NA188A,5C6T_HL_A,5C6T_HL_A,1,-0.36658686139566915,1.0284260029035912
"5C6T_HL_A|NA195A,DA197A",5C6T_HL_A,5C6T_HL_A,1,0.5865010608531073,1.6631080106443683
5C6T_HL_A|NH97A,5C6T_HL_A,5C6T_HL_A,1,1.525896192217095,1.035519116343824
5C6T_HL_A|RH31S,5C6T_HL_A,5C6T_HL_A,1,0.3115453984300362,0.89739051053529
5C6T_HL_A|RL48A,5C6T_HL_A,5C6T_HL_A,1,0.12296129550859948,1.3338937738104273
5C6T_HL_A|SH32A,5C6T_HL_A,5C6T_HL_A,1,-0.8683454884563073,0.6787645902057553
5C6T_HL_A|TA185A,5C6T_HL_A,5C6T_HL_A,1,0.33786914643026655,1.173731576971787
5C6T_HL_A|YA182A,5C6T_HL_A,5C6T_HL_A,1,3.2083547046803327,1.0915611691963243
"5C6T_HL_A|YA182A,NA195A,DA197A",5C6T_HL_A,5C6T_HL_A,1,2.942424926376813,2.151864102166191
5C6T_HL_A|YH104A,5C6T_HL_A,5C6T_HL_A,1,0.3630723892299667,1.2383175537193922
5C6T_HL_A|YH98A,5C6T_HL_A,5C6T_HL_A,1,1.7166799833947735,1.218869551024251
5C6T_HL_A|YL47A,5C6T_HL_A,5C6T_HL_A,1,0.5516564921514036,1.8080529436582813
