row_id,complex,fold,y_true,y_pred
1AHW_AB_C|DC167A,1AHW_AB_C,0,-0.48459258972785657,0.5502666922671298
"1AHW_AB_C|KC138A,DC139A",1AHW_AB_C,0,1.181472161048329,1.9261934587381433
"1AHW_AB_C|KC154A,KC155A",1AHW_AB_C,0,-1.329712088713193,1.713045653667312
1AHW_AB_C|LC165A,1AHW_AB_C,0,0.9869363816797847,0.211805262211389
1AHW_AB_C|NC188A,1AHW_AB_C,0,1.0782223828449984,0.46227448344586175
"1AHW_AB_C|TC110A,KC111A",1AHW_AB_C,0,0.6388568646949774,0.3566976656097916
1AHW_AB_C|TC156A,1AHW_AB_C,0,-0.07411996383243181,0.61084695858008
1AHW_AB_C|TC159A,1AHW_AB_C,0,1.1057709230539117,0.9449275807711885
1AHW_AB_C|TC186A,1AHW_AB_C,0,1.345882016775279,0.1593184840707379
1AHW_AB_C|VC187A,1AHW_AB_C,0,-0.3142310575537991,0.4141017411794602
1AHW_AB_C|YC146A,1AHW_AB_C,0,-1.8890098071647712,0.6545407585655032
1BJ1_HL_VW|HH101Y,1BJ1_HL_VW,0,-1.5835955897246583,0.40780316455666016
"1BJ1_HL_VW|HH101Y,YH103I,GH104A,SH105K",1BJ1_HL_VW,0,-0.4312532430472282,0.4528923860237435
"1BJ1_HL_VW|HH101Y,YH103R,GH104N,SH105T",1BJ1_HL_VW,0,-0.7626503379338089,0.43711935393654044
"1BJ1_HL_VW|HH101Y,YH103R,SH105T",1BJ1_HL_VW,0,-1.1731229638292335,0.15781314407459035
1BJ1_HL_VW|HH107A,1BJ1_HL_VW,0,0.7896526306897298,0.514298609714985
"1BJ1_HL_VW|LH72I,TH74K",1BJ1_HL_VW,0,0.0765174846044199,-0.16762482784210184
"1BJ1_HL_VW|LH72V,TH74V",1BJ1_HL_VW,0,0.6706597717577022,-0.03748368647279731
"1BJ1_HL_VW|ML4L,TH28D,NH31H,HH101Y,SH105T",1BJ1_HL_VW,0,-1.5213799008019222,0.3780817649289433
1BJ1_HL_VW|NH31H,1BJ1_HL_VW,0,-0.7626503379338089,0.9585898321564348
1BJ1_HL_VW|SH105T,1BJ1_HL_VW,0,-0.3903965737545144,0.4607011421279934
1BJ1_HL_VW|TH28D,1BJ1_HL_VW,0,-0.220035041580457,-0.06526444380633759
"1BJ1_HL_VW|TH28D,NH31H",1BJ1_HL_VW,0,-0.692900776386499,0.2769068976308667
"1BJ1_HL_VW|TH28D,NH31H,YH54W,HH101Y,SH105T",1BJ1_HL_VW,0,-1.2034981768122488,0.5966130668666315
1BJ1_HL_VW|TH59A,1BJ1_HL_VW,0,0.8506669570873852,0.6550906674857845
1BJ1_HL_VW|YH27A,1BJ1_HL_VW,0,2.2425285065605456,0.37477019163517117
1BJ1_HL_VW|YH54A,1BJ1_HL_VW,0,1.3276594460278996,1.2109319650591817
1BJ1_HL_VW|YH54W,1BJ1_HL_VW,0,-0.13726986111671707,0.928902732991771
1BJ1_HL_VW|YH99A,1BJ1_HL_VW,0,4.438761161417411,2.045678516090339
"1CZ8_HL_VW|LL4M,DH28T,HH31N,YH101H,TH105S",1CZ8_HL_VW,3,2.939848927394883,0.9664476006402849
1DQJ_AB_C|DB32A,1DQJ_AB_C,0,2.0134337855860274,1.4556420617719665
"1DQJ_AB_C|DB32A,KC97A",1DQJ_AB_C,0,1.1223834112514164,2.485274744652494
1DQJ_AB_C|DC101A,1DQJ_AB_C,0,1.3765504662313492,2.56842440363089
1DQJ_AB_C|KC96A,1DQJ_AB_C,0,6.155820121291552,2.6045493023707467
1DQJ_AB_C|KC97A,1DQJ_AB_C,0,3.5197057586216647,2.1924593645892765
1DQJ_AB_C|LC75A,1DQJ_AB_C,0,1.4524070532877775,1.8460672559812925
1DQJ_AB_C|NA31A,1DQJ_AB_C,0,2.0134337855860274,1.4495933060432673
1DQJ_AB_C|NA32A,1DQJ_AB_C,0,4.090681644432603,2.105511182630872
"1DQJ_AB_C|NA32A,KC96A",1DQJ_AB_C,0,5.801848149502949,2.92430234633758
1DQJ_AB_C|NC93A,1DQJ_AB_C,0,0.6498732374418262,1.109069800823785
1DQJ_AB_C|RC21A,1DQJ_AB_C,0,1.2137709162884096,1.6050600382587592
1DQJ_AB_C|SA91A,1DQJ_AB_C,0,1.4318882919093323,0.9055725391014185
"1DQJ_AB_C|SA91A,RC21A",1DQJ_AB_C,0,3.1707316994398695,2.4217394852655887
"1DQJ_AB_C|SA91A,YC20A",1DQJ_AB_C,0,3.573092050232501,2.446055468117158
1DQJ_AB_C|SC100A,1DQJ_AB_C,0,0.7755829159772041,1.1078802282649267
1DQJ_AB_C|TC89A,1DQJ_AB_C,0,0.8408437632853092,0.47955775585903454
1DQJ_AB_C|WB98A,1DQJ_AB_C,0,4.9315254077179125,1.5965347673489472
"1DQJ_AB_C|WB98A,KC97A",1DQJ_AB_C,0,6.660086247462675,2.6654133453239766
"1DQJ_AB_C|WB98A,SC100A",1DQJ_AB_C,0,5.362245709236626,2.4382002214393923
"1DQJ_AB_C|WB98A,YC20A",1DQJ_AB_C,0,5.1120973104465115,2.8811089022123224
1DQJ_AB_C|WC62A,1DQJ_AB_C,0,0.7580785828215693,1.1371301561382
1DQJ_AB_C|WC63A,1DQJ_AB_C,0,1.346269193527744,1.7838405509329744
1DQJ_AB_C|YA50A,1DQJ_AB_C,0,2.678299041840766,1.5161148554706154
1DQJ_AB_C|YA96A,1DQJ_AB_C,0,1.1350509920609728,1.4268157842596232
"1DQJ_AB_C|YA96A,RC21A",1DQJ_AB_C,0,3.485199679109972,3.2457652664702974
"1DQJ_AB_C|YA96A,SC100A",1DQJ_AB_C,0,0.9134472427504673,2.4968019373558774
1DQJ_AB_C|YB33A,1DQJ_AB_C,0,5.524464935788763,2.1763802365391047
1DQJ_AB_C|YB50A,1DQJ_AB_C,0,6.888025483932965,2.3396278278469165
1DQJ_AB_C|YB53A,1DQJ_AB_C,0,1.1802780636388086,1.3282322526007668
"1DQJ_AB_C|YB53A,DC101A",1DQJ_AB_C,0,2.7271210962884025,3.0228423993056186
"1DQJ_AB_C|YB53A,LC75A",1DQJ_AB_C,0,1.2168618019365223,2.5937274321349952
"1DQJ_AB_C|YB53A,WC62A",1DQJ_AB_C,0,1.2863080667694942,2.6624603828337556
"1DQJ_AB_C|YB53A,WC63A",1DQJ_AB_C,0,2.199232341246195,2.818286647595305
1DQJ_AB_C|YC20A,1DQJ_AB_C,0,3.285708332565015,2.2185916830757013
1DVF_AB_CD|DB100A,1DVF_AB_CD,2,2.7895142051990196,0.9986215442313514
"1DVF_AB_CD|DB100A,DD52A",1DVF_AB_CD,2,4.319723503312841,1.6555135043744855
"1DVF_AB_CD|DB100A,HD33A",1DVF_AB_CD,2,4.1481191861668085,2.12206216193802
"1DVF_AB_CD|DB100A,ND55A",1DVF_AB_CD,2,4.090681644432603,1.506422224382094
1DVF_AB_CD|DB54A,1DVF_AB_CD,2,4.281256293167069,1.3787002282175342
"1DVF_AB_CD|DB54A,YC49A",1DVF_AB_CD,2,4.492871802144081,2.869038625015979
1DVF_AB_CD|DB58A,1DVF_AB_CD,2,1.600004838683772,0.5508975359519056
"1DVF_AB_CD|DB58A,QD104A",1DVF_AB_CD,2,1.464172518770949,2.564236084790946
1DVF_AB_CD|DD52A,1DVF_AB_CD,2,1.6822900622212256,0.95886128266027
1DVF_AB_CD|EB98A,1DVF_AB_CD,2,4.186648988725893,2.561377519215633
"1DVF_AB_CD|EB98A,YD102A",1DVF_AB_CD,2,4.633296940785955,2.6726303824165707
1DVF_AB_CD|HA30A,1DVF_AB_CD,2,1.649382328677959,0.280743599623968
1DVF_AB_CD|HD33A,1DVF_AB_CD,2,1.8606005301447301,0.46482692872202686
1DVF_AB_CD|ID101A,1DVF_AB_CD,2,2.6815457819355792,1.0538473808634454
1DVF_AB_CD|KD30A,1DVF_AB_CD,2,1.0035172541212762,0.2135885312765477
1DVF_AB_CD|NB56A,1DVF_AB_CD,2,1.1624388911622023,0.7670127442936368
"1DVF_AB_CD|NB56A,HD33A",1DVF_AB_CD,2,2.5259994393064034,2.2324245107547944
"1DVF_AB_CD|NB56A,ND55A",1DVF_AB_CD,2,2.3010929502938056,1.2752020729545535
"1DVF_AB_CD|NB56A,QD104A",1DVF_AB_CD,2,1.4868644452370166,1.1843979215278118
1DVF_AB_CD|ND55A,1DVF_AB_CD,2,1.8606005301447301,0.7995137452539525
1DVF_AB_CD|QD104A,1DVF_AB_CD,2,1.6287225536491747,1.4525069104043304
1DVF_AB_CD|RB99A,1DVF_AB_CD,2,1.8746451446663734,0.6924198254072627
1DVF_AB_CD|RD106A,1DVF_AB_CD,2,4.090681644432603,2.2024652898933943
1DVF_AB_CD|SA93A,1DVF_AB_CD,2,1.1624388911622023,0.11846471882365611
1DVF_AB_CD|TB30A,1DVF_AB_CD,2,0.9075126078959536,0.42084183229041183
1DVF_AB_CD|WA92A,1DVF_AB_CD,2,0.3407230643481149,1.9081506984714298
1DVF_AB_CD|WB52A,1DVF_AB_CD,2,4.132998701202311,2.195663453628629
"1DVF_AB_CD|WB52A,QD104A",1DVF_AB_CD,2,4.162863188132281,3.353742835294669
1DVF_AB_CD|YA32A,1DVF_AB_CD,2,2.030369579206033,1.444060201411919
"1DVF_AB_CD|YA32A,RD106A",1DVF_AB_CD,2,4.650588295402413,4.820661289992964
1DVF_AB_CD|YA49A,1DVF_AB_CD,2,1.6785902066679887,1.6601784790787277
"1DVF_AB_CD|YA49A,HD33A",1DVF_AB_CD,2,2.6250451278287583,1.8686502666850113
"1DVF_AB_CD|YA49A,ND55A",1DVF_AB_CD,2,2.030369579206033,1.3308724334175848
1DVF_AB_CD|YA50A,1DVF_AB_CD,2,0.687773585727709,0.9262153490256966
1DVF_AB_CD|YB101F,1DVF_AB_CD,2,2.0123137042575867,1.317146910956639
1DVF_AB_CD|YB32A,1DVF_AB_CD,2,1.831470715773831,1.268258679742199
1DVF_AB_CD|YC49A,1DVF_AB_CD,2,1.8606005301447301,2.0223893606524372
1DVF_AB_CD|YD102A,1DVF_AB_CD,2,4.73943480054599,1.931761258616164
"1JRH_LH_I|AI49S,II51T,HI55D",1JRH_LH_I,4,0.07067557709456428,-0.41013952736966824
"1JRH_LH_I|AI85D,KI88R,EI90K",1JRH_LH_I,4,-0.047747866156978784,0.6484703961321004
"1JRH_LH_I|AI93L,VI94M",1JRH_LH_I,4,0.6336629450010388,-0.32462190720741024
1JRH_LH_I|DH56A,1JRH_LH_I,4,1.8860997923566427,0.6132623842847272
1JRH_LH_I|DH57A,1JRH_LH_I,4,1.6660647507761857,0.13542349161247047
1JRH_LH_I|DH58A,1JRH_LH_I,4,1.8546488536976224,0.7120972034650535
1JRH_LH_I|DL28A,1JRH_LH_I,4,0.4346468730899115,0.7562284708434788
1JRH_LH_I|EI35Q,1JRH_LH_I,4,0.09956846934916053,0.4817453000297137
1JRH_LH_I|EI45A,1JRH_LH_I,4,-0.5657848826604327,0.5541709411049687
1JRH_LH_I|EI45P,1JRH_LH_I,4,-3.788177441800619,0.5124755116909366
"1JRH_LH_I|EI45P,II47L",1JRH_LH_I,4,-3.456780346914038,0.9266861886592056
"1JRH_LH_I|EI45P,II47R",1JRH_LH_I,4,-3.4400979248158117,0.8544555244747922
1JRH_LH_I|EL27A,1JRH_LH_I,4,0.5426152963533518,0.6924166928042885
1JRH_LH_I|FH103A,1JRH_LH_I,4,0.0,0.3444114889115469
1JRH_LH_I|GI40A,1JRH_LH_I,4,4.450238411656094,0.7576959845204772
1JRH_LH_I|HH107A,1JRH_LH_I,4,1.6977708873800303,2.2660360366074386
"1JRH_LH_I|II25N,PI27S,VI29T,VI31I",1JRH_LH_I,4,0.14370596045070846,-0.47894073244576696
1JRH_LH_I|KI37A,1JRH_LH_I,4,3.713862793824277,3.8805632086499755
1JRH_LH_I|KI37M,1JRH_LH_I,4,3.2923293656742554,3.2512803743773224
1JRH_LH_I|KI42A,1JRH_LH_I,4,3.385817471627714,2.0591775821922553
1JRH_LH_I|KI42M,1JRH_LH_I,4,4.911626896223453,1.827527284321223
1JRH_LH_I|KI88A,1JRH_LH_I,4,0.3120936365325133,0.6669794131839495
"1JRH_LH_I|MI15L,II18V",1JRH_LH_I,4,-0.21360605479004102,0.04008596244888399
1JRH_LH_I|NI38A,1JRH_LH_I,4,0.17045790106372832,0.4544744419295949
1JRH_LH_I|NI38Q,1JRH_LH_I,4,0.5344714151421985,0.4008790560752654
1JRH_LH_I|NI43A,1JRH_LH_I,4,4.299833017839873,1.4740169075169802
1JRH_LH_I|NI69A,1JRH_LH_I,4,-0.1995342003428246,0.7378112123433165
1JRH_LH_I|RH100A,1JRH_LH_I,4,0.5426152963533518,1.4939438413171597
1JRH_LH_I|RI74A,1JRH_LH_I,4,0.39261710548490847,1.3791498297122828
1JRH_LH_I|SI44A,1JRH_LH_I,4,0.37771074900822765,0.8366332659675652
"1JRH_LH_I|SI44G,EI45G,II47R",1JRH_LH_I,4,-3.377704815905194,1.1936090176810554
"1JRH_LH_I|SI44G,EI45P,II47K",1JRH_LH_I,4,-3.8844190101422447,0.7463448811316684
"1JRH_LH_I|SI61Y,DI62E,HI63Q,VI64I,GI65M,DI66Y,SI68D,NI69V,LI71A",1JRH_LH_I,4,2.95883223609549,0.9241312337524954
1JRH_LH_I|SL93A,1JRH_LH_I,4,-0.6505837196167918,0.7567943365840926
1JRH_LH_I|TI4V,1JRH_LH_I,4,-0.025565991247061364,0.08160214799824894
"1JRH_LH_I|TI9L,EI11K",1JRH_LH_I,4,-0.025565991247061364,-0.17556013773643095
1JRH_LH_I|TL94A,1JRH_LH_I,4,0.3852693830957245,1.0680281151374509
1JRH_LH_I|VI41A,1JRH_LH_I,4,1.6791568844199276,1.0301907067077305
"1JRH_LH_I|VI73A,RI78K",1JRH_LH_I,4,-0.21360605479004102,0.2337146066414339
1JRH_LH_I|WH54A,1JRH_LH_I,4,2.686264426995689,2.6242772472542866
1JRH_LH_I|WH55A,1JRH_LH_I,4,2.421317794194476,1.2431943412516981
1JRH_LH_I|WI46F,1JRH_LH_I,4,-0.2526121569912306,0.8106218856388064
1JRH_LH_I|WI46Y,1JRH_LH_I,4,0.298529734757261,0.7618090049612694
1JRH_LH_I|WI72A,1JRH_LH_I,4,4.429045964557542,1.679455737604721
1JRH_LH_I|WI72F,1JRH_LH_I,4,1.1027070149030964,1.2473260278513618
1JRH_LH_I|WI72Y,1JRH_LH_I,4,1.1878272982177975,1.255787121959456
1JRH_LH_I|WL92A,1JRH_LH_I,4,2.818407097453616,2.1604020685477647
1JRH_LH_I|WL95A,1JRH_LH_I,4,1.6660647507761857,1.3895141141774228
1JRH_LH_I|YH104A,1JRH_LH_I,4,1.0610563455122166,1.5864647087886081
1JRH_LH_I|YH32A,1JRH_LH_I,4,1.433310109691511,1.3472472128532693
1JRH_LH_I|YH60A,1JRH_LH_I,4,1.2555921248807609,2.4892955131676446
1JRH_LH_I|YI39A,1JRH_LH_I,4,3.5271235156302883,2.73727326395342
1JRH_LH_I|YI39F,1JRH_LH_I,4,0.9087807213865072,1.7147060091877504
1JRH_LH_I|YL30A,1JRH_LH_I,4,1.1084565821776746,1.3526177180861432
1JRH_LH_I|YL91A,1JRH_LH_I,4,0.5808341580694822,2.5846919764472216
1KIP_AB_C|AB32Y,1KIP_AB_C,1,-0.8005931862113372,0.05686790369502377
1KIQ_AB_C|FB101Y,1KIQ_AB_C,4,-2.4949589383164827,1.0367896853036895
1KIR_AB_C|SA50Y,1KIR_AB_C,3,-1.3870942470644445,0.4181795624206732
1MHP_HL_A|FH99W,1MHP_HL_A,2,0.0,-0.02975771917604683
1MHP_HL_A|FH99Y,1MHP_HL_A,2,0.7546689366915326,0.056785201958236435
1MHP_HL_A|GH100F,1MHP_HL_A,2,0.38901796990642135,0.0858426808897621
1MHP_HL_A|GH100L,1MHP_HL_A,2,2.7271210962884025,0.24068703087804671
1MHP_HL_A|GH100M,1MHP_HL_A,2,0.10213402314542167,0.267166533698403
1MHP_HL_A|GH100S,1MHP_HL_A,2,0.5577474902840849,0.3054346796810404
1MHP_HL_A|GH53A,1MHP_HL_A,2,0.5126066490408464,0.12578866699192784
1MHP_HL_A|GH53N,1MHP_HL_A,2,1.2553133831378882,-0.06029197415342093
1MHP_HL_A|GH53S,1MHP_HL_A,2,0.6755934056826887,0.33199505091430626
1MHP_HL_A|GH54I,1MHP_HL_A,2,1.3635605481442012,-0.05775631648158615
1MHP_HL_A|GH54T,1MHP_HL_A,2,1.1641667692445432,-0.14767609051571748
1MHP_HL_A|GH54Y,1MHP_HL_A,2,0.0,-0.2639881080512583
1MHP_HL_A|GL91Q,1MHP_HL_A,2,1.5726849814128463,-0.11983976484348112
1MHP_HL_A|GL91S,1MHP_HL_A,2,0.5126066490408464,0.0838687931075049
1MHP_HL_A|HL30K,1MHP_HL_A,2,1.1641667692445432,0.5799948765513695
1MHP_HL_A|HL30R,1MHP_HL_A,2,1.123797697197821,0.3529429359988067
1MHP_HL_A|HL30W,1MHP_HL_A,2,1.2553133831378882,0.200579621959914
1MHP_HL_A|KH64D,1MHP_HL_A,2,-0.17144195947815621,0.20774025878796928
1MHP_HL_A|KH64E,1MHP_HL_A,2,-0.07761466912166219,0.14093471517661788
"1MHP_HL_A|KH64E,SL27Q",1MHP_HL_A,2,-0.8568463539071508,0.05316179251536628
"1MHP_HL_A|KH64E,SL27Q,NL51Y",1MHP_HL_A,2,-1.0191592574777402,-0.1612209758963753
1MHP_HL_A|KH64N,1MHP_HL_A,2,-0.036271450395853784,0.25647777603265387
1MHP_HL_A|KH64Q,1MHP_HL_A,2,-0.07761466912166219,0.19783114276239397
1MHP_HL_A|LH60D,1MHP_HL_A,2,-0.061319916684994945,0.4408698009275442
"1MHP_HL_A|LH60D,KH64E",1MHP_HL_A,2,-0.1418004902065428,-0.08045537467716332
"1MHP_HL_A|LH60D,KH64Q",1MHP_HL_A,2,0.04298934158933236,-0.07906259984284958
1MHP_HL_A|LL48F,1MHP_HL_A,2,0.7122797280092416,0.09166295123542262
1MHP_HL_A|LL48K,1MHP_HL_A,2,0.8612009283873099,0.3518842841640173
1MHP_HL_A|LL48W,1MHP_HL_A,2,1.9075675885501273,0.09794649560226097
1MHP_HL_A|NL29V,1MHP_HL_A,2,1.049329490590402,1.0804282358176043
1MHP_HL_A|NL29W,1MHP_HL_A,2,1.5726849814128463,0.7432238465462033
1MHP_HL_A|NL29Y,1MHP_HL_A,2,1.9075675885501273,0.6939978263949398
"1MHP_HL_A|NL29Y,SL90I",1MHP_HL_A,2,0.43436813134703867,0.9372977538647199
1MHP_HL_A|NL51D,1MHP_HL_A,2,0.5007625177899426,0.08417122831438505
1MHP_HL_A|NL51E,1MHP_HL_A,2,-0.08868487101788138,0.06456755728118908
1MHP_HL_A|NL51K,1MHP_HL_A,2,0.6575099602318025,0.28643793017743346
1MHP_HL_A|NL51R,1MHP_HL_A,2,0.8448407572424633,0.037030760833798
1MHP_HL_A|NL51Y,1MHP_HL_A,2,-0.05162488910166547,0.16433089074683976
1MHP_HL_A|RH31Q,1MHP_HL_A,2,1.307328085919336,0.6427034412360334
1MHP_HL_A|SH35A,1MHP_HL_A,2,1.5726849814128463,0.3582202954806381
"1MHP_HL_A|SH35A,GH102S",1MHP_HL_A,2,1.5726849814128463,0.23989069679479277
1MHP_HL_A|SH35Q,1MHP_HL_A,2,2.7271210962884025,0.1878911596419509
"1MHP_HL_A|SH35V,GH102S",1MHP_HL_A,2,1.4256749153119455,-0.27585918834515966
1MHP_HL_A|SH52M,1MHP_HL_A,2,2.0758402761534427,0.4876165209291277
1MHP_HL_A|SL23R,1MHP_HL_A,2,-0.21533228445554778,0.012517481695393198
1MHP_HL_A|SL27Q,1MHP_HL_A,2,-0.6661127501799707,0.1867179635613775
1MHP_HL_A|SL90Q,1MHP_HL_A,2,1.7740331740396258,0.49756785998193837
1MHP_HL_A|SL90T,1MHP_HL_A,2,2.3166484703929777,0.38935949349545096
"1MHP_HL_A|TH33E,GH53Q",1MHP_HL_A,2,1.6674564948287602,1.3197048768945387
"1MHP_HL_A|TH33I,SH52T,GH53N,GH54N",1MHP_HL_A,2,1.9075675885501273,0.7487626971709237
"1MHP_HL_A|TH33I,SH52T,GH53Q,GH54F",1MHP_HL_A,2,1.2553133831378882,0.885959455602322
1MHP_HL_A|TH33N,1MHP_HL_A,2,2.7271210962884025,0.8253960255604109
1MHP_HL_A|TH33V,1MHP_HL_A,2,0.43436813134703867,0.9406184989807577
1MHP_HL_A|TH50V,1MHP_HL_A,2,-0.13159888075338225,0.2710354248187738
"1MHP_HL_A|TH50V,GH102S",1MHP_HL_A,2,1.6674564948287602,-0.021259944276552534
"1MHP_HL_A|TH50V,KH64E",1MHP_HL_A,2,-0.18051970164681014,0.1525137785204547
"1MHP_HL_A|TH50V,KH64E,SL27Q,NL51E",1MHP_HL_A,2,-1.2673189798025757,0.01496963527884273
"1MHP_HL_A|TH50V,KH64E,SL27Q,NL51Y",1MHP_HL_A,2,-1.0844951154182736,-0.04946975757673187
"1MHP_HL_A|TH50V,SH35A",1MHP_HL_A,2,2.0758402761534427,0.2739501650354418
"1MHP_HL_A|TH50V,SH35V",1MHP_HL_A,2,2.7271210962884025,-0.04461275655452559
"1MHP_HL_A|TH50V,SL27Q",1MHP_HL_A,2,-0.6946838891955731,-0.08630971919938735
"1MHP_HL_A|TH50V,SL27Q,NL51Y",1MHP_HL_A,2,-1.0235296952387836,-0.19974144601318417
1MHP_HL_A|WL89Q,1MHP_HL_A,2,2.0758402761534427,2.089713639901161
"1MHP_HL_A|WL89Q,FL32Y",1MHP_HL_A,2,0.8710190226668973,1.999723198783463
1MHP_HL_A|YH58E,1MHP_HL_A,2,2.0758402761534427,1.847373051688125
1MHP_HL_A|YH58Q,1MHP_HL_A,2,2.0758402761534427,1.5377213047726739
1MHP_HL_A|YH58W,1MHP_HL_A,2,0.8209452517908494,1.323681806220302
1MHP_HL_A|YH59E,1MHP_HL_A,2,0.5440070404059262,0.4948778481664242
1MLC_AB_E|KB65D,1MLC_AB_E,3,0.018548754628829087,0.03465429186377829
1MLC_AB_E|NA32G,1MLC_AB_E,3,-0.8773866842543591,0.9229846486921089
"1MLC_AB_E|NA32G,NA92A",1MLC_AB_E,3,-0.6866530805271789,2.0758965521454478
"1MLC_AB_E|NA32G,NA92A,SB57V,TB58D",1MLC_AB_E,3,-1.7349737347206144,0.9355310987755713
1MLC_AB_E|NA32Y,1MLC_AB_E,3,0.0,0.49747728956610365
1MLC_AB_E|NA92A,1MLC_AB_E,3,-1.2533532306380903,1.4968926081862874
"1MLC_AB_E|NA92A,SB57V,TB58D",1MLC_AB_E,3,-2.3941878479546888,0.7467313407375733
"1MLC_AB_E|NA92A,TB28D,SB57V,TB58D",1MLC_AB_E,3,-2.5813643360982774,0.6829787548861104
"1MLC_AB_E|NA92A,TB28D,SB57V,TB58D,EB35S,GB99D",1MLC_AB_E,3,-2.95392406092597,0.6983041451665208
"1MLC_AB_E|NA92A,TB28D,SB57V,TB58D,GB99D",1MLC_AB_E,3,-0.20357697516659604,0.8396152219382287
"1MLC_AB_E|NA92A,TB28D,SB57V,TB58D,NA32L",1MLC_AB_E,3,-2.5843081043232585,0.6302325627103821
"1MLC_AB_E|NA92A,TB28D,SB57V,TB58D,RB98M,DB100Q",1MLC_AB_E,3,-0.4104726258954247,0.4909305777892097
"1MLC_AB_E|NA92A,TB28D,SB57V,TB58D,SA91N,SA93A",1MLC_AB_E,3,-1.6104395649226786,0.8912096214767186
"1MLC_AB_E|NA92A,TB28D,SB57V,TB58D,SB30G",1MLC_AB_E,3,-2.358467263084657,0.6949446725532589
"1MLC_AB_E|NA92A,TB28D,SB57V,TB58D,YB32W,RB98V,DB100Q",1MLC_AB_E,3,0.36138764606860757,0.30045077759826183
"1MLC_AB_E|NA92A,TB28D,SB57V,TB58D,YB59E",1MLC_AB_E,3,-1.4661697780732883,1.405958282302583
1MLC_AB_E|SB57A,1MLC_AB_E,3,-0.3790216872364045,0.6014293212288984
1MLC_AB_E|SB57V,1MLC_AB_E,3,-0.4941806719632372,0.9023911000749041
"1MLC_AB_E|SB57V,TB58D",1MLC_AB_E,3,-0.9877286049709142,0.15898741885093293
1MLC_AB_E|TB28D,1MLC_AB_E,3,-0.15094383120912538,-0.14219146152974269
1MLC_AB_E|TB31A,1MLC_AB_E,3,0.44700674445019595,0.5466372871108284
1MLC_AB_E|TB31V,1MLC_AB_E,3,0.526240423896834,0.6259003959262053
1MLC_AB_E|TB31W,1MLC_AB_E,3,0.13214267045792708,0.579841755107252
1MLC_AB_E|TB58D,1MLC_AB_E,3,-0.5596823802525669,0.2268735080226177
1N8Z_AB_C|DB102W,1N8Z_AB_C,2,-0.713029427445415,0.1820073875040736
1N8Z_AB_C|FC539A,1N8Z_AB_C,2,0.03510282724125267,0.3026096476230241
1N8Z_AB_C|HA91F,1N8Z_AB_C,2,0.034232877175881214,1.5630464352609046
1N8Z_AB_C|LC509A,1N8Z_AB_C,2,-0.023045196667918287,0.26882129940984023
1N8Z_AB_C|NA30S,1N8Z_AB_C,2,0.06666316851255795,1.1022263231062541
"1N8Z_AB_C|NA30S,HA91F,YA92W",1N8Z_AB_C,2,-0.07476232571170208,-0.09125671690261583
"1N8Z_AB_C|NA30S,HA91F,YA92W,TA94S,DB102W,YB105F,YB109V",1N8Z_AB_C,2,0.050661404657741195,0.4785538392063746
1N8Z_AB_C|RB50A,1N8Z_AB_C,2,2.975475781131771,1.9673572559624117
1N8Z_AB_C|RB59A,1N8Z_AB_C,2,1.8037988313221698,1.2135323156822093
1N8Z_AB_C|SC535A,1N8Z_AB_C,2,0.03082709154122553,0.11324860109506135
1N8Z_AB_C|TA94S,1N8Z_AB_C,2,0.32168603333138673,0.7902732830899255
1N8Z_AB_C|VC536A,1N8Z_AB_C,2,0.008972699259683727,0.09039406974495579
1N8Z_AB_C|YB105F,1N8Z_AB_C,2,0.8540034498495414,1.148169379353641
1N8Z_AB_C|YB109V,1N8Z_AB_C,2,0.23192270966597844,0.332335144948463
1NCA_N_LH|DH101K,1NCA_N_LH,3,0.7141600193741655,2.8207771358497085
1NCA_N_LH|EH100D,1NCA_N_LH,3,0.4104726258954247,1.9309929858624761
1NCA_N_LH|NH102Q,1NCA_N_LH,3,0.5426152963533518,1.4976400601613216
1NCA_N_LH|NH31Q,1NCA_N_LH,3,0.0,0.39673268010308876
1NMB_N_LH|DH57E,1NMB_N_LH,3,2.9536281894125453,1.5955305798392143
1NMB_N_LH|DH57N,1NMB_N_LH,3,2.9536281894125453,1.5069993042698648
1NMB_N_LH|LL94V,1NMB_N_LH,3,0.9000207827996934,0.5438346803969597
1NMB_N_LH|TL93F,1NMB_N_LH,3,-0.023903161439329516,1.7290792679116365
1NMB_N_LH|TL93W,1NMB_N_LH,3,0.18419003635443576,1.6230165249907254
1NMB_N_LH|YH103A,1NMB_N_LH,3,2.1406200354352953,1.0784495720544294
1NMB_N_LH|YH105F,1NMB_N_LH,3,1.419410089682074,1.3794645321895131
1NMB_N_LH|YL32F,1NMB_N_LH,3,0.46632216743329763,1.722643759844379
1VFB_AB_C|DB100A,1VFB_AB_C,3,3.0050019447250693,1.338587809524784
"1VFB_AB_C|DB100A,SC24A",1VFB_AB_C,3,3.369755880155747,2.067401713594823
1VFB_AB_C|DB54A,1VFB_AB_C,3,0.8151113729778969,0.6247672911347815
"1VFB_AB_C|DB54A,TC118A",1VFB_AB_C,3,1.2546438671572453,1.662512873408002
1VFB_AB_C|DB58A,1VFB_AB_C,3,-0.2070033308494636,0.5616469114691044
1VFB_AB_C|DB58E,1VFB_AB_C,3,0.07808109446650993,0.4751810277367906
1VFB_AB_C|DB58N,1VFB_AB_C,3,-0.128181539823849,0.4707218699953008
1VFB_AB_C|DC119A,1VFB_AB_C,3,0.9530879222487765,1.390248005074431
1VFB_AB_C|DC18A,1VFB_AB_C,3,0.3401305812353603,1.2627986050357718
1VFB_AB_C|EB98A,1VFB_AB_C,3,1.1565572172947376,0.7839529779568084
1VFB_AB_C|GB31A,1VFB_AB_C,3,0.3064653332660626,0.3981418133990752
1VFB_AB_C|GB31E,1VFB_AB_C,3,-0.5097612734646775,0.3961451374523481
1VFB_AB_C|GB31W,1VFB_AB_C,3,0.003961130634078032,0.7792221420216753
1VFB_AB_C|HA30A,1VFB_AB_C,3,0.8448825768690336,0.5699587749342588
1VFB_AB_C|IC124A,1VFB_AB_C,3,1.231417877686274,0.8061113250639897
1VFB_AB_C|KC116A,1VFB_AB_C,3,0.7134503885860722,0.9080021351867875
1VFB_AB_C|LC129A,1VFB_AB_C,3,0.17154472302081378,0.29375561634394
1VFB_AB_C|NA31W,1VFB_AB_C,3,0.17432266280813558,0.358698370914128
1VFB_AB_C|NB56A,1VFB_AB_C,3,0.17771798481075002,0.18380666015692992
1VFB_AB_C|NC19A,1VFB_AB_C,3,0.3960868134899978,1.319462452991067
1VFB_AB_C|QC121A,1VFB_AB_C,3,2.876998030722869,2.042863750615626
1VFB_AB_C|RB99A,1VFB_AB_C,3,-0.09973530603762838,1.2373682468331137
1VFB_AB_C|RB99W,1VFB_AB_C,3,0.7049741821233699,1.0653109593987984
1VFB_AB_C|RB99Y,1VFB_AB_C,3,1.2353790083203522,1.0101468669073521
1VFB_AB_C|RC125A,1VFB_AB_C,3,1.8368998430089063,0.9507710668630308
1VFB_AB_C|SA93A,1VFB_AB_C,3,0.34312394980839533,0.09686472727840723
1VFB_AB_C|SB28D,1VFB_AB_C,3,0.0,-0.0845194311849548
1VFB_AB_C|SB28E,1VFB_AB_C,3,-0.10400729262936208,-0.030447496369929182
1VFB_AB_C|SB28N,1VFB_AB_C,3,0.1439474498251202,-0.0027567285795057563
1VFB_AB_C|SB28Q,1VFB_AB_C,3,0.07808109446650993,0.17026177448525853
1VFB_AB_C|SC24A,1VFB_AB_C,3,0.8509650460445002,0.6324194725156569
1VFB_AB_C|TA52F,1VFB_AB_C,3,0.4708751889930125,0.20110238245999598
1VFB_AB_C|TA53R,1VFB_AB_C,3,1.645851634215777,0.8522124695423239
1VFB_AB_C|TB30A,1VFB_AB_C,3,-0.05584954153787288,0.07223664097477554
1VFB_AB_C|TC118A,1VFB_AB_C,3,0.7650957102529766,0.8659502052271145
1VFB_AB_C|VC120A,1VFB_AB_C,3,0.9169498980161721,0.9840917715266077
1VFB_AB_C|WA92A,1VFB_AB_C,3,3.037848048911349,1.94906414388414
"1VFB_AB_C|WA92A,IC124A",1VFB_AB_C,3,3.850333628594933,3.257580702003532
"1VFB_AB_C|WA92A,LC129A",1VFB_AB_C,3,3.30736277124513,2.670821271363295
"1VFB_AB_C|WA92A,QC121A",1VFB_AB_C,3,3.518936533708353,4.371035902126258
"1VFB_AB_C|WA92A,RC125A",1VFB_AB_C,3,3.3932895790759905,3.335596102800976
1VFB_AB_C|WB52A,1VFB_AB_C,3,0.6406273632230096,2.915069685812682
"1VFB_AB_C|WB52A,DC119A",1VFB_AB_C,3,2.247372468904331,3.580528578102918
1VFB_AB_C|YA32A,1VFB_AB_C,3,1.528133495811876,2.3963583390022727
"1VFB_AB_C|YA32A,IC124A",1VFB_AB_C,3,2.905715745688272,3.5571765298823768
"1VFB_AB_C|YA32A,QC121A",1VFB_AB_C,3,1.586040962043826,4.81772309393908
1VFB_AB_C|YA49A,1VFB_AB_C,3,0.7975415796196004,1.4872017974376606
1VFB_AB_C|YA50A,1VFB_AB_C,3,0.4560860156563757,1.672021982714622
"1VFB_AB_C|YA50A,DC119A",1VFB_AB_C,3,1.231417877686274,2.949506394832717
"1VFB_AB_C|YA50A,DC18A",1VFB_AB_C,3,1.2659239571979675,3.182988533245638
1VFB_AB_C|YA50K,1VFB_AB_C,3,1.7156011957630868,1.4496638519539464
1VFB_AB_C|YA50R,1VFB_AB_C,3,0.8443240833898595,1.35055081148795
1VFB_AB_C|YB101F,1VFB_AB_C,3,1.2695644421463013,1.5732034585346772
"1VFB_AB_C|YB101F,DC119A",1VFB_AB_C,3,2.7365210844765877,2.1067218958246023
"1VFB_AB_C|YB101F,VC120A",1VFB_AB_C,3,2.538477771723654,2.3939047127550905
1VFB_AB_C|YB32A,1VFB_AB_C,3,0.7916793338041777,1.3463709477425794
"1VFB_AB_C|YB32A,KC116A",1VFB_AB_C,3,1.586040962043826,3.5962149858254597
1VFB_AB_C|YB32E,1VFB_AB_C,3,1.9021880393821837,0.9021014463848722
1VFB_AB_C|YC23A,1VFB_AB_C,3,0.4104726258954247,1.189455568042628
1XGP_AB_C|AB33F,1XGP_AB_C,3,-4.060661850178953,0.6567611167593842
1XGP_AB_C|AB33I,1XGP_AB_C,3,-2.260207037929468,0.9073098351497733
1XGP_AB_C|AB33L,1XGP_AB_C,3,-2.1988916123404776,0.90298529524943
1XGP_AB_C|AB33V,1XGP_AB_C,3,-1.152579268793733,0.849935591498271
1XGQ_AB_C|VB33A,1XGQ_AB_C,2,1.152579268793733,0.6524384751899168
1XGQ_AB_C|VB33F,1XGQ_AB_C,2,-2.90808258138522,-0.3502676553132432
1XGQ_AB_C|VB33I,1XGQ_AB_C,2,-1.107627769135735,0.11856410865418268
1XGQ_AB_C|VB33L,1XGQ_AB_C,2,-1.0463123435467445,0.29526170463042767
1XGR_AB_C|IB33A,1XGR_AB_C,4,2.260207037929468,1.2105197187399472
1XGR_AB_C|IB33F,1XGR_AB_C,4,-1.8004548122494848,-0.06092753646165454
1XGR_AB_C|IB33L,1XGR_AB_C,4,0.06131542558899044,0.3823840631234313
1XGR_AB_C|IB33V,1XGR_AB_C,4,1.107627769135735,0.8325070293389674
1XGT_AB_C|LB33A,1XGT_AB_C,0,2.1988916123404776,1.052964150854286
1XGT_AB_C|LB33F,1XGT_AB_C,0,-1.8617702378384753,-0.24612399385120134
1XGT_AB_C|LB33I,1XGT_AB_C,0,-0.06131542558899042,0.09849002841522349
1XGT_AB_C|LB33V,1XGT_AB_C,0,1.0463123435467445,0.7153688284262113
1XGU_AB_C|FB33A,1XGU_AB_C,1,4.060661850178953,2.656558220284903
1XGU_AB_C|FB33I,1XGU_AB_C,1,1.8004548122494848,1.5364606979557585
1XGU_AB_C|FB33L,1XGU_AB_C,1,1.8617702378384755,1.5758419761310716
1XGU_AB_C|FB33V,1XGU_AB_C,1,2.90808258138522,2.027541083370605
1YQV_HL_Y|RY45K,1YQV_HL_Y,2,1.8995041181971384,1.7463958595488462
"1YQV_HL_Y|RY68K,TY40S,IY55V,SY91T",1YQV_HL_Y,2,5.102064480538421,1.9481222049024463
"1YQV_HL_Y|RY68K,TY40S,IY55V,SY91T,QY121H",1YQV_HL_Y,2,0.0,1.3431039144283468
1YY9_CD_A|AC25P,1YY9_CD_A,2,0.07225564578596554,-0.18862304621633316
1YY9_CD_A|AD98P,1YY9_CD_A,2,1.0372273144190718,-0.2600600884427781
1YY9_CD_A|GD54P,1YY9_CD_A,2,0.268070446865105,-0.11960183758256585
1YY9_CD_A|LD29P,1YY9_CD_A,2,0.03082709154122553,0.5397642413403227
1YY9_CD_A|NC93A,1YY9_CD_A,2,-0.7418697207820053,1.1516400702465155
1YY9_CD_A|ND56A,1YY9_CD_A,2,-0.05704601324271959,0.6491012631451638
1YY9_CD_A|SC26D,1YY9_CD_A,2,-0.1992544244286536,0.16613186495319143
"1YY9_CD_A|SC26D,TC31E,NC93A",1YY9_CD_A,2,-1.3329436755692583,0.49966580721782783
"1YY9_CD_A|SC26D,TC31E,NC93A,ND56A,TD61E",1YY9_CD_A,2,-0.6517934990401933,-0.34709754666329806
1YY9_CD_A|SC26P,1YY9_CD_A,2,-0.009110746191202215,0.08971042646461294
1YY9_CD_A|SC28P,1YY9_CD_A,2,-0.22229962109657186,-0.1326008148615095
1YY9_CD_A|SC54P,1YY9_CD_A,2,-0.01836385353984238,-0.09022081313671215
1YY9_CD_A|SD53P,1YY9_CD_A,2,0.8175451267267861,0.0016583260099183276
1YY9_CD_A|TC31E,1YY9_CD_A,2,-0.5189246643934198,0.05641593588376595
"1YY9_CD_A|TC31E,NC93A",1YY9_CD_A,2,-0.8185330821753881,0.6214039358478581
1YY9_CD_A|TC96P,1YY9_CD_A,2,4.003150803737542,0.06274216579026952
1YY9_CD_A|TD61E,1YY9_CD_A,2,-0.05704601324271959,-0.16776448070881195
1YY9_CD_A|WD52P,1YY9_CD_A,2,1.4782712091913073,1.1337794601684772
1YY9_CD_A|YD101P,1YY9_CD_A,2,1.6514195080225473,0.9670263503915554
2B2X_HL_A|EH64K,2B2X_HL_A,1,-0.03343366436022903,0.19431418312792492
"2B2X_HL_A|EH64K,QL28S,YL52N",2B2X_HL_A,1,0.9116150289267015,-0.11583651439710725
"2B2X_HL_A|EH64K,QL28S,YL52N,GH102S",2B2X_HL_A,1,2.7106704045088437,-0.2003971870597548
"2B2X_HL_A|EH64K,QL28S,YL52N,SH35A",2B2X_HL_A,1,3.119054185833526,0.05359183501992744
"2B2X_HL_A|EH64K,QL28S,YL52N,SH35V",2B2X_HL_A,1,3.7703350059684864,-0.23475600963775156
"2B2X_HL_A|EH64K,YL52N",2B2X_HL_A,1,0.3485300204845106,-0.15045169714488
"2B2X_HL_A|QL28S,YL52N",2B2X_HL_A,1,0.8626942080332736,1.2116968759172162
2B2X_HL_A|VH50T,2B2X_HL_A,1,0.02405465220234371,0.6377422764296081
"2B2X_HL_A|VH50T,EH64D,QL28S,YL52N",2B2X_HL_A,1,0.8717719502019275,0.8206216252465152
"2B2X_HL_A|VH50T,EH64K,QL28S",2B2X_HL_A,1,0.9915890205784184,-0.28929568583723486
"2B2X_HL_A|VH50T,EH64K,QL28S,YL52D",2B2X_HL_A,1,1.5439764274700263,0.3994135213694266
"2B2X_HL_A|VH50T,EH64K,QL28S,YL52E",2B2X_HL_A,1,0.9545290386622024,-0.06523696954627463
"2B2X_HL_A|VH50T,EH64K,QL28S,YL52K",2B2X_HL_A,1,1.7007238699118865,-0.1382424890650835
"2B2X_HL_A|VH50T,EH64K,QL28S,YL52N",2B2X_HL_A,1,1.0432139096800839,0.4700180465381423
"2B2X_HL_A|VH50T,EH64K,QL28S,YL52N,FH99W",2B2X_HL_A,1,1.0432139096800839,-0.0981748513703458
"2B2X_HL_A|VH50T,EH64K,QL28S,YL52N,FH99Y",2B2X_HL_A,1,1.7978828463716163,0.28101267903038935
"2B2X_HL_A|VH50T,EH64K,QL28S,YL52N,GH100F",2B2X_HL_A,1,1.4322318795865052,-0.964101237723493
"2B2X_HL_A|VH50T,EH64K,QL28S,YL52N,GH100L",2B2X_HL_A,1,3.7703350059684864,-0.9069675268228922
"2B2X_HL_A|VH50T,EH64K,QL28S,YL52N,GH100M",2B2X_HL_A,1,1.1453479328255054,-0.846257887043355
"2B2X_HL_A|VH50T,EH64K,QL28S,YL52N,GH100S",2B2X_HL_A,1,1.6009613999641688,-0.5606422334048257
"2B2X_HL_A|VH50T,EH64K,QL28S,YL52N,GH53A",2B2X_HL_A,1,1.55582055872093,-0.16895447959914256
"2B2X_HL_A|VH50T,EH64K,QL28S,YL52N,GH53N",2B2X_HL_A,1,2.298527292817972,0.26942758191006455
"2B2X_HL_A|VH50T,EH64K,QL28S,YL52N,GH53S",2B2X_HL_A,1,1.7188073153627723,0.2792806938333036
"2B2X_HL_A|VH50T,EH64K,QL28S,YL52N,GH54I",2B2X_HL_A,1,2.4067744578242847,-0.7516353747480646
"2B2X_HL_A|VH50T,EH64K,QL28S,YL52N,GH54T",2B2X_HL_A,1,2.207380678924627,-0.29183267770147425
"2B2X_HL_A|VH50T,EH64K,QL28S,YL52N,GH54Y",2B2X_HL_A,1,1.0432139096800839,-0.6428707113352403
"2B2X_HL_A|VH50T,EH64K,QL28S,YL52N,GL92Q",2B2X_HL_A,1,2.6158988910929297,-0.1580874860875797
"2B2X_HL_A|VH50T,EH64K,QL28S,YL52N,GL92S",2B2X_HL_A,1,1.55582055872093,-0.12576093534738855
"2B2X_HL_A|VH50T,EH64K,QL28S,YL52N,HL31K",2B2X_HL_A,1,2.207380678924627,0.5880546568158023
"2B2X_HL_A|VH50T,EH64K,QL28S,YL52N,HL31R",2B2X_HL_A,1,2.167011606877905,0.28889176688087037
"2B2X_HL_A|VH50T,EH64K,QL28S,YL52N,HL31W",2B2X_HL_A,1,2.298527292817972,-0.1506795503350235
"2B2X_HL_A|VH50T,EH64K,QL28S,YL52N,LH60D",2B2X_HL_A,1,0.981893992995089,0.39952714748312934
"2B2X_HL_A|VH50T,EH64K,QL28S,YL52N,LL49F",2B2X_HL_A,1,1.7554936376893253,-0.12844515337751938
"2B2X_HL_A|VH50T,EH64K,QL28S,YL52N,LL49K",2B2X_HL_A,1,1.9044148380673935,0.08192990778225323
"2B2X_HL_A|VH50T,EH64K,QL28S,YL52N,LL49W",2B2X_HL_A,1,2.950781498230211,-0.49392460112370834
"2B2X_HL_A|VH50T,EH64K,QL28S,YL52N,NL30V",2B2X_HL_A,1,2.0925434002704857,-0.86609236912465
"2B2X_HL_A|VH50T,EH64K,QL28S,YL52N,NL30W",2B2X_HL_A,1,2.6158988910929297,-0.6015333159352959
"2B2X_HL_A|VH50T,EH64K,QL28S,YL52N,NL30Y",2B2X_HL_A,1,2.950781498230211,-0.6398634900648751
"2B2X_HL_A|VH50T,EH64K,QL28S,YL52N,NL30Y,SL91I",2B2X_HL_A,1,1.4775820410271223,-0.4179804371239392
"2B2X_HL_A|VH50T,EH64K,QL28S,YL52N,RH31Q",2B2X_HL_A,1,2.3505419955994196,0.39687225344437405
"2B2X_HL_A|VH50T,EH64K,QL28S,YL52N,SH35A",2B2X_HL_A,1,2.6158988910929297,0.6072266643631038
"2B2X_HL_A|VH50T,EH64K,QL28S,YL52N,SH35A,GH102S",2B2X_HL_A,1,2.6158988910929297,0.07155282852352919
"2B2X_HL_A|VH50T,EH64K,QL28S,YL52N,SH35Q",2B2X_HL_A,1,3.7703350059684864,-0.04032790100055971
"2B2X_HL_A|VH50T,EH64K,QL28S,YL52N,SH35V,GH102S",2B2X_HL_A,1,2.468888824992029,0.2244883014054707
"2B2X_HL_A|VH50T,EH64K,QL28S,YL52N,SH52M",2B2X_HL_A,1,3.119054185833526,0.13278636743309064
"2B2X_HL_A|VH50T,EH64K,QL28S,YL52N,SL24R",2B2X_HL_A,1,0.827881625224536,-0.18352148009469338
"2B2X_HL_A|VH50T,EH64K,QL28S,YL52N,SL91Q",2B2X_HL_A,1,2.8172470837197094,0.18018546006698136
"2B2X_HL_A|VH50T,EH64K,QL28S,YL52N,SL91R",2B2X_HL_A,1,3.7703350059684864,0.17332352050812735
"2B2X_HL_A|VH50T,EH64K,QL28S,YL52N,SL91R,NL30E",2B2X_HL_A,1,3.7703350059684864,-0.30382245781387146
"2B2X_HL_A|VH50T,EH64K,QL28S,YL52N,SL91T",2B2X_HL_A,1,3.3598623800730616,-0.12034888241537489
"2B2X_HL_A|VH50T,EH64K,QL28S,YL52N,TH33E,GH53Q",2B2X_HL_A,1,2.7106704045088437,0.33914064458911064
"2B2X_HL_A|VH50T,EH64K,QL28S,YL52N,TH33I,SH52T,GH53N,GH54N",2B2X_HL_A,1,2.950781498230211,0.020514072190970987
"2B2X_HL_A|VH50T,EH64K,QL28S,YL52N,TH33I,SH52T,GH53Q,GH54F",2B2X_HL_A,1,2.298527292817972,0.12038141589067063
"2B2X_HL_A|VH50T,EH64K,QL28S,YL52N,TH33N",2B2X_HL_A,1,3.7703350059684864,0.672446012103062
"2B2X_HL_A|VH50T,EH64K,QL28S,YL52N,TH33V",2B2X_HL_A,1,1.4775820410271223,0.13525066687930226
"2B2X_HL_A|VH50T,EH64K,QL28S,YL52N,WL90Q",2B2X_HL_A,1,3.119054185833526,0.28533609979875535
"2B2X_HL_A|VH50T,EH64K,QL28S,YL52N,WL90Q,FL33Y",2B2X_HL_A,1,1.914232932346981,0.35494096828539495
"2B2X_HL_A|VH50T,EH64K,QL28S,YL52N,YH58E",2B2X_HL_A,1,3.119054185833526,0.791897231190296
"2B2X_HL_A|VH50T,EH64K,QL28S,YL52N,YH58Q",2B2X_HL_A,1,3.119054185833526,0.8188059441516555
"2B2X_HL_A|VH50T,EH64K,QL28S,YL52N,YH58W",2B2X_HL_A,1,1.8641591614709332,0.07499033148796137
"2B2X_HL_A|VH50T,EH64K,QL28S,YL52N,YH59E",2B2X_HL_A,1,1.5872209500860097,0.7232560919301142
"2B2X_HL_A|VH50T,EH64K,QL28S,YL52R",2B2X_HL_A,1,1.888054666922547,-0.2957108022422941
"2B2X_HL_A|VH50T,EH64K,YL52N",2B2X_HL_A,1,0.28173435763652294,-0.2439079671988473
"2B2X_HL_A|VH50T,EH64N,QL28S,YL52N",2B2X_HL_A,1,1.0069424592842302,0.776080153084381
"2B2X_HL_A|VH50T,EH64Q,QL28S,YL52N",2B2X_HL_A,1,0.9655992405584216,0.5729195431928573
"2B2X_HL_A|VH50T,EH64Q,QL28S,YL52N,LH60D",2B2X_HL_A,1,1.086203251269416,0.43558702465577315
"2B2X_HL_A|VH50T,QL28S,YL52N",2B2X_HL_A,1,0.9655992405584216,0.6552342189229196
"2B2X_HL_A|VH50T,QL28S,YL52N,LH60D",2B2X_HL_A,1,0.901413419473541,0.33416432264670964
"2B2X_HL_A|VH50T,YL52N",2B2X_HL_A,1,0.18636755577293287,0.3065882955613152
2B2X_HL_A|YL52E,2B2X_HL_A,1,-0.22410507012249184,0.3284475030624079
2BDN_HL_A|DH31E,2BDN_HL_A,4,1.0852305927067036,0.7307250858570244
2BDN_HL_A|LH27K,2BDN_HL_A,4,0.8740123912399325,0.40165510216760225
2BDN_HL_A|LH27R,2BDN_HL_A,4,0.650583719616792,0.385595402365722
2BDN_HL_A|NH28D,2BDN_HL_A,4,0.13214267045792708,0.045966738813199355
2BDN_HL_A|NH28Q,2BDN_HL_A,4,1.3994616502605026,-0.018896805749865648
2BDN_HL_A|NL31K,2BDN_HL_A,4,3.4897714342222113,0.17912854492501679
2BDN_HL_A|NL31R,2BDN_HL_A,4,-0.917186820132475,0.1456912453338392
2BDN_HL_A|SL53D,2BDN_HL_A,4,-0.16057309738499756,0.0569082960564434
2BDN_HL_A|SL53E,2BDN_HL_A,4,-0.8513204647738647,0.03531110993142246
2BDN_HL_A|TL56D,2BDN_HL_A,4,-0.42546549814058404,0.046963233670720805
2BDN_HL_A|TL56E,2BDN_HL_A,4,-0.6888025813329224,0.054385337701706636
2BDN_HL_A|YL30K,2BDN_HL_A,4,0.6747579668112789,1.198393823463418
2JEL_LH_P|AP82S,2JEL_LH_P,3,0.0,0.2357209697810406
2JEL_LH_P|DP69E,2JEL_LH_P,3,0.9530879222487765,0.5983868312811097
2JEL_LH_P|EP5D,2JEL_LH_P,3,0.4104726258954247,0.27026241018674063
2JEL_LH_P|EP5Q,2JEL_LH_P,3,0.7129768285274093,0.26122254333151773
2JEL_LH_P|EP68A,2JEL_LH_P,3,0.4104726258954247,0.20441099749462188
2JEL_LH_P|EP75R,2JEL_LH_P,3,2.7271210962884025,0.6552135772364271
2JEL_LH_P|EP83A,2JEL_LH_P,3,0.0,0.26962830126261156
2JEL_LH_P|EP85A,2JEL_LH_P,3,0.0,0.1425502460983854
2JEL_LH_P|EP85D,2JEL_LH_P,3,0.0,0.08444884701116848
2JEL_LH_P|EP85K,2JEL_LH_P,3,0.0,0.027156882270765396
2JEL_LH_P|EP85Q,2JEL_LH_P,3,0.0,0.05565762610786805
2JEL_LH_P|FP2W,2JEL_LH_P,3,2.619152673024962,0.6715209295392269
2JEL_LH_P|FP2Y,2JEL_LH_P,3,0.0,0.4214184513773686
2JEL_LH_P|HP76A,2JEL_LH_P,3,-0.4104726258954247,0.6526285092913736
2JEL_LH_P|HP76D,2JEL_LH_P,3,-0.6505837196167918,0.5229853616363705
2JEL_LH_P|KP24E,2JEL_LH_P,3,0.0,0.057322842715247804
2JEL_LH_P|KP27E,2JEL_LH_P,3,0.0,0.15905048696129895
2JEL_LH_P|KP72E,2JEL_LH_P,3,0.4104726258954247,0.9058163326846278
2JEL_LH_P|KP72R,2JEL_LH_P,3,0.0,0.674294190251273
2JEL_LH_P|KP79E,2JEL_LH_P,3,0.4104726258954247,0.12588397075955393
2JEL_LH_P|NP12D,2JEL_LH_P,3,0.0,0.08921620048283875
2JEL_LH_P|NP38T,2JEL_LH_P,3,0.0,0.28070512427520444
2JEL_LH_P|PP11E,2JEL_LH_P,3,0.0,-0.012003431862455971
2JEL_LH_P|QP3K,2JEL_LH_P,3,4.090681644432603,1.0910094476987766
2JEL_LH_P|QP4K,2JEL_LH_P,3,1.3635605481442012,1.069248254741174
2JEL_LH_P|QP57E,2JEL_LH_P,3,-0.4104726258954247,0.10834393319775461
2JEL_LH_P|QP71E,2JEL_LH_P,3,2.7271210962884025,1.8868869251851161
2JEL_LH_P|RP17G,2JEL_LH_P,3,0.0,0.4198540177034745
2JEL_LH_P|RP17K,2JEL_LH_P,3,0.0,0.12580148533962704
2JEL_LH_P|SP41C,2JEL_LH_P,3,1.4957032186021284,0.6036845338614067
2JEL_LH_P|SP43C,2JEL_LH_P,3,0.0,0.25709911158436427
2JEL_LH_P|SP46C,2JEL_LH_P,3,0.0,0.44842948360511165
2JEL_LH_P|SP64T,2JEL_LH_P,3,4.090681644432603,0.6586453864409931
2JEL_LH_P|TP34Q,2JEL_LH_P,3,0.0,0.7881197299997124
2JEL_LH_P|TP36Q,2JEL_LH_P,3,0.4104726258954247,0.20447927118696696
2JEL_LH_P|TP62A,2JEL_LH_P,3,0.0,0.5097268616485857
2JEL_LH_P|TP62N,2JEL_LH_P,3,0.0,0.3581775087565958
2JEL_LH_P|TP7N,2JEL_LH_P,3,0.4104726258954247,0.14848272096208645
2JEL_LH_P|TP7S,2JEL_LH_P,3,0.0,0.314110998342115
2JEL_LH_P|VP6F,2JEL_LH_P,3,0.0,0.25876292771389586
"2NY7_HL_G|CG27I,CG226Q",2NY7_HL_G,3,0.19971906691761454,-0.5987152802589539
"2NY7_HL_G|CG27I,CG226Q,MG231A",2NY7_HL_G,3,0.20319231336560759,-1.1397562093920854
"2NY7_HL_G|GG229C,MG231A",2NY7_HL_G,3,-0.37879733155203865,0.3833892826706245
"2NY7_HL_G|GG229C,WG13M,MG231A,CG14W,CG110V,CG27I,CG226Q",2NY7_HL_G,3,0.21462484646141824,-1.0366924167589098
"2NY7_HL_G|KG66C,EG102C,CG27I,CG226Q",2NY7_HL_G,3,0.040856669292713595,-1.0601205637684996
"2NY7_HL_G|KG66C,EG102C,WG13M,MG231A,CG14W,CG110V,CG27I,CG226Q",2NY7_HL_G,3,0.3998023043882078,-1.7589874715450016
"2NY7_HL_G|KG66C,EG103C,WG13M,MG231A,CG14W,CG110V,CG27I,CG226Q",2NY7_HL_G,3,0.29989544589412276,-1.7599083310698171
"2NY7_HL_G|WG13M,MG231A,CG14W,CG110V",2NY7_HL_G,3,1.157433472243309,-1.1289391559024617
"2NY7_HL_G|WG13M,MG231A,CG14W,CG110V,CG27I,CG226Q",2NY7_HL_G,3,0.4490472622223162,-1.5272358965008832
"2NY7_HL_G|WG13M,MG231A,CG14W,CG110V,KG66C,EG102C",2NY7_HL_G,3,0.5510152502676315,-1.137309206601595
"2NY7_HL_G|WG13M,SG92T,WG181S,MG231A,CG14W,CG110V,CG27I,CG226Q",2NY7_HL_G,3,-0.30358978831051725,-1.276553157391197
2NYY_DC_A|DA1030A,2NYY_DC_A,4,0.009336901019136961,1.1608267691573642
2NYY_DC_A|DA1034A,2NYY_DC_A,4,2.529793700530561,1.5919276801446804
2NYY_DC_A|DC30Y,2NYY_DC_A,4,0.6411356056066428,0.5719690880958544
2NYY_DC_A|EA892A,2NYY_DC_A,4,2.8391321834589025,1.0763159121863712
2NYY_DC_A|ED5Q,2NYY_DC_A,4,-0.24798711254574146,0.7985939278470588
2NYY_DC_A|FA889A,2NYY_DC_A,4,0.41936592725470756,1.0369931689570107
2NYY_DC_A|FA925A,2NYY_DC_A,4,4.058502782107726,2.192004893104024
2NYY_DC_A|HA1036A,2NYY_DC_A,4,7.319429110408094,2.1745649789939305
2NYY_DC_A|HC34R,2NYY_DC_A,4,0.1008846879181937,0.6224854847749158
2NYY_DC_A|IA928A,2NYY_DC_A,4,-0.00948750267485315,0.9271016192581465
2NYY_DC_A|KA1028A,2NYY_DC_A,4,-0.02893431226102725,0.9786204299289651
2NYY_DC_A|KA875A,2NYY_DC_A,4,0.2909864704092658,0.5461306004776038
2NYY_DC_A|KA895A,2NYY_DC_A,4,-0.1401458362723315,0.21158844373517446
2NYY_DC_A|KD29R,2NYY_DC_A,4,0.07138596261504455,0.2782581549703635
"2NYY_DC_A|KD29S,YD30D,DD31H,SD60P",2NYY_DC_A,4,0.04961051048601239,1.3927737426413036
2NYY_DC_A|LA891A,2NYY_DC_A,4,2.589210614438516,1.1237238538376144
2NYY_DC_A|MD33Q,2NYY_DC_A,4,-0.05986984428276218,0.7734323379945703
2NYY_DC_A|NA890A,2NYY_DC_A,4,0.8904404700136017,1.4644392026841448
2NYY_DC_A|NA926A,2NYY_DC_A,4,0.09934821578571114,1.8986820739997827
2NYY_DC_A|QA887A,2NYY_DC_A,4,0.5208144871575424,0.4884334526653552
2NYY_DC_A|RA1033A,2NYY_DC_A,4,0.8201225284157174,1.3547309356593458
2NYY_DC_A|RA1266A,2NYY_DC_A,4,0.2995320795063985,0.8790073190255308
2NYY_DC_A|SA874A,2NYY_DC_A,4,-0.2303217484653839,0.3752800890914124
2NYY_DC_A|SA927A,2NYY_DC_A,4,0.0,0.6735835735276744
2NYY_DC_A|SC28Q,2NYY_DC_A,4,0.41338278690971186,0.27444847294710145
2NYY_DC_A|SC31N,2NYY_DC_A,4,-0.35338264247069057,1.267738759595945
2NYY_DC_A|TA1035A,2NYY_DC_A,4,1.6308711042288015,0.7117779342280816
2NYY_DC_A|VD36I,2NYY_DC_A,4,-0.21317148364697505,0.8394779680920258
"2NYY_DC_A|VD36I,ED5Q",2NYY_DC_A,4,-0.0490460974438906,0.9292872016852876
2NYY_DC_A|YD30D,2NYY_DC_A,4,0.06462482595019871,1.1422680643096341
2NYY_DC_A|YD30Q,2NYY_DC_A,4,0.12897443721085042,1.1352038380149485
2NYY_DC_A|YD56Q,2NYY_DC_A,4,0.5196862021307793,1.5233841769533785
2NZ9_DC_A|DA1030A,2NZ9_DC_A,4,-0.031082603509837065,1.1456461418504384
2NZ9_DC_A|DA1034A,2NZ9_DC_A,4,2.339603241477582,1.5403898393785427
2NZ9_DC_A|EA892A,2NZ9_DC_A,4,2.7703599651357016,1.113576650559628
2NZ9_DC_A|FA889A,2NZ9_DC_A,4,-0.04961051048601243,0.8760570836369027
2NZ9_DC_A|FA925A,2NZ9_DC_A,4,3.3404390655451,1.9972414032787142
2NZ9_DC_A|HA1036A,2NZ9_DC_A,4,7.4197029944632416,1.8100511853224146
2NZ9_DC_A|IA928A,2NZ9_DC_A,4,0.06928144368457617,0.5971129947202481
2NZ9_DC_A|KA1028A,2NZ9_DC_A,4,-0.008714417367368596,0.9880648941395855
2NZ9_DC_A|KA875A,2NZ9_DC_A,4,0.5407010802718493,0.4964344279192195
2NZ9_DC_A|KA895A,2NZ9_DC_A,4,-0.29975356587392177,0.17920397595092447
2NZ9_DC_A|LA891A,2NZ9_DC_A,4,2.2799648402092556,1.416392693996679
2NZ9_DC_A|NA890A,2NZ9_DC_A,4,2.160031833617493,1.450392692394266
2NZ9_DC_A|NA926A,2NZ9_DC_A,4,-0.1521673371577774,1.590613572526429
2NZ9_DC_A|QA887A,2NZ9_DC_A,4,0.09926053848245106,0.5287816939817793
2NZ9_DC_A|RA1033A,2NZ9_DC_A,4,0.29088097091770876,1.4334262474472423
2NZ9_DC_A|RA1266A,2NZ9_DC_A,4,0.3901578925498147,1.0820714819934178
2NZ9_DC_A|SA874A,2NZ9_DC_A,4,-0.11948046088661335,0.2073184088841116
2NZ9_DC_A|SA927A,2NZ9_DC_A,4,-0.0785448227470397,0.3593916458948104
"2NZ9_DC_A|SD29K,DD30Y,HD31D",2NZ9_DC_A,4,-0.04961051048601243,0.45802924676934337
2NZ9_DC_A|TA1035A,2NZ9_DC_A,4,2.370381937766192,0.7327591428649105
2VIR_AB_C|SC115L,2VIR_AB_C,1,3.6802090185371785,1.6313533775149704
2VIR_AB_C|TC89I,2VIR_AB_C,1,4.911626896223453,0.8455193904434889
2VIS_AB_C|IC89T,2VIS_AB_C,4,-4.911626896223453,1.2332330426967204
"3BDY_HL_V|DL28N,PL30A,RL31K,SL32T,TL97S,TL98S",3BDY_HL_V,0,-0.969079330340199,0.31587066726452123
"3BDY_HL_V|DL28N,PL30A,RL31K,SL32T,TL97S,TL98S,KH31S,DH32G,TH55S,NH56E,GH101V,DH103V",3BDY_HL_V,0,-2.715489725298464,-1.5099603142995854
"3BDY_HL_V|DL28N,PL30A,RL31K,SL32T,TL97S,TL98S,KH31S,DH32G,TH55S,NH56E,GH101V,DH103V,RH51A,RH60A",3BDY_HL_V,0,-2.7728781616623683,-1.2717807068223093
"3BDY_HL_V|DL28N,PL30A,RL31K,SL32T,YL57F,TL97S,TL98S",3BDY_HL_V,0,-0.9731639743896866,0.24239501296070146
"3BDY_HL_V|DL28N,PL30A,RL31K,SL32T,YL57F,TL97S,TL98S,KH31S,DH32G,TH55S,NH56E,GH101V,DH103V",3BDY_HL_V,0,-2.727121096288402,-1.6449340806909014
"3BE1_HL_A|DL28N,PL30A,RL31K,SL32T,TL97S,TL98S",3BE1_HL_A,4,-0.6860794092074413,-0.22760004329019132
"3BE1_HL_A|DL28N,PL30A,RL31K,SL32T,TL97S,TL98S,KH30S,DH31G,TH54S,NH55E,GH100V,DH102V",3BE1_HL_A,4,-2.7728781616623683,-1.0800694054634692
"3BE1_HL_A|DL28N,PL30A,RL31K,SL32T,TL97S,TL98S,KH30S,DH31G,TH54S,NH55E,GH100V,DH102V,YL36A",3BE1_HL_A,4,-3.190237912153354,-0.3087198189222427
"3BE1_HL_A|DL28N,PL30A,RL31K,SL32T,TL97S,TL98S,KH30S,DH31G,TH54S,NH55E,GH100V,DH102V,YL36A,IL33A",3BE1_HL_A,4,-2.7728781616623683,-0.21954493266081224
"3BE1_HL_A|DL28N,PL30A,RL31K,SL32T,YL57F,TL97S,TL98S",3BE1_HL_A,4,-0.8683454884563075,-0.3688864436908752
"3BE1_HL_A|DL28N,PL30A,RL31K,SL32T,YL57F,TL97S,TL98S,KH30S,DH31G,TH54S,NH55E,GH100V,DH102V",3BE1_HL_A,4,-2.8824897562173004,-1.0287850644667786
3BN9_B_CD|DB214A,3BN9_B_CD,3,0.5662115182976514,0.9550415573022671
3BN9_B_CD|DB46A,3BN9_B_CD,3,0.42238825570624616,0.4615927257148029
3BN9_B_CD|DB47A,3BN9_B_CD,3,0.3111075523311248,1.151660569881697
3BN9_B_CD|EB163A,3BN9_B_CD,3,0.3732158875782596,0.2951402664302942
3BN9_B_CD|FB50A,3BN9_B_CD,3,-0.04499785275484606,0.5829466955966959
3BN9_B_CD|FB89A,3BN9_B_CD,3,0.6392419016537956,0.7241970219190128
3BN9_B_CD|HB138A,3BN9_B_CD,3,0.08506331530766248,0.534987686097032
3BN9_B_CD|IB26A,3BN9_B_CD,3,0.0,0.42189047423362147
3BN9_B_CD|IB45A,3BN9_B_CD,3,0.8352155042736148,0.682167552573717
3BN9_B_CD|KB221A,3BN9_B_CD,3,0.7849689179115298,0.4728624836457997
3BN9_B_CD|LB147A,3BN9_B_CD,3,0.33619215607968195,0.22774417141723233
3BN9_B_CD|NB90A,3BN9_B_CD,3,0.7733443758479173,1.5081400053976195
3BN9_B_CD|PD104H,3BN9_B_CD,3,2.427254701233001,0.4353841596490234
3BN9_B_CD|QB140A,3BN9_B_CD,3,0.13310479385689233,0.26942620318198857
3BN9_B_CD|QB168A,3BN9_B_CD,3,-0.03469869191274095,0.17709631438075998
3BN9_B_CD|QB169A,3BN9_B_CD,3,2.508984745793367,2.3431260958520346
3BN9_B_CD|QB218A,3BN9_B_CD,3,0.705710641392271,0.7408376263365801
3BN9_B_CD|QB23A,3BN9_B_CD,3,-0.4153068308781956,0.3339897225375344
3BN9_B_CD|QD105V,3BN9_B_CD,3,1.2241027312834631,1.096972420786433
3BN9_B_CD|RB219A,3BN9_B_CD,3,-0.09369817078067486,0.20495208604404128
3BN9_B_CD|RB48A,3BN9_B_CD,3,-0.04499785275484606,0.5310709960725074
3BN9_B_CD|RB51A,3BN9_B_CD,3,-0.0715577669882364,0.1725027961234871
3BN9_B_CD|RB82A,3BN9_B_CD,3,-0.1592328617106771,0.22510091141267594
3BN9_B_CD|SD30G,3BN9_B_CD,3,1.1861068734569196,1.5185787130364439
3BN9_B_CD|SD30N,3BN9_B_CD,3,1.1455049629643492,1.6056756647794748
3BN9_B_CD|TB144A,3BN9_B_CD,3,0.29083511921617156,0.27217351166338294
3BN9_B_CD|TB93A,3BN9_B_CD,3,1.1320528041219742,1.3987958527289357
3BN9_B_CD|TD102Q,3BN9_B_CD,3,-0.02153643961790373,0.0908440796081044
3BN9_B_CD|TD102R,3BN9_B_CD,3,-0.05829491385704059,0.16982620055562497
3BN9_B_CD|TD28R,3BN9_B_CD,3,0.3329058519365953,0.6259304277266765
3BN9_B_CD|YB141A,3BN9_B_CD,3,1.0846525674565162,2.2377222887730364
3BN9_B_CD|YB52A,3BN9_B_CD,3,0.018951595610841282,0.749496705683989
3BN9_B_CD|YD103S,3BN9_B_CD,3,0.45868574782483074,1.4065175211627963
"3G6D_LH_A|EL3V,GL76R,TL77V,QL78E,EL80G",3G6D_LH_A,1,0.1398169051370187,0.02594466646437939
"3G6D_LH_A|EL3V,GL76R,TL77V,QL78E,EL80G,DH54N",3G6D_LH_A,1,0.11117811579204974,-0.10995889073434505
"3G6D_LH_A|EL3V,GL76R,TL77V,QL78E,EL80G,TL89S,ML92I,VL93D,TL94K",3G6D_LH_A,1,0.27145104244063806,0.013927596290672388
3G6D_LH_A|HH104A,3G6D_LH_A,1,-0.9530879222487766,0.48539644169587315
"3G6D_LH_A|KH210T,KH215T",3G6D_LH_A,1,-0.1329478192179877,0.23788976941645446
"3G6D_LH_A|TL89S,ML92I,VL93D,TL94K",3G6D_LH_A,1,0.7979766788950249,0.03522478290116726
3G6D_LH_A|WH105A,3G6D_LH_A,1,-1.4965083673621888,3.0237205597904278
3HFM_HL_Y|DH32A,3HFM_HL_Y,0,1.8982269087481058,0.7145162882080648
"3HFM_HL_Y|DH32A,KY97A",3HFM_HL_Y,0,4.592440271493242,2.1929358494106945
"3HFM_HL_Y|DH32A,KY97M",3HFM_HL_Y,0,1.123449454422834,1.503900600232142
3HFM_HL_Y|DH32N,3HFM_HL_Y,0,0.17036153217405742,0.7087972488237745
"3HFM_HL_Y|DH32N,KY97A",3HFM_HL_Y,0,4.891550844082543,1.4053330785363425
"3HFM_HL_Y|DH32N,KY97M",3HFM_HL_Y,0,0.3025042026319846,0.9195222518268477
3HFM_HL_Y|DY101A,3HFM_HL_Y,0,1.208191888215303,2.279206596610833
3HFM_HL_Y|DY101E,3HFM_HL_Y,0,2.132880910833385,1.9701911802067413
3HFM_HL_Y|DY101F,3HFM_HL_Y,0,2.328261465128463,2.0236580423013057
3HFM_HL_Y|DY101G,3HFM_HL_Y,0,0.35884773679375925,2.0337222553601326
3HFM_HL_Y|DY101K,3HFM_HL_Y,0,2.124539699784272,2.113742477303733
3HFM_HL_Y|DY101N,3HFM_HL_Y,0,1.4911125311274644,1.7442102223474234
3HFM_HL_Y|DY101Q,3HFM_HL_Y,0,2.085174533183542,2.0462039632174442
3HFM_HL_Y|DY101R,3HFM_HL_Y,0,2.279872601798641,1.9329978666449146
3HFM_HL_Y|DY101S,3HFM_HL_Y,0,1.869399975903216,1.7043029525901259
3HFM_HL_Y|GY102V,3HFM_HL_Y,0,0.395285019403917,1.217407992260136
3HFM_HL_Y|HY15A,3HFM_HL_Y,0,-0.4453171945971285,1.2641447240984958
3HFM_HL_Y|IY98A,3HFM_HL_Y,0,0.0,0.9872203153182253
3HFM_HL_Y|KY96A,3HFM_HL_Y,0,6.988164272895063,2.55869769567275
3HFM_HL_Y|KY96M,3HFM_HL_Y,0,6.776946071428292,2.215717209135042
3HFM_HL_Y|KY96R,3HFM_HL_Y,0,5.353003237432198,1.6214786234843654
3HFM_HL_Y|KY97A,3HFM_HL_Y,0,5.861406477787119,1.8271487923063712
3HFM_HL_Y|KY97D,3HFM_HL_Y,0,6.7684252507268186,1.3713024262238724
3HFM_HL_Y|KY97E,3HFM_HL_Y,0,3.6045077805427614,1.153535969240373
3HFM_HL_Y|KY97G,3HFM_HL_Y,0,6.430556104296552,1.4801760064383993
3HFM_HL_Y|KY97M,3HFM_HL_Y,0,0.9469717205448789,1.7854766089501326
3HFM_HL_Y|KY97R,3HFM_HL_Y,0,3.052851288391358,1.0572532759754274
3HFM_HL_Y|LY75A,3HFM_HL_Y,0,0.7044560078259358,1.167949747320092
3HFM_HL_Y|NL31A,3HFM_HL_Y,0,5.214131098855438,1.2200998152954132
"3HFM_HL_Y|NL31A,KY96A",3HFM_HL_Y,0,7.468386460337798,2.3542456361085766
3HFM_HL_Y|NL31D,3HFM_HL_Y,0,1.3434844960032908,1.441202379658028
3HFM_HL_Y|NL31E,3HFM_HL_Y,0,5.707368905214603,1.6360769044274308
3HFM_HL_Y|NL32A,3HFM_HL_Y,0,5.107345866438754,1.7014077529128233
3HFM_HL_Y|NY19D,3HFM_HL_Y,0,0.4104726258954247,0.37064432486660137
3HFM_HL_Y|NY19K,3HFM_HL_Y,0,0.24011109372136724,0.5711089157826983
3HFM_HL_Y|NY19Q,3HFM_HL_Y,0,-0.0424857950018788,0.4941775015178283
3HFM_HL_Y|NY93A,3HFM_HL_Y,0,0.2112182014667711,1.1056014404623233
3HFM_HL_Y|QL53A,3HFM_HL_Y,0,0.9530879222487765,0.8743826246251205
3HFM_HL_Y|RY21A,3HFM_HL_Y,0,0.861801921083563,1.9063083307650859
3HFM_HL_Y|RY21E,3HFM_HL_Y,0,2.453435174996949,1.500302507138721
3HFM_HL_Y|RY21G,3HFM_HL_Y,0,2.4220753037085423,1.7181051755185845
3HFM_HL_Y|RY21H,3HFM_HL_Y,0,2.169318193443543,1.6016987055898377
3HFM_HL_Y|RY21K,3HFM_HL_Y,0,1.7663420036706978,1.487509774466728
3HFM_HL_Y|RY21M,3HFM_HL_Y,0,2.0498905295517162,1.7075602279508801
3HFM_HL_Y|RY21N,3HFM_HL_Y,0,2.328261465128463,1.6979718121356886
3HFM_HL_Y|RY21Q,3HFM_HL_Y,0,2.3975344944681614,1.1976225027872123
3HFM_HL_Y|RY21W,3HFM_HL_Y,0,2.132880910833385,1.51048074783417
3HFM_HL_Y|RY73A,3HFM_HL_Y,0,-0.33139709488658076,1.0224125769765897
3HFM_HL_Y|SH31A,3HFM_HL_Y,0,0.17036153217405742,0.8951991211379012
3HFM_HL_Y|SY100A,3HFM_HL_Y,0,0.2676596339302807,0.8979803778040629
3HFM_HL_Y|TY89A,3HFM_HL_Y,0,0.0,0.387633107764863
3HFM_HL_Y|WH98A,3HFM_HL_Y,0,5.510683625040315,1.3224761010377275
"3HFM_HL_Y|WH98A,KY96A",3HFM_HL_Y,0,7.730033993677068,2.814955027772492
3HFM_HL_Y|WH98F,3HFM_HL_Y,0,3.245562145447267,0.652761409869129
"3HFM_HL_Y|WH98F,YY20A",3HFM_HL_Y,0,6.229019646902076,2.232932083671128
3HFM_HL_Y|WY63A,3HFM_HL_Y,0,0.3191866247302112,1.7840892095266654
3HFM_HL_Y|YH33A,3HFM_HL_Y,0,6.035076350646287,2.1912677958935065
"3HFM_HL_Y|YH33A,KY97A",3HFM_HL_Y,0,7.2282753666164306,2.369065299396774
3HFM_HL_Y|YH33F,3HFM_HL_Y,0,1.0712212800199195,1.54565721728838
3HFM_HL_Y|YH33L,3HFM_HL_Y,0,2.006938334292043,1.898687889067819
3HFM_HL_Y|YH33W,3HFM_HL_Y,0,1.7495645291603228,1.5305303714592164
3HFM_HL_Y|YH50A,3HFM_HL_Y,0,7.3195613677816445,2.2514377122181157
"3HFM_HL_Y|YH50A,RY21A",3HFM_HL_Y,0,7.94125219514384,3.436890654873646
3HFM_HL_Y|YH50F,3HFM_HL_Y,0,1.609991482454399,1.679602474369357
3HFM_HL_Y|YH50L,3HFM_HL_Y,0,2.8488367321432,2.012024362997987
3HFM_HL_Y|YH53A,3HFM_HL_Y,0,3.2503799638756314,1.6695350713333397
3HFM_HL_Y|YH53F,3HFM_HL_Y,0,0.6204992534608587,1.1293043819744315
3HFM_HL_Y|YH53L,3HFM_HL_Y,0,0.8068894189686006,1.5143258751397555
3HFM_HL_Y|YH53W,3HFM_HL_Y,0,0.7061818900347967,1.0870781886550662
3HFM_HL_Y|YH58A,3HFM_HL_Y,0,1.6760437063100697,1.3530449281723536
3HFM_HL_Y|YH58F,3HFM_HL_Y,0,0.36312544832913846,1.1982714018358087
3HFM_HL_Y|YH58L,3HFM_HL_Y,0,1.5136731129139198,1.3991953950725562
3HFM_HL_Y|YL50A,3HFM_HL_Y,0,4.557595702791538,1.4932896814012848
"3HFM_HL_Y|YL50A,KY96A",3HFM_HL_Y,0,7.730033993677068,2.796052862518103
"3HFM_HL_Y|YL50A,KY97A",3HFM_HL_Y,0,7.3195613677816445,2.6806005999725233
"3HFM_HL_Y|YL50A,RY21A",3HFM_HL_Y,0,6.3664734455328675,3.346356665714138
3HFM_HL_Y|YL50F,3HFM_HL_Y,0,2.3548673321091083,0.9912036006315026
"3HFM_HL_Y|YL50F,RY21A",3HFM_HL_Y,0,4.330792738153971,1.8658671199388608
"3HFM_HL_Y|YL50F,YY20A",3HFM_HL_Y,0,6.223660453567724,2.354673808049824
3HFM_HL_Y|YL50L,3HFM_HL_Y,0,4.393185847064588,1.4056291965178578
3HFM_HL_Y|YL96A,3HFM_HL_Y,0,2.7070450441474923,1.623251914630474
"3HFM_HL_Y|YL96A,RY21A",3HFM_HL_Y,0,5.75674639520879,3.3362704556549896
3HFM_HL_Y|YL96F,3HFM_HL_Y,0,1.4017794098603316,1.1562894379743582
"3HFM_HL_Y|YL96F,RY21A",3HFM_HL_Y,0,4.181967645597817,2.5715263755756914
3HFM_HL_Y|YY20A,3HFM_HL_Y,0,4.573779388683633,2.22913590669665
3HFM_HL_Y|YY20F,3HFM_HL_Y,0,-0.4839680999908646,1.4686866530894689
3HFM_HL_Y|YY20L,3HFM_HL_Y,0,2.184505799935051,2.0208644047927886
"3IDX_HL_G|CG27I,CG242Q",3IDX_HL_G,1,-2.465037650657236,0.2092782083976743
"3IDX_HL_G|CG27I,CG242Q,MG247A",3IDX_HL_G,1,-2.1736174821721788,0.26450233476338486
"3IDX_HL_G|KG85C,EG121C,CG27I,CG242Q",3IDX_HL_G,1,-2.377686460126905,0.24949087935265493
"3IDX_HL_G|KG85C,EG121C,WG13M,MG247A,CG14W,CG129V,CG27I,CG242Q",3IDX_HL_G,1,-2.1922897581595975,0.29338381524075596
"3IDX_HL_G|KG85C,EG122C,WG13M,MG247A,CG14W,CG129V,CG27I,CG242Q",3IDX_HL_G,1,-2.2927184743142655,0.28058300474900644
"3IDX_HL_G|TG41C,GG245C,MG247A",3IDX_HL_G,1,0.4094542476189994,0.2279674012316585
"3IDX_HL_G|TG41C,GG245C,WG13M,MG247A,CG14W,CG129V,CG27I,CG242Q",3IDX_HL_G,1,-2.3310676444964953,0.34313989474415535
"3IDX_HL_G|WG13M,MG247A,CG14W,CG129V",3IDX_HL_G,1,-0.6475390505870349,0.33151144090072265
"3IDX_HL_G|WG13M,MG247A,CG14W,CG129V,CG27I,CG242Q",3IDX_HL_G,1,-2.3479884191122484,0.3539531341753938
"3IDX_HL_G|WG13M,MG247A,CG14W,CG129V,KG85C,EG121C",3IDX_HL_G,1,-0.3616652119615728,0.4081393895895888
"3IDX_HL_G|WG13M,SG111T,WG200S,MG247A,CG14W,CG129V,CG27I,CG242Q",3IDX_HL_G,1,-1.8639640560281499,0.21600969100392253
"3L5X_A_HL|EL93F,YL94G",3L5X_A_HL,1,-0.4280083756309126,0.39345406772496927
"3L5X_A_HL|EL93H,YL94G",3L5X_A_HL,1,-0.7626503379338089,0.7841645362267824
"3L5X_A_HL|HL91P,NL92I,EL93D,YL94A",3L5X_A_HL,1,-0.6466697144775302,0.15243909026483293
"3L5X_A_HL|HL91P,NL92L,EL93D,YL94S",3L5X_A_HL,1,-0.6327897004417038,0.2783151955188574
"3L5X_A_HL|HL91P,NL92L,EL93D,YL94T",3L5X_A_HL,1,-0.8100505745992669,-0.16468313399504944
"3L5X_A_HL|HL91P,NL92L,EL93D,YL94V",3L5X_A_HL,1,-0.8582223902947915,-0.19572350007538858
"3L5X_A_HL|HL91P,NL92L,YL94A",3L5X_A_HL,1,-0.44441349179019224,0.3588481971768555
"3L5X_A_HL|HL91Q,NL92D,EL93I,YL94G",3L5X_A_HL,1,-1.5503801467321197,0.23040090827896326
"3L5X_A_HL|HL91Q,NL92D,EL93L,YL94G",3L5X_A_HL,1,-1.7851320471191339,0.22117022822306825
"3L5X_A_HL|HL91Q,NL92D,EL93Y,YL94G",3L5X_A_HL,1,-1.4514529192667311,-0.4482300568258018
"3L5X_A_HL|NL92D,EL93L,YL94G",3L5X_A_HL,1,-0.429628586824361,0.3627328947780442
"3L5X_A_HL|NL92D,EL93N,YL94S",3L5X_A_HL,1,-0.5340383787615981,0.17030464706555176
"3L5X_A_HL|NL92D,EL93P,YL94G",3L5X_A_HL,1,-1.469960263677593,0.37393774461849544
"3L5X_A_HL|NL92D,EL93R,YL94D",3L5X_A_HL,1,-0.5225392442124416,-0.618953066742708
"3L5X_A_HL|NL92D,EL93W,YL94E",3L5X_A_HL,1,-1.1963489533002045,-0.5945817475962182
"3L5X_A_HL|NL92D,EL93W,YL94G",3L5X_A_HL,1,-1.6825228171900466,-0.3541888859573716
"3L5X_A_HL|NL92D,EL93W,YL94S",3L5X_A_HL,1,-0.7161267658574701,-0.4246571954587481
"3L5X_A_HL|NL92D,EL93Y,YL94A",3L5X_A_HL,1,-0.8069742725029816,-0.4317351434201162
"3L5X_A_HL|NL92E,EL93S,YL94G",3L5X_A_HL,1,-1.2653587435810416,0.3944014765204001
"3L5X_A_HL|NL92E,EL93W,YL94G",3L5X_A_HL,1,-1.5503801467321197,-0.382168980913956
"3L5X_A_HL|NL92F,EL93W,YL94G",3L5X_A_HL,1,-1.2329907519756107,-0.253109549847921
"3L5X_A_HL|NL92L,EL93D,YL94S",3L5X_A_HL,1,-0.6170473367498033,-0.1321364570955114
"3L5X_A_HL|NL92L,EL93L,YL94G",3L5X_A_HL,1,-0.6259698152188253,0.19389381458080876
"3L5X_A_HL|NL92L,EL93M,YL94G",3L5X_A_HL,1,-0.8256764632828958,0.18967418358347632
"3L5X_A_HL|NL92L,EL93N,YL94G",3L5X_A_HL,1,-0.6954369122619483,0.35828457597348823
"3L5X_A_HL|NL92S,EL93H,YL94G",3L5X_A_HL,1,-1.2457264432943917,0.454974142501662
"3L5X_A_HL|NL92S,EL93I,YL94G",3L5X_A_HL,1,-0.8069742725029816,0.5288085964402692
"3L5X_A_HL|NL92S,EL93S,YL94G",3L5X_A_HL,1,-0.24921270749853572,0.6704086573921474
"3L5X_A_HL|NL92S,EL93V,YL94G",3L5X_A_HL,1,-0.5168723414288166,0.41765943576976455
"3L5X_A_HL|NL92S,EL93W,YL94A",3L5X_A_HL,1,-0.3030280300184624,-0.31585384432277736
"3L5X_A_HL|NL92S,EL93W,YL94G",3L5X_A_HL,1,-1.2720501912946218,-0.28134547319668346
"3L5X_A_HL|NL92S,EL93Y,YL94G",3L5X_A_HL,1,-0.9641867953282846,0.011651717492687624
"3L5X_A_HL|NL92V,EL93G,YL94G",3L5X_A_HL,1,-0.46300005321967275,0.8973080693321485
"3L5X_A_HL|NL92V,EL93W,YL94G",3L5X_A_HL,1,-0.835253817398967,-0.21877506222247414
3L5X_A_HL|YL94A,3L5X_A_HL,1,-0.8288517353504652,0.6876377748182656
3LZF_AB_HL|DA187E,3LZF_AB_HL,4,0.49836499701795467,0.16216244554925982
"3LZF_AB_HL|DA187E,DA222G",3LZF_AB_HL,4,0.12738612422837223,0.12858998343505562
3LZF_AB_HL|DA222G,3LZF_AB_HL,4,0.5378587501237969,0.06958052057097691
3N85_A_LH|SH32A,3N85_A_LH,1,-0.1340196508622664,0.9950019470478425
3N85_A_LH|SH32Y,3N85_A_LH,1,0.057122498463594525,0.6265056979626358
3N85_A_LH|SH50G,3N85_A_LH,1,0.4876711764999294,1.1273792490720305
3N85_A_LH|SH52Y,3N85_A_LH,1,-0.7846033704790584,0.6985015614549963
3N85_A_LH|WH100F,3N85_A_LH,1,-0.01518510948813939,1.2331425035636254
3N85_A_LH|WH30K,3N85_A_LH,1,-0.7846033704790584,0.9755207088828076
3N85_A_LH|WH30R,3N85_A_LH,1,-0.5539674680473552,0.9464768971644635
3N85_A_LH|WL91F,3N85_A_LH,1,0.139591659515122,0.776480369134174
3N85_A_LH|WL94Y,3N85_A_LH,1,-0.03871880840838261,0.8149423668823392
3NGB_HL_G|AH57G,3NGB_HL_G,4,-0.05603033434092576,0.5798200819491319
"3NGB_HL_G|AH57G,VH58T,PH63K,VH74T",3NGB_HL_G,4,1.6734212034128781,0.9083095565472906
"3NGB_HL_G|CH32S,CH102A",3NGB_HL_G,4,0.25899792345236056,0.07155023266794709
3NGB_HL_G|DH103A,3NGB_HL_G,4,0.05987142067549248,0.5220621807057023
3NGB_HL_G|EL88A,3NGB_HL_G,4,1.3199503779116015,2.0209140775275296
3NGB_HL_G|FL89A,3NGB_HL_G,4,0.8588612895128416,1.4002065868750782
3NGB_HL_G|GH55A,3NGB_HL_G,4,-1.2766591068418476,0.17761993901461012
3NGB_HL_G|GH55S,3NGB_HL_G,4,0.7430435305256922,0.5967985221236617
3NGB_HL_G|GH56A,3NGB_HL_G,4,1.265610671313196,0.9116791404810288
3NGB_HL_G|IH30A,3NGB_HL_G,4,-0.002743161201569711,0.1850704210721839
3NGB_HL_G|IH30T,3NGB_HL_G,4,0.07339379964358526,0.14788634417976487
"3NGB_HL_G|IH30T,KH52N,RH54N,GH55S,AH57G,VH58T,RH62Q,PH63K,VH74T,YH75S,YL26S",3NGB_HL_G,4,0.862144522667779,0.8596423580097936
3NGB_HL_G|KH52A,3NGB_HL_G,4,0.6228826688752066,1.69606126627535
3NGB_HL_G|KH52N,3NGB_HL_G,4,0.17497001318923924,1.597717175924133
3NGB_HL_G|MH70A,3NGB_HL_G,4,0.5305511944690302,0.8298902343215611
3NGB_HL_G|NH105A,3NGB_HL_G,4,1.1185741033686647,0.5395437443059298
3NGB_HL_G|NH59A,3NGB_HL_G,4,1.767124279792481,1.6883933977480312
3NGB_HL_G|PH63A,3NGB_HL_G,4,-0.04252045028717678,0.1880337446707894
3NGB_HL_G|PH63K,3NGB_HL_G,4,0.23252327291537095,0.2794497945761029
3NGB_HL_G|QH65A,3NGB_HL_G,4,-0.34038835749666174,0.6773528071626451
3NGB_HL_G|QL25A,3NGB_HL_G,4,-0.230608383507325,0.279796345055566
3NGB_HL_G|RH54A,3NGB_HL_G,4,-0.2593842338518709,0.648718467614225
3NGB_HL_G|RH54N,3NGB_HL_G,4,0.046450458078863305,0.82148037714495
3NGB_HL_G|RH62A,3NGB_HL_G,4,0.9958447519645942,1.3253216488908026
3NGB_HL_G|RH62Q,3NGB_HL_G,4,0.09654991868537967,1.4217610907648683
3NGB_HL_G|RH72A,3NGB_HL_G,4,1.6432176087594024,1.967673809639134
3NGB_HL_G|SL28A,3NGB_HL_G,4,-0.14471176643755718,0.1959802418219225
3NGB_HL_G|TH33A,3NGB_HL_G,4,0.7071633919499675,0.3870408777939252
3NGB_HL_G|TH33Y,3NGB_HL_G,4,0.08419385865198935,0.09570946579044587
"3NGB_HL_G|TH33Y,GH56S,AH57G,VH58T,PH63K,VH74T,YH75S",3NGB_HL_G,4,1.938193740425155,0.8723090462522193
3NGB_HL_G|VH58A,3NGB_HL_G,4,1.3584283167932623,0.8293492896130884
3NGB_HL_G|VH58T,3NGB_HL_G,4,0.13787223519831127,0.7841769408936778
3NGB_HL_G|VH74A,3NGB_HL_G,4,1.0879139537904319,0.1912049804418533
3NGB_HL_G|VH74T,3NGB_HL_G,4,0.16493924739424115,0.3260048412285608
3NGB_HL_G|VL1A,3NGB_HL_G,4,-0.7733631896838978,0.3101987031326203
3NGB_HL_G|WH106A,3NGB_HL_G,4,4.462501942238166,2.8630226660459046
3NGB_HL_G|WH47A,3NGB_HL_G,4,1.2021706981591123,2.0931030897771774
3NGB_HL_G|WH50A,3NGB_HL_G,4,1.2917940505120853,2.05595957160789
3NGB_HL_G|YH104A,3NGB_HL_G,4,1.4235861879523108,0.8136965427731521
3NGB_HL_G|YH60A,3NGB_HL_G,4,0.5484262835318954,2.1351926354943025
3NGB_HL_G|YH75A,3NGB_HL_G,4,-0.1993222378171993,0.982117728225741
3NGB_HL_G|YH75S,3NGB_HL_G,4,0.3325709046302675,0.8270045493941585
3NGB_HL_G|YL26A,3NGB_HL_G,4,0.9852809223713972,0.4660386316732688
3NGB_HL_G|YL26S,3NGB_HL_G,4,0.6512687246923629,0.41410512404492533
3NGB_HL_G|YL87A,3NGB_HL_G,4,2.022788317067458,2.510126861121285
3NPS_A_BC|DA214A,3NPS_A_BC,2,1.4667430285666996,0.5651671242824472
3NPS_A_BC|DA46A,3NPS_A_BC,2,0.3399865789102716,0.6220818364486035
3NPS_A_BC|DA47A,3NPS_A_BC,2,1.0674704872868501,0.6049489307893364
3NPS_A_BC|DA91A,3NPS_A_BC,2,1.5070340943571991,0.9343531840559487
3NPS_A_BC|EA163A,3NPS_A_BC,2,0.615348173136145,0.2366410800905657
3NPS_A_BC|FA50A,3NPS_A_BC,2,0.2195707633741591,0.5407065481942437
3NPS_A_BC|FA89A,3NPS_A_BC,2,1.5714044565965457,0.5962905811697335
3NPS_A_BC|FA92A,3NPS_A_BC,2,0.46353976534450786,1.1009140236409765
3NPS_A_BC|HA138A,3NPS_A_BC,2,1.8750918500752867,1.304982982173833
3NPS_A_BC|IA26A,3NPS_A_BC,2,0.6415425238187402,0.5561295267508458
3NPS_A_BC|IA45A,3NPS_A_BC,2,-0.33181783154498945,0.23513117911473136
3NPS_A_BC|KA221A,3NPS_A_BC,2,-0.10361039132020881,0.4688716617215808
3NPS_A_BC|LA147A,3NPS_A_BC,2,0.2957362795748744,0.1550775805587886
3NPS_A_BC|NA90A,3NPS_A_BC,2,0.2534192228051674,0.5403540021663885
3NPS_A_BC|QA140A,3NPS_A_BC,2,0.2957362795748744,0.07065002598324951
3NPS_A_BC|QA168A,3NPS_A_BC,2,-0.059223834552299535,0.10112613041783473
3NPS_A_BC|QA169A,3NPS_A_BC,2,0.74090759738304,0.5400854668933036
3NPS_A_BC|QA218A,3NPS_A_BC,2,-0.04091675623120557,0.3111526923894983
3NPS_A_BC|QA23A,3NPS_A_BC,2,0.02632374800023026,0.2470526838281771
3NPS_A_BC|RA219A,3NPS_A_BC,2,-0.08390185618958816,0.05568642142819041
3NPS_A_BC|RA48A,3NPS_A_BC,2,-1.0627410886735758,0.14591505742707767
3NPS_A_BC|RA51A,3NPS_A_BC,2,0.1381683656316856,0.09711777829209824
3NPS_A_BC|RA82A,3NPS_A_BC,2,-0.15159542139604565,0.15811169209017437
3NPS_A_BC|TA144A,3NPS_A_BC,2,0.17497001318923924,0.23560742158436382
3NPS_A_BC|TA93A,3NPS_A_BC,2,0.7238123576858023,0.7029622759338738
3NPS_A_BC|YA141A,3NPS_A_BC,2,1.7748737516425068,2.0088965218797363
3NPS_A_BC|YA52A,3NPS_A_BC,2,0.4518898128085944,0.6786402120930849
3SE8_HL_G|DH110A,3SE8_HL_G,1,-0.3893489864530634,0.20851744321743645
3SE8_HL_G|DH114A,3SE8_HL_G,1,-0.2441398033475646,1.0201900414581277
3SE8_HL_G|DL49A,3SE8_HL_G,1,0.8558487862067914,0.27504259486600663
3SE8_HL_G|EL1A,3SE8_HL_G,1,-0.5565173968063043,0.4047027803243648
3SE8_HL_G|EL91A,3SE8_HL_G,1,1.5134910376653903,1.8029709277918093
3SE8_HL_G|FH115A,3SE8_HL_G,1,1.0676043440716088,1.320734666257345
3SE8_HL_G|FL90A,3SE8_HL_G,1,-0.8640971733079531,1.5915569210880085
3SE8_HL_G|FL92A,3SE8_HL_G,1,0.832325371218216,0.7931252488904881
3SE8_HL_G|GH56A,3SE8_HL_G,1,0.357097213957441,0.7337284986692652
3SE8_HL_G|KH52A,3SE8_HL_G,1,1.1114144132760573,0.921503079580392
3SE8_HL_G|LH54A,3SE8_HL_G,1,0.0547761856623174,0.61375909477636
3SE8_HL_G|NL30A,3SE8_HL_G,1,0.1943492323682411,0.47429162162619515
3SE8_HL_G|PH78A,3SE8_HL_G,1,0.018817870323795817,0.5944640752876972
3SE8_HL_G|PH81A,3SE8_HL_G,1,-0.0709198562041438,0.5555891989409889
3SE8_HL_G|QH63A,3SE8_HL_G,1,1.1144250337596937,0.8324339606654809
3SE8_HL_G|QH65A,3SE8_HL_G,1,0.5498050381970732,0.38727812322192334
3SE8_HL_G|QH76A,3SE8_HL_G,1,0.09689984987760664,0.5719677252158503
3SE8_HL_G|QL27A,3SE8_HL_G,1,-0.21612903930964258,0.17110676784604828
3SE8_HL_G|RH30A,3SE8_HL_G,1,-0.03949762217751387,0.9551481922343652
3SE8_HL_G|RH62A,3SE8_HL_G,1,1.2061691848525427,1.339333875232385
3SE8_HL_G|RH72A,3SE8_HL_G,1,2.64446233755688,1.266983742775368
3SE8_HL_G|SH59A,3SE8_HL_G,1,1.1508401702219644,0.49265457603406265
3SE8_HL_G|VH58A,3SE8_HL_G,1,1.2496851217092015,0.8707394062666148
3SE8_HL_G|WH47A,3SE8_HL_G,1,1.4751466568216207,1.9785235670109695
3SE8_HL_G|WH50A,3SE8_HL_G,1,1.3335259989182282,2.0567213147256114
3SE8_HL_G|WH55A,3SE8_HL_G,1,0.7611055783491901,2.948665297724486
3SE8_HL_G|YH111A,3SE8_HL_G,1,0.82992168402488,0.8285777249417777
3SE8_HL_G|YH60A,3SE8_HL_G,1,0.8558487862067914,1.172475757756612
3SE9_HL_G|DH77A,3SE9_HL_G,0,-0.766481710870796,0.514385517820274
3SE9_HL_G|EL90A,3SE9_HL_G,0,0.4173597504909855,1.0346418069195318
3SE9_HL_G|FL91A,3SE9_HL_G,0,0.023615687280886744,0.8485756801598617
3SE9_HL_G|GH106A,3SE9_HL_G,0,-0.3075797765016487,0.7371569713244667
3SE9_HL_G|GH107A,3SE9_HL_G,0,-0.6151595530032974,-0.2215023227136431
3SE9_HL_G|GH109A,3SE9_HL_G,0,0.18514356137600418,0.737860091267448
3SE9_HL_G|GH57A,3SE9_HL_G,0,0.4524447910683114,1.0202395398054571
3SE9_HL_G|GH62A,3SE9_HL_G,0,0.046340000835252845,0.7532432329686147
3SE9_HL_G|GL29A,3SE9_HL_G,0,0.46369975132623836,0.30734898756530366
3SE9_HL_G|LH34A,3SE9_HL_G,0,0.5659998422655154,0.9641195953719399
3SE9_HL_G|LL89A,3SE9_HL_G,0,0.9642429762880005,1.4564739809250855
3SE9_HL_G|NH60A,3SE9_HL_G,0,1.5217615368409672,2.3809358308902118
3SE9_HL_G|PH64A,3SE9_HL_G,0,-0.44193960585987646,0.08671534127934472
3SE9_HL_G|RH67A,3SE9_HL_G,0,1.4695448570190865,1.356688540370362
3SE9_HL_G|RH74A,3SE9_HL_G,0,2.6792571500293705,1.413573510406103
3SE9_HL_G|RH76A,3SE9_HL_G,0,-0.23221618911498135,0.5501806079783619
3SE9_HL_G|TH105A,3SE9_HL_G,0,-0.44193960585987646,0.5901651862823287
3SE9_HL_G|TH56A,3SE9_HL_G,0,-0.859299356350862,1.3553926741954145
3SE9_HL_G|VH55A,3SE9_HL_G,0,-0.859299356350862,0.40404488657318494
3SE9_HL_G|VH59A,3SE9_HL_G,0,0.9833595927565008,1.0897906623716145
3SE9_HL_G|VL3A,3SE9_HL_G,0,-0.49433114348530927,0.4157848373330549
3SE9_HL_G|WH48A,3SE9_HL_G,0,1.0584464056761942,1.5726923759539253
3SE9_HL_G|WH51A,3SE9_HL_G,0,1.2756949387538432,2.138910699912395
3SE9_HL_G|YH104A,3SE9_HL_G,0,0.46369975132623836,0.2083236647482787
3SE9_HL_G|YL28A,3SE9_HL_G,0,1.1177194221147286,-0.03176271088581673
3W2D_A_HL|KA67N,3W2D_A_HL,2,4.621938170505723,2.2633915759174426
3W2D_A_HL|KA67R,3W2D_A_HL,2,-0.42812016488847693,1.5559485056600442
3W2D_A_HL|YA45F,3W2D_A_HL,2,0.8779442990053526,1.2899301892530504
3W2D_A_HL|YA45L,3W2D_A_HL,2,2.3647563591902054,1.56028539168734
4GXU_ABCDEF_MN|DA189E,4GXU_ABCDEF_MN,3,2.1650880989701187,1.7948740049598548
"4GXU_ABCDEF_MN|DA189E,DA224G",4GXU_ABCDEF_MN,3,3.010207597955455,1.525841788967836
4GXU_ABCDEF_MN|DA224G,4GXU_ABCDEF_MN,3,1.9608781073650527,0.7936214353415763
4JPK_HL_A|DA141R,4JPK_HL_A,4,3.857323039173394,1.258273542208288
"4JPK_HL_A|DA159N,DA33N",4JPK_HL_A,4,0.6189681245346895,0.04593003876715373
4JPK_HL_A|FA144I,4JPK_HL_A,4,1.3875174391895055,1.2362694712666122
4JPK_HL_A|FA63L,4JPK_HL_A,4,1.1672867088409076,0.6463252240762243
4JPK_HL_A|RA130K,4JPK_HL_A,4,0.23006604941882644,0.028346115186615
4JPK_HL_A|RA81T,4JPK_HL_A,4,0.7587030377267104,0.9403025217906613
4JPK_HL_A|SA41G,4JPK_HL_A,4,2.1516950746353953,0.5098696873822652
4JPK_HL_A|TA35S,4JPK_HL_A,4,-0.03209335777183282,0.6836077159616442
4JPK_HL_A|VA30N,4JPK_HL_A,4,0.5945948563933452,0.3578209395004543
4KRL_A_B|DB112A,4KRL_A_B,1,0.6496816831563188,2.5363489630497598
"4KRO_A_B|DA321T,FA323A",4KRO_A_B,2,0.12697070027461205,0.13056244178187032
"4KRP_A_B|DA277T,FA279A",4KRP_A_B,2,0.3582966631710374,0.11941865941811036
4NM8_ABCDEF_HL|DB19N,4NM8_ABCDEF_HL,2,0.6614995538385501,1.262039611978373
4NM8_ABCDEF_HL|IB18M,4NM8_ABCDEF_HL,2,0.1097799739893368,0.5024132553257644
4NM8_ABCDEF_HL|LB38Y,4NM8_ABCDEF_HL,2,-0.6151595530032974,0.48313716266140244
4NM8_ABCDEF_HL|QB34R,4NM8_ABCDEF_HL,2,2.975475781131771,1.727642020597596
4NM8_ABCDEF_HL|QB34T,4NM8_ABCDEF_HL,2,2.330938555802492,1.4906631618723238
4NM8_ABCDEF_HL|RB25M,4NM8_ABCDEF_HL,2,3.4423529690785495,1.4966339778920883
4NM8_ABCDEF_HL|TB32E,4NM8_ABCDEF_HL,2,-0.5517195798492133,0.3100215535269241
4NM8_ABCDEF_HL|TB32I,4NM8_ABCDEF_HL,2,-0.05020597136992855,0.5605497842693543
4NM8_ABCDEF_HL|TB32R,4NM8_ABCDEF_HL,2,1.221194387265394,0.4252756913616185
4U6H_AB_E|NE21A,4U6H_AB_E,0,-0.3480795169848074,1.5471836917092423
4U6H_AB_E|QE25A,4U6H_AB_E,0,0.1188345413741269,0.6714606980684026
4ZS6_HL_A|EA156A,4ZS6_HL_A,0,3.0386664947184387,1.922607220473081
4ZS6_HL_A|YA160A,4ZS6_HL_A,0,-0.11025045622926233,0.6321271030184478
5C6T_HL_A|EA194A,5C6T_HL_A,1,1.0906718575292067,1.292803346391822
5C6T_HL_A|FA192A,5C6T_HL_A,1,1.9972014865370955,1.1131025742455551
5C6T_HL_A|FA199A,5C6T_HL_A,1,2.75817920785388,1.28685506127993
5C6T_HL_A|FA200A,5C6T_HL_A,1,0.4104726258954247,0.983819380121136
5C6T_HL_A|FH99A,5C6T_HL_A,1,1.460029836858485,1.9449819202911895
5C6T_HL_A|IA201A,5C6T_HL_A,1,0.8856116334424082,1.8660654303334945
5C6T_HL_A|NA183A,5C6T_HL_A,1,0.2839968582211227,0.3508106195123679
5C6T_HL_A|NA186A,5C6T_HL_A,1,0.3630723892299667,0.42773853795721933
5C6T_HL_A|NA188A,5C6T_HL_A,1,-0.36658686139566915,0.11683285513368377
"5C6T_HL_A|NA195A,DA197A",5C6T_HL_A,1,0.5865010608531073,1.5889744399566816
5C6T_HL_A|NH97A,5C6T_HL_A,1,1.525896192217095,1.7356629550784026
5C6T_HL_A|RH31S,5C6T_HL_A,1,0.3115453984300362,1.2199454080837253
5C6T_HL_A|RL48A,5C6T_HL_A,1,0.12296129550859948,0.8375385385600754
5C6T_HL_A|SH32A,5C6T_HL_A,1,-0.8683454884563073,0.8144111311343316
5C6T_HL_A|TA185A,5C6T_HL_A,1,0.33786914643026655,1.0992760620778523
5C6T_HL_A|YA182A,5C6T_HL_A,1,3.2083547046803327,1.855186896391358
"5C6T_HL_A|YA182A,NA195A,DA197A",5C6T_HL_A,1,2.942424926376813,1.5385947988604018
5C6T_HL_A|YH104A,5C6T_HL_A,1,0.3630723892299667,1.2719598563923462
5C6T_HL_A|YH98A,5C6T_HL_A,1,1.7166799833947735,2.2564179380574734
5C6T_HL_A|YL47A,5C6T_HL_A,1,0.5516564921514036,1.2758965285176938
