row_id,fold
1AHW_AB_C|DC167A,2
"1AHW_AB_C|KC138A,DC139A",2
"1AHW_AB_C|KC154A,KC155A",2
1AHW_AB_C|LC165A,2
1AHW_AB_C|NC188A,2
"1AHW_AB_C|TC110A,KC111A",2
1AHW_AB_C|TC156A,2
1AHW_AB_C|TC159A,2
1AHW_AB_C|TC186A,2
1AHW_AB_C|VC187A,2
1AHW_AB_C|YC146A,2
1BJ1_HL_VW|HH101Y,3
"1BJ1_HL_VW|HH101Y,YH103I,GH104A,SH105K",3
"1BJ1_HL_VW|HH101Y,YH103R,GH104N,SH105T",3
"1BJ1_HL_VW|HH101Y,YH103R,SH105T",3
1BJ1_HL_VW|HH107A,3
"1BJ1_HL_VW|LH72I,TH74K",3
"1BJ1_HL_VW|LH72V,TH74V",3
"1BJ1_HL_VW|ML4L,TH28D,NH31H,HH101Y,SH105T",3
1BJ1_HL_VW|NH31H,3
1BJ1_HL_VW|SH105T,3
1BJ1_HL_VW|TH28D,3
"1BJ1_HL_VW|TH28D,NH31H",3
"1BJ1_HL_VW|TH28D,NH31H,YH54W,HH101Y,SH105T",3
1BJ1_HL_VW|TH59A,3
1BJ1_HL_VW|YH27A,3
1BJ1_HL_VW|YH54A,3
1BJ1_HL_VW|YH54W,3
1BJ1_HL_VW|YH99A,3
"1CZ8_HL_VW|LL4M,DH28T,HH31N,YH101H,TH105S",3
1DQJ_AB_C|DB32A,0
"1DQJ_AB_C|DB32A,KC97A",0
1DQJ_AB_C|DC101A,0
1DQJ_AB_C|KC96A,0
1DQJ_AB_C|KC97A,0
1DQJ_AB_C|LC75A,0
1DQJ_AB_C|NA31A,0
1DQJ_AB_C|NA32A,0
"1DQJ_AB_C|NA32A,KC96A",0
1DQJ_AB_C|NC93A,0
1DQJ_AB_C|RC21A,0
1DQJ_AB_C|SA91A,0
"1DQJ_AB_C|SA91A,RC21A",0
"1DQJ_AB_C|SA91A,YC20A",0
1DQJ_AB_C|SC100A,0
1DQJ_AB_C|TC89A,0
1DQJ_AB_C|WB98A,0
"1DQJ_AB_C|WB98A,KC97A",0
"1DQJ_AB_C|WB98A,SC100A",0
"1DQJ_AB_C|WB98A,YC20A",0
1DQJ_AB_C|WC62A,0
1DQJ_AB_C|WC63A,0
1DQJ_AB_C|YA50A,0
1DQJ_AB_C|YA96A,0
"1DQJ_AB_C|YA96A,RC21A",0
"1DQJ_AB_C|YA96A,SC100A",0
1DQJ_AB_C|YB33A,0
1DQJ_AB_C|YB50A,0
1DQJ_AB_C|YB53A,0
"1DQJ_AB_C|YB53A,DC101A",0
"1DQJ_AB_C|YB53A,LC75A",0
"1DQJ_AB_C|YB53A,WC62A",0
"1DQJ_AB_C|YB53A,WC63A",0
1DQJ_AB_C|YC20A,0
1DVF_AB_CD|DB100A,0
"1DVF_AB_CD|DB100A,DD52A",0
"1DVF_AB_CD|DB100A,HD33A",0
"1DVF_AB_CD|DB100A,ND55A",0
1DVF_AB_CD|DB54A,0
"1DVF_AB_CD|DB54A,YC49A",0
1DVF_AB_CD|DB58A,0
"1DVF_AB_CD|DB58A,QD104A",0
1DVF_AB_CD|DD52A,0
1DVF_AB_CD|EB98A,0
"1DVF_AB_CD|EB98A,YD102A",0
1DVF_AB_CD|HA30A,0
1DVF_AB_CD|HD33A,0
1DVF_AB_CD|ID101A,0
1DVF_AB_CD|KD30A,0
1DVF_AB_CD|NB56A,0
"1DVF_AB_CD|NB56A,HD33A",0
"1DVF_AB_CD|NB56A,ND55A",0
"1DVF_AB_CD|NB56A,QD104A",0
1DVF_AB_CD|ND55A,0
1DVF_AB_CD|QD104A,0
1DVF_AB_CD|RB99A,0
1DVF_AB_CD|RD106A,0
1DVF_AB_CD|SA93A,0
1DVF_AB_CD|TB30A,0
1DVF_AB_CD|WA92A,0
1DVF_AB_CD|WB52A,0
"1DVF_AB_CD|WB52A,QD104A",0
1DVF_AB_CD|YA32A,0
"1DVF_AB_CD|YA32A,RD106A",0
1DVF_AB_CD|YA49A,0
"1DVF_AB_CD|YA49A,HD33A",0
"1DVF_AB_CD|YA49A,ND55A",0
1DVF_AB_CD|YA50A,0
1DVF_AB_CD|YB101F,0
1DVF_AB_CD|YB32A,0
1DVF_AB_CD|YC49A,0
1DVF_AB_CD|YD102A,0
"1JRH_LH_I|AI49S,II51T,HI55D",2
"1JRH_LH_I|AI85D,KI88R,EI90K",2
"1JRH_LH_I|AI93L,VI94M",2
1JRH_LH_I|DH56A,2
1JRH_LH_I|DH57A,2
1JRH_LH_I|DH58A,2
1JRH_LH_I|DL28A,2
1JRH_LH_I|EI35Q,2
1JRH_LH_I|EI45A,2
1JRH_LH_I|EI45P,2
"1JRH_LH_I|EI45P,II47L",2
"1JRH_LH_I|EI45P,II47R",2
1JRH_LH_I|EL27A,2
1JRH_LH_I|FH103A,2
1JRH_LH_I|GI40A,2
1JRH_LH_I|HH107A,2
"1JRH_LH_I|II25N,PI27S,VI29T,VI31I",2
1JRH_LH_I|KI37A,2
1JRH_LH_I|KI37M,2
1JRH_LH_I|KI42A,2
1JRH_LH_I|KI42M,2
1JRH_LH_I|KI88A,2
"1JRH_LH_I|MI15L,II18V",2
1JRH_LH_I|NI38A,2
1JRH_LH_I|NI38Q,2
1JRH_LH_I|NI43A,2
1JRH_LH_I|NI69A,2
1JRH_LH_I|RH100A,2
1JRH_LH_I|RI74A,2
1JRH_LH_I|SI44A,2
"1JRH_LH_I|SI44G,EI45G,II47R",2
"1JRH_LH_I|SI44G,EI45P,II47K",2
"1JRH_LH_I|SI61Y,DI62E,HI63Q,VI64I,GI65M,DI66Y,SI68D,NI69V,LI71A",2
1JRH_LH_I|SL93A,2
1JRH_LH_I|TI4V,2
"1JRH_LH_I|TI9L,EI11K",2
1JRH_LH_I|TL94A,2
1JRH_LH_I|VI41A,2
"1JRH_LH_I|VI73A,RI78K",2
1JRH_LH_I|WH54A,2
1JRH_LH_I|WH55A,2
1JRH_LH_I|WI46F,2
1JRH_LH_I|WI46Y,2
1JRH_LH_I|WI72A,2
1JRH_LH_I|WI72F,2
1JRH_LH_I|WI72Y,2
1JRH_LH_I|WL92A,2
1JRH_LH_I|WL95A,2
1JRH_LH_I|YH104A,2
1JRH_LH_I|YH32A,2
1JRH_LH_I|YH60A,2
1JRH_LH_I|YI39A,2
1JRH_LH_I|YI39F,2
1JRH_LH_I|YL30A,2
1JRH_LH_I|YL91A,2
1KIP_AB_C|AB32Y,0
1KIQ_AB_C|FB101Y,0
1KIR_AB_C|SA50Y,0
1MHP_HL_A|FH99W,1
1MHP_HL_A|FH99Y,1
1MHP_HL_A|GH100F,1
1MHP_HL_A|GH100L,1
1MHP_HL_A|GH100M,1
1MHP_HL_A|GH100S,1
1MHP_HL_A|GH53A,1
1MHP_HL_A|GH53N,1
1MHP_HL_A|GH53S,1
1MHP_HL_A|GH54I,1
1MHP_HL_A|GH54T,1
1MHP_HL_A|GH54Y,1
1MHP_HL_A|GL91Q,1
1MHP_HL_A|GL91S,1
1MHP_HL_A|HL30K,1
1MHP_HL_A|HL30R,1
1MHP_HL_A|HL30W,1
1MHP_HL_A|KH64D,1
1MHP_HL_A|KH64E,1
"1MHP_HL_A|KH64E,SL27Q",1
"1MHP_HL_A|KH64E,SL27Q,NL51Y",1
1MHP_HL_A|KH64N,1
1MHP_HL_A|KH64Q,1
1MHP_HL_A|LH60D,1
"1MHP_HL_A|LH60D,KH64E",1
"1MHP_HL_A|LH60D,KH64Q",1
1MHP_HL_A|LL48F,1
1MHP_HL_A|LL48K,1
1MHP_HL_A|LL48W,1
1MHP_HL_A|NL29V,1
1MHP_HL_A|NL29W,1
1MHP_HL_A|NL29Y,1
"1MHP_HL_A|NL29Y,SL90I",1
1MHP_HL_A|NL51D,1
1MHP_HL_A|NL51E,1
1MHP_HL_A|NL51K,1
1MHP_HL_A|NL51R,1
1MHP_HL_A|NL51Y,1
1MHP_HL_A|RH31Q,1
1MHP_HL_A|SH35A,1
"1MHP_HL_A|SH35A,GH102S",1
1MHP_HL_A|SH35Q,1
"1MHP_HL_A|SH35V,GH102S",1
1MHP_HL_A|SH52M,1
1MHP_HL_A|SL23R,1
1MHP_HL_A|SL27Q,1
1MHP_HL_A|SL90Q,1
1MHP_HL_A|SL90T,1
"1MHP_HL_A|TH33E,GH53Q",1
"1MHP_HL_A|TH33I,SH52T,GH53N,GH54N",1
"1MHP_HL_A|TH33I,SH52T,GH53Q,GH54F",1
1MHP_HL_A|TH33N,1
1MHP_HL_A|TH33V,1
1MHP_HL_A|TH50V,1
"1MHP_HL_A|TH50V,GH102S",1
"1MHP_HL_A|TH50V,KH64E",1
"1MHP_HL_A|TH50V,KH64E,SL27Q,NL51E",1
"1MHP_HL_A|TH50V,KH64E,SL27Q,NL51Y",1
"1MHP_HL_A|TH50V,SH35A",1
"1MHP_HL_A|TH50V,SH35V",1
"1MHP_HL_A|TH50V,SL27Q",1
"1MHP_HL_A|TH50V,SL27Q,NL51Y",1
1MHP_HL_A|WL89Q,1
"1MHP_HL_A|WL89Q,FL32Y",1
1MHP_HL_A|YH58E,1
1MHP_HL_A|YH58Q,1
1MHP_HL_A|YH58W,1
1MHP_HL_A|YH59E,1
1MLC_AB_E|KB65D,0
1MLC_AB_E|NA32G,0
"1MLC_AB_E|NA32G,NA92A",0
"1MLC_AB_E|NA32G,NA92A,SB57V,TB58D",0
1MLC_AB_E|NA32Y,0
1MLC_AB_E|NA92A,0
"1MLC_AB_E|NA92A,SB57V,TB58D",0
"1MLC_AB_E|NA92A,TB28D,SB57V,TB58D",0
"1MLC_AB_E|NA92A,TB28D,SB57V,TB58D,EB35S,GB99D",0
"1MLC_AB_E|NA92A,TB28D,SB57V,TB58D,GB99D",0
"1MLC_AB_E|NA92A,TB28D,SB57V,TB58D,NA32L",0
"1MLC_AB_E|NA92A,TB28D,SB57V,TB58D,RB98M,DB100Q",0
"1MLC_AB_E|NA92A,TB28D,SB57V,TB58D,SA91N,SA93A",0
"1MLC_AB_E|NA92A,TB28D,SB57V,TB58D,SB30G",0
"1MLC_AB_E|NA92A,TB28D,SB57V,TB58D,YB32W,RB98V,DB100Q",0
"1MLC_AB_E|NA92A,TB28D,SB57V,TB58D,YB59E",0
1MLC_AB_E|SB57A,0
1MLC_AB_E|SB57V,0
"1MLC_AB_E|SB57V,TB58D",0
1MLC_AB_E|TB28D,0
1MLC_AB_E|TB31A,0
1MLC_AB_E|TB31V,0
1MLC_AB_E|TB31W,0
1MLC_AB_E|TB58D,0
1N8Z_AB_C|DB102W,3
1N8Z_AB_C|FC539A,3
1N8Z_AB_C|HA91F,3
1N8Z_AB_C|LC509A,3
1N8Z_AB_C|NA30S,3
"1N8Z_AB_C|NA30S,HA91F,YA92W",3
"1N8Z_AB_C|NA30S,HA91F,YA92W,TA94S,DB102W,YB105F,YB109V",3
1N8Z_AB_C|RB50A,3
1N8Z_AB_C|RB59A,3
1N8Z_AB_C|SC535A,3
1N8Z_AB_C|TA94S,3
1N8Z_AB_C|VC536A,3
1N8Z_AB_C|YB105F,3
1N8Z_AB_C|YB109V,3
1NCA_N_LH|DH101K,3
1NCA_N_LH|EH100D,3
1NCA_N_LH|NH102Q,3
1NCA_N_LH|NH31Q,3
1NMB_N_LH|DH57E,3
1NMB_N_LH|DH57N,3
1NMB_N_LH|LL94V,3
1NMB_N_LH|TL93F,3
1NMB_N_LH|TL93W,3
1NMB_N_LH|YH103A,3
1NMB_N_LH|YH105F,3
1NMB_N_LH|YL32F,3
1VFB_AB_C|DB100A,0
"1VFB_AB_C|DB100A,SC24A",0
1VFB_AB_C|DB54A,0
"1VFB_AB_C|DB54A,TC118A",0
1VFB_AB_C|DB58A,0
1VFB_AB_C|DB58E,0
1VFB_AB_C|DB58N,0
1VFB_AB_C|DC119A,0
1VFB_AB_C|DC18A,0
1VFB_AB_C|EB98A,0
1VFB_AB_C|GB31A,0
1VFB_AB_C|GB31E,0
1VFB_AB_C|GB31W,0
1VFB_AB_C|HA30A,0
1VFB_AB_C|IC124A,0
1VFB_AB_C|KC116A,0
1VFB_AB_C|LC129A,0
1VFB_AB_C|NA31W,0
1VFB_AB_C|NB56A,0
1VFB_AB_C|NC19A,0
1VFB_AB_C|QC121A,0
1VFB_AB_C|RB99A,0
1VFB_AB_C|RB99W,0
1VFB_AB_C|RB99Y,0
1VFB_AB_C|RC125A,0
1VFB_AB_C|SA93A,0
1VFB_AB_C|SB28D,0
1VFB_AB_C|SB28E,0
1VFB_AB_C|SB28N,0
1VFB_AB_C|SB28Q,0
1VFB_AB_C|SC24A,0
1VFB_AB_C|TA52F,0
1VFB_AB_C|TA53R,0
1VFB_AB_C|TB30A,0
1VFB_AB_C|TC118A,0
1VFB_AB_C|VC120A,0
1VFB_AB_C|WA92A,0
"1VFB_AB_C|WA92A,IC124A",0
"1VFB_AB_C|WA92A,LC129A",0
"1VFB_AB_C|WA92A,QC121A",0
"1VFB_AB_C|WA92A,RC125A",0
1VFB_AB_C|WB52A,0
"1VFB_AB_C|WB52A,DC119A",0
1VFB_AB_C|YA32A,0
"1VFB_AB_C|YA32A,IC124A",0
"1VFB_AB_C|YA32A,QC121A",0
1VFB_AB_C|YA49A,0
1VFB_AB_C|YA50A,0
"1VFB_AB_C|YA50A,DC119A",0
"1VFB_AB_C|YA50A,DC18A",0
1VFB_AB_C|YA50K,0
1VFB_AB_C|YA50R,0
1VFB_AB_C|YB101F,0
"1VFB_AB_C|YB101F,DC119A",0
"1VFB_AB_C|YB101F,VC120A",0
1VFB_AB_C|YB32A,0
"1VFB_AB_C|YB32A,KC116A",0
1VFB_AB_C|YB32E,0
1VFB_AB_C|YC23A,0
1XGP_AB_C|AB33F,0
1XGP_AB_C|AB33I,0
1XGP_AB_C|AB33L,0
1XGP_AB_C|AB33V,0
1XGQ_AB_C|VB33A,0
1XGQ_AB_C|VB33F,0
1XGQ_AB_C|VB33I,0
1XGQ_AB_C|VB33L,0
1XGR_AB_C|IB33A,0
1XGR_AB_C|IB33F,0
1XGR_AB_C|IB33L,0
1XGR_AB_C|IB33V,0
1XGT_AB_C|LB33A,0
1XGT_AB_C|LB33F,0
1XGT_AB_C|LB33I,0
1XGT_AB_C|LB33V,0
1XGU_AB_C|FB33A,0
1XGU_AB_C|FB33I,0
1XGU_AB_C|FB33L,0
1XGU_AB_C|FB33V,0
1YQV_HL_Y|RY45K,0
"1YQV_HL_Y|RY68K,TY40S,IY55V,SY91T",0
"1YQV_HL_Y|RY68K,TY40S,IY55V,SY91T,QY121H",0
1YY9_CD_A|AC25P,3
1YY9_CD_A|AD98P,3
1YY9_CD_A|GD54P,3
1YY9_CD_A|LD29P,3
1YY9_CD_A|NC93A,3
1YY9_CD_A|ND56A,3
1YY9_CD_A|SC26D,3
"1YY9_CD_A|SC26D,TC31E,NC93A",3
"1YY9_CD_A|SC26D,TC31E,NC93A,ND56A,TD61E",3
1YY9_CD_A|SC26P,3
1YY9_CD_A|SC28P,3
1YY9_CD_A|SC54P,3
1YY9_CD_A|SD53P,3
1YY9_CD_A|TC31E,3
"1YY9_CD_A|TC31E,NC93A",3
1YY9_CD_A|TC96P,3
1YY9_CD_A|TD61E,3
1YY9_CD_A|WD52P,3
1YY9_CD_A|YD101P,3
2B2X_HL_A|EH64K,1
"2B2X_HL_A|EH64K,QL28S,YL52N",1
"2B2X_HL_A|EH64K,QL28S,YL52N,GH102S",1
"2B2X_HL_A|EH64K,QL28S,YL52N,SH35A",1
"2B2X_HL_A|EH64K,QL28S,YL52N,SH35V",1
"2B2X_HL_A|EH64K,YL52N",1
"2B2X_HL_A|QL28S,YL52N",1
2B2X_HL_A|VH50T,1
"2B2X_HL_A|VH50T,EH64D,QL28S,YL52N",1
"2B2X_HL_A|VH50T,EH64K,QL28S",1
"2B2X_HL_A|VH50T,EH64K,QL28S,YL52D",1
"2B2X_HL_A|VH50T,EH64K,QL28S,YL52E",1
"2B2X_HL_A|VH50T,EH64K,QL28S,YL52K",1
"2B2X_HL_A|VH50T,EH64K,QL28S,YL52N",1
"2B2X_HL_A|VH50T,EH64K,QL28S,YL52N,FH99W",1
"2B2X_HL_A|VH50T,EH64K,QL28S,YL52N,FH99Y",1
"2B2X_HL_A|VH50T,EH64K,QL28S,YL52N,GH100F",1
"2B2X_HL_A|VH50T,EH64K,QL28S,YL52N,GH100L",1
"2B2X_HL_A|VH50T,EH64K,QL28S,YL52N,GH100M",1
"2B2X_HL_A|VH50T,EH64K,QL28S,YL52N,GH100S",1
"2B2X_HL_A|VH50T,EH64K,QL28S,YL52N,GH53A",1
"2B2X_HL_A|VH50T,EH64K,QL28S,YL52N,GH53N",1
"2B2X_HL_A|VH50T,EH64K,QL28S,YL52N,GH53S",1
"2B2X_HL_A|VH50T,EH64K,QL28S,YL52N,GH54I",1
"2B2X_HL_A|VH50T,EH64K,QL28S,YL52N,GH54T",1
"2B2X_HL_A|VH50T,EH64K,QL28S,YL52N,GH54Y",1
"2B2X_HL_A|VH50T,EH64K,QL28S,YL52N,GL92Q",1
"2B2X_HL_A|VH50T,EH64K,QL28S,YL52N,GL92S",1
"2B2X_HL_A|VH50T,EH64K,QL28S,YL52N,HL31K",1
"2B2X_HL_A|VH50T,EH64K,QL28S,YL52N,HL31R",1
"2B2X_HL_A|VH50T,EH64K,QL28S,YL52N,HL31W",1
"2B2X_HL_A|VH50T,EH64K,QL28S,YL52N,LH60D",1
"2B2X_HL_A|VH50T,EH64K,QL28S,YL52N,LL49F",1
"2B2X_HL_A|VH50T,EH64K,QL28S,YL52N,LL49K",1
"2B2X_HL_A|VH50T,EH64K,QL28S,YL52N,LL49W",1
"2B2X_HL_A|VH50T,EH64K,QL28S,YL52N,NL30V",1
"2B2X_HL_A|VH50T,EH64K,QL28S,YL52N,NL30W",1
"2B2X_HL_A|VH50T,EH64K,QL28S,YL52N,NL30Y",1
"2B2X_HL_A|VH50T,EH64K,QL28S,YL52N,NL30Y,SL91I",1
"2B2X_HL_A|VH50T,EH64K,QL28S,YL52N,RH31Q",1
"2B2X_HL_A|VH50T,EH64K,QL28S,YL52N,SH35A",1
"2B2X_HL_A|VH50T,EH64K,QL28S,YL52N,SH35A,GH102S",1
"2B2X_HL_A|VH50T,EH64K,QL28S,YL52N,SH35Q",1
"2B2X_HL_A|VH50T,EH64K,QL28S,YL52N,SH35V,GH102S",1
"2B2X_HL_A|VH50T,EH64K,QL28S,YL52N,SH52M",1
"2B2X_HL_A|VH50T,EH64K,QL28S,YL52N,SL24R",1
"2B2X_HL_A|VH50T,EH64K,QL28S,YL52N,SL91Q",1
"2B2X_HL_A|VH50T,EH64K,QL28S,YL52N,SL91R",1
"2B2X_HL_A|VH50T,EH64K,QL28S,YL52N,SL91R,NL30E",1
"2B2X_HL_A|VH50T,EH64K,QL28S,YL52N,SL91T",1
"2B2X_HL_A|VH50T,EH64K,QL28S,YL52N,TH33E,GH53Q",1
"2B2X_HL_A|VH50T,EH64K,QL28S,YL52N,TH33I,SH52T,GH53N,GH54N",1
"2B2X_HL_A|VH50T,EH64K,QL28S,YL52N,TH33I,SH52T,GH53Q,GH54F",1
"2B2X_HL_A|VH50T,EH64K,QL28S,YL52N,TH33N",1
"2B2X_HL_A|VH50T,EH64K,QL28S,YL52N,TH33V",1
"2B2X_HL_A|VH50T,EH64K,QL28S,YL52N,WL90Q",1
"2B2X_HL_A|VH50T,EH64K,QL28S,YL52N,WL90Q,FL33Y",1
"2B2X_HL_A|VH50T,EH64K,QL28S,YL52N,YH58E",1
"2B2X_HL_A|VH50T,EH64K,QL28S,YL52N,YH58Q",1
"2B2X_HL_A|VH50T,EH64K,QL28S,YL52N,YH58W",1
"2B2X_HL_A|VH50T,EH64K,QL28S,YL52N,YH59E",1
"2B2X_HL_A|VH50T,EH64K,QL28S,YL52R",1
"2B2X_HL_A|VH50T,EH64K,YL52N",1
"2B2X_HL_A|VH50T,EH64N,QL28S,YL52N",1
"2B2X_HL_A|VH50T,EH64Q,QL28S,YL52N",1
"2B2X_HL_A|VH50T,EH64Q,QL28S,YL52N,LH60D",1
"2B2X_HL_A|VH50T,QL28S,YL52N",1
"2B2X_HL_A|VH50T,QL28S,YL52N,LH60D",1
"2B2X_HL_A|VH50T,YL52N",1
2B2X_HL_A|YL52E,1
2BDN_HL_A|DH31E,2
2BDN_HL_A|LH27K,2
2BDN_HL_A|LH27R,2
2BDN_HL_A|NH28D,2
2BDN_HL_A|NH28Q,2
2BDN_HL_A|NL31K,2
2BDN_HL_A|NL31R,2
2BDN_HL_A|SL53D,2
2BDN_HL_A|SL53E,2
2BDN_HL_A|TL56D,2
2BDN_HL_A|TL56E,2
2BDN_HL_A|YL30K,2
2JEL_LH_P|AP82S,1
2JEL_LH_P|DP69E,1
2JEL_LH_P|EP5D,1
2JEL_LH_P|EP5Q,1
2JEL_LH_P|EP68A,1
2JEL_LH_P|EP75R,1
2JEL_LH_P|EP83A,1
2JEL_LH_P|EP85A,1
2JEL_LH_P|EP85D,1
2JEL_LH_P|EP85K,1
2JEL_LH_P|EP85Q,1
2JEL_LH_P|FP2W,1
2JEL_LH_P|FP2Y,1
2JEL_LH_P|HP76A,1
2JEL_LH_P|HP76D,1
2JEL_LH_P|KP24E,1
2JEL_LH_P|KP27E,1
2JEL_LH_P|KP72E,1
2JEL_LH_P|KP72R,1
2JEL_LH_P|KP79E,1
2JEL_LH_P|NP12D,1
2JEL_LH_P|NP38T,1
2JEL_LH_P|PP11E,1
2JEL_LH_P|QP3K,1
2JEL_LH_P|QP4K,1
2JEL_LH_P|QP57E,1
2JEL_LH_P|QP71E,1
2JEL_LH_P|RP17G,1
2JEL_LH_P|RP17K,1
2JEL_LH_P|SP41C,1
2JEL_LH_P|SP43C,1
2JEL_LH_P|SP46C,1
2JEL_LH_P|SP64T,1
2JEL_LH_P|TP34Q,1
2JEL_LH_P|TP36Q,1
2JEL_LH_P|TP62A,1
2JEL_LH_P|TP62N,1
2JEL_LH_P|TP7N,1
2JEL_LH_P|TP7S,1
2JEL_LH_P|VP6F,1
"2NY7_HL_G|CG27I,CG226Q",2
"2NY7_HL_G|CG27I,CG226Q,MG231A",2
"2NY7_HL_G|GG229C,MG231A",2
"2NY7_HL_G|GG229C,WG13M,MG231A,CG14W,CG110V,CG27I,CG226Q",2
"2NY7_HL_G|KG66C,EG102C,CG27I,CG226Q",2
"2NY7_HL_G|KG66C,EG102C,WG13M,MG231A,CG14W,CG110V,CG27I,CG226Q",2
"2NY7_HL_G|KG66C,EG103C,WG13M,MG231A,CG14W,CG110V,CG27I,CG226Q",2
"2NY7_HL_G|WG13M,MG231A,CG14W,CG110V",2
"2NY7_HL_G|WG13M,MG231A,CG14W,CG110V,CG27I,CG226Q",2
"2NY7_HL_G|WG13M,MG231A,CG14W,CG110V,KG66C,EG102C",2
"2NY7_HL_G|WG13M,SG92T,WG181S,MG231A,CG14W,CG110V,CG27I,CG226Q",2
2NYY_DC_A|DA1030A,3
2NYY_DC_A|DA1034A,3
2NYY_DC_A|DC30Y,3
2NYY_DC_A|EA892A,3
2NYY_DC_A|ED5Q,3
2NYY_DC_A|FA889A,3
2NYY_DC_A|FA925A,3
2NYY_DC_A|HA1036A,3
2NYY_DC_A|HC34R,3
2NYY_DC_A|IA928A,3
2NYY_DC_A|KA1028A,3
2NYY_DC_A|KA875A,3
2NYY_DC_A|KA895A,3
2NYY_DC_A|KD29R,3
"2NYY_DC_A|KD29S,YD30D,DD31H,SD60P",3
2NYY_DC_A|LA891A,3
2NYY_DC_A|MD33Q,3
2NYY_DC_A|NA890A,3
2NYY_DC_A|NA926A,3
2NYY_DC_A|QA887A,3
2NYY_DC_A|RA1033A,3
2NYY_DC_A|RA1266A,3
2NYY_DC_A|SA874A,3
2NYY_DC_A|SA927A,3
2NYY_DC_A|SC28Q,3
2NYY_DC_A|SC31N,3
2NYY_DC_A|TA1035A,3
2NYY_DC_A|VD36I,3
"2NYY_DC_A|VD36I,ED5Q",3
2NYY_DC_A|YD30D,3
2NYY_DC_A|YD30Q,3
2NYY_DC_A|YD56Q,3
2NZ9_DC_A|DA1030A,3
2NZ9_DC_A|DA1034A,3
2NZ9_DC_A|EA892A,3
2NZ9_DC_A|FA889A,3
2NZ9_DC_A|FA925A,3
2NZ9_DC_A|HA1036A,3
2NZ9_DC_A|IA928A,3
2NZ9_DC_A|KA1028A,3
2NZ9_DC_A|KA875A,3
2NZ9_DC_A|KA895A,3
2NZ9_DC_A|LA891A,3
2NZ9_DC_A|NA890A,3
2NZ9_DC_A|NA926A,3
2NZ9_DC_A|QA887A,3
2NZ9_DC_A|RA1033A,3
2NZ9_DC_A|RA1266A,3
2NZ9_DC_A|SA874A,3
2NZ9_DC_A|SA927A,3
"2NZ9_DC_A|SD29K,DD30Y,HD31D",3
2NZ9_DC_A|TA1035A,3
2VIR_AB_C|SC115L,3
2VIR_AB_C|TC89I,3
2VIS_AB_C|IC89T,3
"3BDY_HL_V|DL28N,PL30A,RL31K,SL32T,TL97S,TL98S",3
"3BDY_HL_V|DL28N,PL30A,RL31K,SL32T,TL97S,TL98S,KH31S,DH32G,TH55S,NH56E,GH101V,DH103V",3
"3BDY_HL_V|DL28N,PL30A,RL31K,SL32T,TL97S,TL98S,KH31S,DH32G,TH55S,NH56E,GH101V,DH103V,RH51A,RH60A",3
"3BDY_HL_V|DL28N,PL30A,RL31K,SL32T,YL57F,TL97S,TL98S",3
"3BDY_HL_V|DL28N,PL30A,RL31K,SL32T,YL57F,TL97S,TL98S,KH31S,DH32G,TH55S,NH56E,GH101V,DH103V",3
"3BE1_HL_A|DL28N,PL30A,RL31K,SL32T,TL97S,TL98S",3
"3BE1_HL_A|DL28N,PL30A,RL31K,SL32T,TL97S,TL98S,KH30S,DH31G,TH54S,NH55E,GH100V,DH102V",3
"3BE1_HL_A|DL28N,PL30A,RL31K,SL32T,TL97S,TL98S,KH30S,DH31G,TH54S,NH55E,GH100V,DH102V,YL36A",3
"3BE1_HL_A|DL28N,PL30A,RL31K,SL32T,TL97S,TL98S,KH30S,DH31G,TH54S,NH55E,GH100V,DH102V,YL36A,IL33A",3
"3BE1_HL_A|DL28N,PL30A,RL31K,SL32T,YL57F,TL97S,TL98S",3
"3BE1_HL_A|DL28N,PL30A,RL31K,SL32T,YL57F,TL97S,TL98S,KH30S,DH31G,TH54S,NH55E,GH100V,DH102V",3
3BN9_B_CD|DB214A,3
3BN9_B_CD|DB46A,3
3BN9_B_CD|DB47A,3
3BN9_B_CD|EB163A,3
3BN9_B_CD|FB50A,3
3BN9_B_CD|FB89A,3
3BN9_B_CD|HB138A,3
3BN9_B_CD|IB26A,3
3BN9_B_CD|IB45A,3
3BN9_B_CD|KB221A,3
3BN9_B_CD|LB147A,3
3BN9_B_CD|NB90A,3
3BN9_B_CD|PD104H,3
3BN9_B_CD|QB140A,3
3BN9_B_CD|QB168A,3
3BN9_B_CD|QB169A,3
3BN9_B_CD|QB218A,3
3BN9_B_CD|QB23A,3
3BN9_B_CD|QD105V,3
3BN9_B_CD|RB219A,3
3BN9_B_CD|RB48A,3
3BN9_B_CD|RB51A,3
3BN9_B_CD|RB82A,3
3BN9_B_CD|SD30G,3
3BN9_B_CD|SD30N,3
3BN9_B_CD|TB144A,3
3BN9_B_CD|TB93A,3
3BN9_B_CD|TD102Q,3
3BN9_B_CD|TD102R,3
3BN9_B_CD|TD28R,3
3BN9_B_CD|YB141A,3
3BN9_B_CD|YB52A,3
3BN9_B_CD|YD103S,3
"3G6D_LH_A|EL3V,GL76R,TL77V,QL78E,EL80G",1
"3G6D_LH_A|EL3V,GL76R,TL77V,QL78E,EL80G,DH54N",1
"3G6D_LH_A|EL3V,GL76R,TL77V,QL78E,EL80G,TL89S,ML92I,VL93D,TL94K",1
3G6D_LH_A|HH104A,1
"3G6D_LH_A|KH210T,KH215T",1
"3G6D_LH_A|TL89S,ML92I,VL93D,TL94K",1
3G6D_LH_A|WH105A,1
3HFM_HL_Y|DH32A,0
"3HFM_HL_Y|DH32A,KY97A",0
"3HFM_HL_Y|DH32A,KY97M",0
3HFM_HL_Y|DH32N,0
"3HFM_HL_Y|DH32N,KY97A",0
"3HFM_HL_Y|DH32N,KY97M",0
3HFM_HL_Y|DY101A,0
3HFM_HL_Y|DY101E,0
3HFM_HL_Y|DY101F,0
3HFM_HL_Y|DY101G,0
3HFM_HL_Y|DY101K,0
3HFM_HL_Y|DY101N,0
3HFM_HL_Y|DY101Q,0
3HFM_HL_Y|DY101R,0
3HFM_HL_Y|DY101S,0
3HFM_HL_Y|GY102V,0
3HFM_HL_Y|HY15A,0
3HFM_HL_Y|IY98A,0
3HFM_HL_Y|KY96A,0
3HFM_HL_Y|KY96M,0
3HFM_HL_Y|KY96R,0
3HFM_HL_Y|KY97A,0
3HFM_HL_Y|KY97D,0
3HFM_HL_Y|KY97E,0
3HFM_HL_Y|KY97G,0
3HFM_HL_Y|KY97M,0
3HFM_HL_Y|KY97R,0
3HFM_HL_Y|LY75A,0
3HFM_HL_Y|NL31A,0
"3HFM_HL_Y|NL31A,KY96A",0
3HFM_HL_Y|NL31D,0
3HFM_HL_Y|NL31E,0
3HFM_HL_Y|NL32A,0
3HFM_HL_Y|NY19D,0
3HFM_HL_Y|NY19K,0
3HFM_HL_Y|NY19Q,0
3HFM_HL_Y|NY93A,0
3HFM_HL_Y|QL53A,0
3HFM_HL_Y|RY21A,0
3HFM_HL_Y|RY21E,0
3HFM_HL_Y|RY21G,0
3HFM_HL_Y|RY21H,0
3HFM_HL_Y|RY21K,0
3HFM_HL_Y|RY21M,0
3HFM_HL_Y|RY21N,0
3HFM_HL_Y|RY21Q,0
3HFM_HL_Y|RY21W,0
3HFM_HL_Y|RY73A,0
3HFM_HL_Y|SH31A,0
3HFM_HL_Y|SY100A,0
3HFM_HL_Y|TY89A,0
3HFM_HL_Y|WH98A,0
"3HFM_HL_Y|WH98A,KY96A",0
3HFM_HL_Y|WH98F,0
"3HFM_HL_Y|WH98F,YY20A",0
3HFM_HL_Y|WY63A,0
3HFM_HL_Y|YH33A,0
"3HFM_HL_Y|YH33A,KY97A",0
3HFM_HL_Y|YH33F,0
3HFM_HL_Y|YH33L,0
3HFM_HL_Y|YH33W,0
3HFM_HL_Y|YH50A,0
"3HFM_HL_Y|YH50A,RY21A",0
3HFM_HL_Y|YH50F,0
3HFM_HL_Y|YH50L,0
3HFM_HL_Y|YH53A,0
3HFM_HL_Y|YH53F,0
3HFM_HL_Y|YH53L,0
3HFM_HL_Y|YH53W,0
3HFM_HL_Y|YH58A,0
3HFM_HL_Y|YH58F,0
3HFM_HL_Y|YH58L,0
3HFM_HL_Y|YL50A,0
"3HFM_HL_Y|YL50A,KY96A",0
"3HFM_HL_Y|YL50A,KY97A",0
"3HFM_HL_Y|YL50A,RY21A",0
3HFM_HL_Y|YL50F,0
"3HFM_HL_Y|YL50F,RY21A",0
"3HFM_HL_Y|YL50F,YY20A",0
3HFM_HL_Y|YL50L,0
3HFM_HL_Y|YL96A,0
"3HFM_HL_Y|YL96A,RY21A",0
3HFM_HL_Y|YL96F,0
"3HFM_HL_Y|YL96F,RY21A",0
3HFM_HL_Y|YY20A,0
3HFM_HL_Y|YY20F,0
3HFM_HL_Y|YY20L,0
"3IDX_HL_G|CG27I,CG242Q",2
"3IDX_HL_G|CG27I,CG242Q,MG247A",2
"3IDX_HL_G|KG85C,EG121C,CG27I,CG242Q",2
"3IDX_HL_G|KG85C,EG121C,WG13M,MG247A,CG14W,CG129V,CG27I,CG242Q",2
"3IDX_HL_G|KG85C,EG122C,WG13M,MG247A,CG14W,CG129V,CG27I,CG242Q",2
"3IDX_HL_G|TG41C,GG245C,MG247A",2
"3IDX_HL_G|TG41C,GG245C,WG13M,MG247A,CG14W,CG129V,CG27I,CG242Q",2
"3IDX_HL_G|WG13M,MG247A,CG14W,CG129V",2
"3IDX_HL_G|WG13M,MG247A,CG14W,CG129V,CG27I,CG242Q",2
"3IDX_HL_G|WG13M,MG247A,CG14W,CG129V,KG85C,EG121C",2
"3IDX_HL_G|WG13M,SG111T,WG200S,MG247A,CG14W,CG129V,CG27I,CG242Q",2
"3L5X_A_HL|EL93F,YL94G",1
"3L5X_A_HL|EL93H,YL94G",1
"3L5X_A_HL|HL91P,NL92I,EL93D,YL94A",1
"3L5X_A_HL|HL91P,NL92L,EL93D,YL94S",1
"3L5X_A_HL|HL91P,NL92L,EL93D,YL94T",1
"3L5X_A_HL|HL91P,NL92L,EL93D,YL94V",1
"3L5X_A_HL|HL91P,NL92L,YL94A",1
"3L5X_A_HL|HL91Q,NL92D,EL93I,YL94G",1
"3L5X_A_HL|HL91Q,NL92D,EL93L,YL94G",1
"3L5X_A_HL|HL91Q,NL92D,EL93Y,YL94G",1
"3L5X_A_HL|NL92D,EL93L,YL94G",1
"3L5X_A_HL|NL92D,EL93N,YL94S",1
"3L5X_A_HL|NL92D,EL93P,YL94G",1
"3L5X_A_HL|NL92D,EL93R,YL94D",1
"3L5X_A_HL|NL92D,EL93W,YL94E",1
"3L5X_A_HL|NL92D,EL93W,YL94G",1
"3L5X_A_HL|NL92D,EL93W,YL94S",1
"3L5X_A_HL|NL92D,EL93Y,YL94A",1
"3L5X_A_HL|NL92E,EL93S,YL94G",1
"3L5X_A_HL|NL92E,EL93W,YL94G",1
"3L5X_A_HL|NL92F,EL93W,YL94G",1
"3L5X_A_HL|NL92L,EL93D,YL94S",1
"3L5X_A_HL|NL92L,EL93L,YL94G",1
"3L5X_A_HL|NL92L,EL93M,YL94G",1
"3L5X_A_HL|NL92L,EL93N,YL94G",1
"3L5X_A_HL|NL92S,EL93H,YL94G",1
"3L5X_A_HL|NL92S,EL93I,YL94G",1
"3L5X_A_HL|NL92S,EL93S,YL94G",1
"3L5X_A_HL|NL92S,EL93V,YL94G",1
"3L5X_A_HL|NL92S,EL93W,YL94A",1
"3L5X_A_HL|NL92S,EL93W,YL94G",1
"3L5X_A_HL|NL92S,EL93Y,YL94G",1
"3L5X_A_HL|NL92V,EL93G,YL94G",1
"3L5X_A_HL|NL92V,EL93W,YL94G",1
3L5X_A_HL|YL94A,1
3LZF_AB_HL|DA187E,3
"3LZF_AB_HL|DA187E,DA222G",3
3LZF_AB_HL|DA222G,3
3N85_A_LH|SH32A,3
3N85_A_LH|SH32Y,3
3N85_A_LH|SH50G,3
3N85_A_LH|SH52Y,3
3N85_A_LH|WH100F,3
3N85_A_LH|WH30K,3
3N85_A_LH|WH30R,3
3N85_A_LH|WL91F,3
3N85_A_LH|WL94Y,3
3NGB_HL_G|AH57G,2
"3NGB_HL_G|AH57G,VH58T,PH63K,VH74T",2
"3NGB_HL_G|CH32S,CH102A",2
3NGB_HL_G|DH103A,2
3NGB_HL_G|EL88A,2
3NGB_HL_G|FL89A,2
3NGB_HL_G|GH55A,2
3NGB_HL_G|GH55S,2
3NGB_HL_G|GH56A,2
3NGB_HL_G|IH30A,2
3NGB_HL_G|IH30T,2
"3NGB_HL_G|IH30T,KH52N,RH54N,GH55S,AH57G,VH58T,RH62Q,PH63K,VH74T,YH75S,YL26S",2
3NGB_HL_G|KH52A,2
3NGB_HL_G|KH52N,2
3NGB_HL_G|MH70A,2
3NGB_HL_G|NH105A,2
3NGB_HL_G|NH59A,2
3NGB_HL_G|PH63A,2
3NGB_HL_G|PH63K,2
3NGB_HL_G|QH65A,2
3NGB_HL_G|QL25A,2
3NGB_HL_G|RH54A,2
3NGB_HL_G|RH54N,2
3NGB_HL_G|RH62A,2
3NGB_HL_G|RH62Q,2
3NGB_HL_G|RH72A,2
3NGB_HL_G|SL28A,2
3NGB_HL_G|TH33A,2
3NGB_HL_G|TH33Y,2
"3NGB_HL_G|TH33Y,GH56S,AH57G,VH58T,PH63K,VH74T,YH75S",2
3NGB_HL_G|VH58A,2
3NGB_HL_G|VH58T,2
3NGB_HL_G|VH74A,2
3NGB_HL_G|VH74T,2
3NGB_HL_G|VL1A,2
3NGB_HL_G|WH106A,2
3NGB_HL_G|WH47A,2
3NGB_HL_G|WH50A,2
3NGB_HL_G|YH104A,2
3NGB_HL_G|YH60A,2
3NGB_HL_G|YH75A,2
3NGB_HL_G|YH75S,2
3NGB_HL_G|YL26A,2
3NGB_HL_G|YL26S,2
3NGB_HL_G|YL87A,2
3NPS_A_BC|DA214A,3
3NPS_A_BC|DA46A,3
3NPS_A_BC|DA47A,3
3NPS_A_BC|DA91A,3
3NPS_A_BC|EA163A,3
3NPS_A_BC|FA50A,3
3NPS_A_BC|FA89A,3
3NPS_A_BC|FA92A,3
3NPS_A_BC|HA138A,3
3NPS_A_BC|IA26A,3
3NPS_A_BC|IA45A,3
3NPS_A_BC|KA221A,3
3NPS_A_BC|LA147A,3
3NPS_A_BC|NA90A,3
3NPS_A_BC|QA140A,3
3NPS_A_BC|QA168A,3
3NPS_A_BC|QA169A,3
3NPS_A_BC|QA218A,3
3NPS_A_BC|QA23A,3
3NPS_A_BC|RA219A,3
3NPS_A_BC|RA48A,3
3NPS_A_BC|RA51A,3
3NPS_A_BC|RA82A,3
3NPS_A_BC|TA144A,3
3NPS_A_BC|TA93A,3
3NPS_A_BC|YA141A,3
3NPS_A_BC|YA52A,3
3SE8_HL_G|DH110A,2
3SE8_HL_G|DH114A,2
3SE8_HL_G|DL49A,2
3SE8_HL_G|EL1A,2
3SE8_HL_G|EL91A,2
3SE8_HL_G|FH115A,2
3SE8_HL_G|FL90A,2
3SE8_HL_G|FL92A,2
3SE8_HL_G|GH56A,2
3SE8_HL_G|KH52A,2
3SE8_HL_G|LH54A,2
3SE8_HL_G|NL30A,2
3SE8_HL_G|PH78A,2
3SE8_HL_G|PH81A,2
3SE8_HL_G|QH63A,2
3SE8_HL_G|QH65A,2
3SE8_HL_G|QH76A,2
3SE8_HL_G|QL27A,2
3SE8_HL_G|RH30A,2
3SE8_HL_G|RH62A,2
3SE8_HL_G|RH72A,2
3SE8_HL_G|SH59A,2
3SE8_HL_G|VH58A,2
3SE8_HL_G|WH47A,2
3SE8_HL_G|WH50A,2
3SE8_HL_G|WH55A,2
3SE8_HL_G|YH111A,2
3SE8_HL_G|YH60A,2
3SE9_HL_G|DH77A,2
3SE9_HL_G|EL90A,2
3SE9_HL_G|FL91A,2
3SE9_HL_G|GH106A,2
3SE9_HL_G|GH107A,2
3SE9_HL_G|GH109A,2
3SE9_HL_G|GH57A,2
3SE9_HL_G|GH62A,2
3SE9_HL_G|GL29A,2
3SE9_HL_G|LH34A,2
3SE9_HL_G|LL89A,2
3SE9_HL_G|NH60A,2
3SE9_HL_G|PH64A,2
3SE9_HL_G|RH67A,2
3SE9_HL_G|RH74A,2
3SE9_HL_G|RH76A,2
3SE9_HL_G|TH105A,2
3SE9_HL_G|TH56A,2
3SE9_HL_G|VH55A,2
3SE9_HL_G|VH59A,2
3SE9_HL_G|VL3A,2
3SE9_HL_G|WH48A,2
3SE9_HL_G|WH51A,2
3SE9_HL_G|YH104A,2
3SE9_HL_G|YL28A,2
3W2D_A_HL|KA67N,3
3W2D_A_HL|KA67R,3
3W2D_A_HL|YA45F,3
3W2D_A_HL|YA45L,3
4GXU_ABCDEF_MN|DA189E,3
"4GXU_ABCDEF_MN|DA189E,DA224G",3
4GXU_ABCDEF_MN|DA224G,3
4JPK_HL_A|DA141R,2
"4JPK_HL_A|DA159N,DA33N",2
4JPK_HL_A|FA144I,2
4JPK_HL_A|FA63L,2
4JPK_HL_A|RA130K,2
4JPK_HL_A|RA81T,2
4JPK_HL_A|SA41G,2
4JPK_HL_A|TA35S,2
4JPK_HL_A|VA30N,2
4KRL_A_B|DB112A,3
"4KRO_A_B|DA321T,FA323A",3
"4KRP_A_B|DA277T,FA279A",3
4NM8_ABCDEF_HL|DB19N,3
4NM8_ABCDEF_HL|IB18M,3
4NM8_ABCDEF_HL|LB38Y,3
4NM8_ABCDEF_HL|QB34R,3
4NM8_ABCDEF_HL|QB34T,3
4NM8_ABCDEF_HL|RB25M,3
4NM8_ABCDEF_HL|TB32E,3
4NM8_ABCDEF_HL|TB32I,3
4NM8_ABCDEF_HL|TB32R,3
4U6H_AB_E|NE21A,1
4U6H_AB_E|QE25A,1
4ZS6_HL_A|EA156A,3
4ZS6_HL_A|YA160A,3
5C6T_HL_A|EA194A,2
5C6T_HL_A|FA192A,2
5C6T_HL_A|FA199A,2
5C6T_HL_A|FA200A,2
5C6T_HL_A|FH99A,2
5C6T_HL_A|IA201A,2
5C6T_HL_A|NA183A,2
5C6T_HL_A|NA186A,2
5C6T_HL_A|NA188A,2
"5C6T_HL_A|NA195A,DA197A",2
5C6T_HL_A|NH97A,2
5C6T_HL_A|RH31S,2
5C6T_HL_A|RL48A,2
5C6T_HL_A|SH32A,2
5C6T_HL_A|TA185A,2
5C6T_HL_A|YA182A,2
"5C6T_HL_A|YA182A,NA195A,DA197A",2
5C6T_HL_A|YH104A,2
5C6T_HL_A|YH98A,2
5C6T_HL_A|YL47A,2
