row_id,#Pdb,cluster,fold
1AHW_AB_C|DC167A,1AHW_AB_C,1AHW_AB_C,1
"1AHW_AB_C|IC141Q,TC143I,YC145T",1AHW_AB_C,1AHW_AB_C,1
"1AHW_AB_C|KC138A,DC139A",1AHW_AB_C,1AHW_AB_C,1
"1AHW_AB_C|KC154A,KC155A",1AHW_AB_C,1AHW_AB_C,1
"1AHW_AB_C|KC158A,NC160A,NC162A",1AHW_AB_C,1AHW_AB_C,1
1AHW_AB_C|LC165A,1AHW_AB_C,1AHW_AB_C,1
1AHW_AB_C|NC188A,1AHW_AB_C,1AHW_AB_C,1
"1AHW_AB_C|RC189A,KC190A",1AHW_AB_C,1AHW_AB_C,1
"1AHW_AB_C|SC184A,RC185A",1AHW_AB_C,1AHW_AB_C,1
"1AHW_AB_C|TC110A,KC111A",1AHW_AB_C,1AHW_AB_C,1
1AHW_AB_C|TC156A,1AHW_AB_C,1AHW_AB_C,1
1AHW_AB_C|TC159A,1AHW_AB_C,1AHW_AB_C,1
1AHW_AB_C|TC186A,1AHW_AB_C,1AHW_AB_C,1
1AHW_AB_C|VC187A,1AHW_AB_C,1AHW_AB_C,1
1AHW_AB_C|YC145A,1AHW_AB_C,1AHW_AB_C,1
1AHW_AB_C|YC146A,1AHW_AB_C,1AHW_AB_C,1
1BJ1_HL_VW|HH101Y,1BJ1_HL_VW,3N85_A_LH,3
"1BJ1_HL_VW|HH101Y,SH105T",1BJ1_HL_VW,3N85_A_LH,3
"1BJ1_HL_VW|HH101Y,YH103I,GH104A,SH105K",1BJ1_HL_VW,3N85_A_LH,3
"1BJ1_HL_VW|HH101Y,YH103R,GH104D,SH105N",1BJ1_HL_VW,3N85_A_LH,3
"1BJ1_HL_VW|HH101Y,YH103R,GH104N,SH105T",1BJ1_HL_VW,3N85_A_LH,3
"1BJ1_HL_VW|HH101Y,YH103R,SH105T",1BJ1_HL_VW,3N85_A_LH,3
"1BJ1_HL_VW|HH101Y,YH103W,SH105T",1BJ1_HL_VW,3N85_A_LH,3
1BJ1_HL_VW|HH107A,1BJ1_HL_VW,3N85_A_LH,3
"1BJ1_HL_VW|LH72I,TH74K",1BJ1_HL_VW,3N85_A_LH,3
"1BJ1_HL_VW|LH72V,TH74V",1BJ1_HL_VW,3N85_A_LH,3
"1BJ1_HL_VW|ML4L,TH28D,NH31H,HH101Y,SH105T",1BJ1_HL_VW,3N85_A_LH,3
1BJ1_HL_VW|NH31H,1BJ1_HL_VW,3N85_A_LH,3
1BJ1_HL_VW|SH105T,1BJ1_HL_VW,3N85_A_LH,3
1BJ1_HL_VW|TH28D,1BJ1_HL_VW,3N85_A_LH,3
"1BJ1_HL_VW|TH28D,NH31H",1BJ1_HL_VW,3N85_A_LH,3
"1BJ1_HL_VW|TH28D,NH31H,HH101Y,SH105T",1BJ1_HL_VW,3N85_A_LH,3
"1BJ1_HL_VW|TH28D,NH31H,YH54W,HH101Y,SH105T",1BJ1_HL_VW,3N85_A_LH,3
1BJ1_HL_VW|TH59A,1BJ1_HL_VW,3N85_A_LH,3
1BJ1_HL_VW|YH27A,1BJ1_HL_VW,3N85_A_LH,3
1BJ1_HL_VW|YH54A,1BJ1_HL_VW,3N85_A_LH,3
1BJ1_HL_VW|YH54W,1BJ1_HL_VW,3N85_A_LH,3
1BJ1_HL_VW|YH99A,1BJ1_HL_VW,3N85_A_LH,3
1CZ8_HL_VW|LL4M,1CZ8_HL_VW,3N85_A_LH,3
"1CZ8_HL_VW|LL4M,DH28T,HH31N",1CZ8_HL_VW,3N85_A_LH,3
"1CZ8_HL_VW|LL4M,DH28T,HH31N,TH105K,YH103I,GH104A",1CZ8_HL_VW,3N85_A_LH,3
"1CZ8_HL_VW|LL4M,DH28T,HH31N,TH105N,YH103R,GH104D",1CZ8_HL_VW,3N85_A_LH,3
"1CZ8_HL_VW|LL4M,DH28T,HH31N,TH105S",1CZ8_HL_VW,3N85_A_LH,3
"1CZ8_HL_VW|LL4M,DH28T,HH31N,YH101H",1CZ8_HL_VW,3N85_A_LH,3
"1CZ8_HL_VW|LL4M,DH28T,HH31N,YH101H,TH105S",1CZ8_HL_VW,3N85_A_LH,3
"1CZ8_HL_VW|LL4M,DH28T,HH31N,YH101H,TH105S,LH72I,TH74K",1CZ8_HL_VW,3N85_A_LH,3
"1CZ8_HL_VW|LL4M,DH28T,HH31N,YH101H,TH105S,LH72V,TH74V",1CZ8_HL_VW,3N85_A_LH,3
"1CZ8_HL_VW|LL4M,DH28T,HH31N,YH101H,TH105S,YH54W",1CZ8_HL_VW,3N85_A_LH,3
"1CZ8_HL_VW|LL4M,DH28T,HH31N,YH103R",1CZ8_HL_VW,3N85_A_LH,3
"1CZ8_HL_VW|LL4M,DH28T,HH31N,YH103R,GH104N",1CZ8_HL_VW,3N85_A_LH,3
"1CZ8_HL_VW|LL4M,DH28T,HH31N,YH103W",1CZ8_HL_VW,3N85_A_LH,3
"1CZ8_HL_VW|LL4M,DH28T,YH101H,TH105S",1CZ8_HL_VW,3N85_A_LH,3
"1CZ8_HL_VW|LL4M,HH31N,YH101H,TH105S",1CZ8_HL_VW,3N85_A_LH,3
"1CZ8_HL_VW|LL4M,YH101H,TH105S",1CZ8_HL_VW,3N85_A_LH,3
"1CZ8_HL_VW|LL4M,YH54W",1CZ8_HL_VW,3N85_A_LH,3
1DQJ_AB_C|DB32A,1DQJ_AB_C,1MLC_AB_E,0
"1DQJ_AB_C|DB32A,KC97A",1DQJ_AB_C,1MLC_AB_E,0
1DQJ_AB_C|DC101A,1DQJ_AB_C,1MLC_AB_E,0
1DQJ_AB_C|KC96A,1DQJ_AB_C,1MLC_AB_E,0
1DQJ_AB_C|KC97A,1DQJ_AB_C,1MLC_AB_E,0
1DQJ_AB_C|LC75A,1DQJ_AB_C,1MLC_AB_E,0
1DQJ_AB_C|NA31A,1DQJ_AB_C,1MLC_AB_E,0
1DQJ_AB_C|NA32A,1DQJ_AB_C,1MLC_AB_E,0
"1DQJ_AB_C|NA32A,KC96A",1DQJ_AB_C,1MLC_AB_E,0
1DQJ_AB_C|NC93A,1DQJ_AB_C,1MLC_AB_E,0
1DQJ_AB_C|RC21A,1DQJ_AB_C,1MLC_AB_E,0
1DQJ_AB_C|SA91A,1DQJ_AB_C,1MLC_AB_E,0
"1DQJ_AB_C|SA91A,RC21A",1DQJ_AB_C,1MLC_AB_E,0
"1DQJ_AB_C|SA91A,YC20A",1DQJ_AB_C,1MLC_AB_E,0
1DQJ_AB_C|SC100A,1DQJ_AB_C,1MLC_AB_E,0
1DQJ_AB_C|TC89A,1DQJ_AB_C,1MLC_AB_E,0
1DQJ_AB_C|WB98A,1DQJ_AB_C,1MLC_AB_E,0
"1DQJ_AB_C|WB98A,KC97A",1DQJ_AB_C,1MLC_AB_E,0
"1DQJ_AB_C|WB98A,SC100A",1DQJ_AB_C,1MLC_AB_E,0
"1DQJ_AB_C|WB98A,YC20A",1DQJ_AB_C,1MLC_AB_E,0
1DQJ_AB_C|WC62A,1DQJ_AB_C,1MLC_AB_E,0
1DQJ_AB_C|WC63A,1DQJ_AB_C,1MLC_AB_E,0
1DQJ_AB_C|YA50A,1DQJ_AB_C,1MLC_AB_E,0
1DQJ_AB_C|YA96A,1DQJ_AB_C,1MLC_AB_E,0
"1DQJ_AB_C|YA96A,RC21A",1DQJ_AB_C,1MLC_AB_E,0
"1DQJ_AB_C|YA96A,SC100A",1DQJ_AB_C,1MLC_AB_E,0
1DQJ_AB_C|YB33A,1DQJ_AB_C,1MLC_AB_E,0
1DQJ_AB_C|YB50A,1DQJ_AB_C,1MLC_AB_E,0
1DQJ_AB_C|YB53A,1DQJ_AB_C,1MLC_AB_E,0
"1DQJ_AB_C|YB53A,DC101A",1DQJ_AB_C,1MLC_AB_E,0
"1DQJ_AB_C|YB53A,LC75A",1DQJ_AB_C,1MLC_AB_E,0
"1DQJ_AB_C|YB53A,WC62A",1DQJ_AB_C,1MLC_AB_E,0
"1DQJ_AB_C|YB53A,WC63A",1DQJ_AB_C,1MLC_AB_E,0
1DQJ_AB_C|YC20A,1DQJ_AB_C,1MLC_AB_E,0
1DVF_AB_CD|DB100A,1DVF_AB_CD,1MLC_AB_E,0
"1DVF_AB_CD|DB100A,DD52A",1DVF_AB_CD,1MLC_AB_E,0
"1DVF_AB_CD|DB100A,HD33A",1DVF_AB_CD,1MLC_AB_E,0
"1DVF_AB_CD|DB100A,ND55A",1DVF_AB_CD,1MLC_AB_E,0
1DVF_AB_CD|DB54A,1DVF_AB_CD,1MLC_AB_E,0
"1DVF_AB_CD|DB54A,YC49A",1DVF_AB_CD,1MLC_AB_E,0
1DVF_AB_CD|DB58A,1DVF_AB_CD,1MLC_AB_E,0
"1DVF_AB_CD|DB58A,QD104A",1DVF_AB_CD,1MLC_AB_E,0
1DVF_AB_CD|DD52A,1DVF_AB_CD,1MLC_AB_E,0
1DVF_AB_CD|EB98A,1DVF_AB_CD,1MLC_AB_E,0
"1DVF_AB_CD|EB98A,YD102A",1DVF_AB_CD,1MLC_AB_E,0
1DVF_AB_CD|HA30A,1DVF_AB_CD,1MLC_AB_E,0
1DVF_AB_CD|HD33A,1DVF_AB_CD,1MLC_AB_E,0
1DVF_AB_CD|ID101A,1DVF_AB_CD,1MLC_AB_E,0
1DVF_AB_CD|KD30A,1DVF_AB_CD,1MLC_AB_E,0
1DVF_AB_CD|NB56A,1DVF_AB_CD,1MLC_AB_E,0
"1DVF_AB_CD|NB56A,HD33A",1DVF_AB_CD,1MLC_AB_E,0
"1DVF_AB_CD|NB56A,ND55A",1DVF_AB_CD,1MLC_AB_E,0
"1DVF_AB_CD|NB56A,QD104A",1DVF_AB_CD,1MLC_AB_E,0
1DVF_AB_CD|ND55A,1DVF_AB_CD,1MLC_AB_E,0
1DVF_AB_CD|QD104A,1DVF_AB_CD,1MLC_AB_E,0
1DVF_AB_CD|RB99A,1DVF_AB_CD,1MLC_AB_E,0
1DVF_AB_CD|RD106A,1DVF_AB_CD,1MLC_AB_E,0
1DVF_AB_CD|SA93A,1DVF_AB_CD,1MLC_AB_E,0
1DVF_AB_CD|TB30A,1DVF_AB_CD,1MLC_AB_E,0
1DVF_AB_CD|WA92A,1DVF_AB_CD,1MLC_AB_E,0
1DVF_AB_CD|WB52A,1DVF_AB_CD,1MLC_AB_E,0
"1DVF_AB_CD|WB52A,QD104A",1DVF_AB_CD,1MLC_AB_E,0
1DVF_AB_CD|YA32A,1DVF_AB_CD,1MLC_AB_E,0
"1DVF_AB_CD|YA32A,RD106A",1DVF_AB_CD,1MLC_AB_E,0
1DVF_AB_CD|YA49A,1DVF_AB_CD,1MLC_AB_E,0
"1DVF_AB_CD|YA49A,HD33A",1DVF_AB_CD,1MLC_AB_E,0
"1DVF_AB_CD|YA49A,ND55A",1DVF_AB_CD,1MLC_AB_E,0
1DVF_AB_CD|YA50A,1DVF_AB_CD,1MLC_AB_E,0
1DVF_AB_CD|YB101F,1DVF_AB_CD,1MLC_AB_E,0
1DVF_AB_CD|YB32A,1DVF_AB_CD,1MLC_AB_E,0
1DVF_AB_CD|YC49A,1DVF_AB_CD,1MLC_AB_E,0
1DVF_AB_CD|YD102A,1DVF_AB_CD,1MLC_AB_E,0
"1JRH_LH_I|AI49S,II51T,HI55D",1JRH_LH_I,1JRH_LH_I,1
"1JRH_LH_I|AI85D,KI88R,EI90K",1JRH_LH_I,1JRH_LH_I,1
"1JRH_LH_I|AI93L,VI94M",1JRH_LH_I,1JRH_LH_I,1
1JRH_LH_I|DH56A,1JRH_LH_I,1JRH_LH_I,1
1JRH_LH_I|DH57A,1JRH_LH_I,1JRH_LH_I,1
1JRH_LH_I|DH58A,1JRH_LH_I,1JRH_LH_I,1
1JRH_LH_I|DL28A,1JRH_LH_I,1JRH_LH_I,1
1JRH_LH_I|EI35Q,1JRH_LH_I,1JRH_LH_I,1
1JRH_LH_I|EI45A,1JRH_LH_I,1JRH_LH_I,1
1JRH_LH_I|EI45P,1JRH_LH_I,1JRH_LH_I,1
"1JRH_LH_I|EI45P,II47L",1JRH_LH_I,1JRH_LH_I,1
"1JRH_LH_I|EI45P,II47R",1JRH_LH_I,1JRH_LH_I,1
1JRH_LH_I|EL27A,1JRH_LH_I,1JRH_LH_I,1
1JRH_LH_I|FH103A,1JRH_LH_I,1JRH_LH_I,1
1JRH_LH_I|GI40A,1JRH_LH_I,1JRH_LH_I,1
1JRH_LH_I|HH107A,1JRH_LH_I,1JRH_LH_I,1
"1JRH_LH_I|II25N,PI27S,VI29T,VI31I",1JRH_LH_I,1JRH_LH_I,1
1JRH_LH_I|KI37A,1JRH_LH_I,1JRH_LH_I,1
1JRH_LH_I|KI37M,1JRH_LH_I,1JRH_LH_I,1
1JRH_LH_I|KI42A,1JRH_LH_I,1JRH_LH_I,1
1JRH_LH_I|KI42M,1JRH_LH_I,1JRH_LH_I,1
1JRH_LH_I|KI88A,1JRH_LH_I,1JRH_LH_I,1
"1JRH_LH_I|MI15L,II18V",1JRH_LH_I,1JRH_LH_I,1
1JRH_LH_I|NI38A,1JRH_LH_I,1JRH_LH_I,1
1JRH_LH_I|NI38Q,1JRH_LH_I,1JRH_LH_I,1
1JRH_LH_I|NI43A,1JRH_LH_I,1JRH_LH_I,1
1JRH_LH_I|NI69A,1JRH_LH_I,1JRH_LH_I,1
1JRH_LH_I|RH100A,1JRH_LH_I,1JRH_LH_I,1
1JRH_LH_I|RI74A,1JRH_LH_I,1JRH_LH_I,1
1JRH_LH_I|SI44A,1JRH_LH_I,1JRH_LH_I,1
"1JRH_LH_I|SI44G,EI45G,II47R",1JRH_LH_I,1JRH_LH_I,1
"1JRH_LH_I|SI44G,EI45P,II47K",1JRH_LH_I,1JRH_LH_I,1
"1JRH_LH_I|SI61Y,DI62E,HI63Q,VI64I,GI65M,DI66Y,SI68D,NI69V,LI71A",1JRH_LH_I,1JRH_LH_I,1
1JRH_LH_I|SL93A,1JRH_LH_I,1JRH_LH_I,1
1JRH_LH_I|TI4V,1JRH_LH_I,1JRH_LH_I,1
"1JRH_LH_I|TI9L,EI11K",1JRH_LH_I,1JRH_LH_I,1
1JRH_LH_I|TL94A,1JRH_LH_I,1JRH_LH_I,1
1JRH_LH_I|VI41A,1JRH_LH_I,1JRH_LH_I,1
"1JRH_LH_I|VI73A,RI78K",1JRH_LH_I,1JRH_LH_I,1
1JRH_LH_I|WH54A,1JRH_LH_I,1JRH_LH_I,1
1JRH_LH_I|WH55A,1JRH_LH_I,1JRH_LH_I,1
1JRH_LH_I|WI46F,1JRH_LH_I,1JRH_LH_I,1
1JRH_LH_I|WI46Y,1JRH_LH_I,1JRH_LH_I,1
1JRH_LH_I|WI72A,1JRH_LH_I,1JRH_LH_I,1
1JRH_LH_I|WI72F,1JRH_LH_I,1JRH_LH_I,1
1JRH_LH_I|WI72Y,1JRH_LH_I,1JRH_LH_I,1
1JRH_LH_I|WL92A,1JRH_LH_I,1JRH_LH_I,1
1JRH_LH_I|WL95A,1JRH_LH_I,1JRH_LH_I,1
1JRH_LH_I|YH104A,1JRH_LH_I,1JRH_LH_I,1
1JRH_LH_I|YH32A,1JRH_LH_I,1JRH_LH_I,1
1JRH_LH_I|YH60A,1JRH_LH_I,1JRH_LH_I,1
1JRH_LH_I|YI39A,1JRH_LH_I,1JRH_LH_I,1
1JRH_LH_I|YI39F,1JRH_LH_I,1JRH_LH_I,1
1JRH_LH_I|YL30A,1JRH_LH_I,1JRH_LH_I,1
1JRH_LH_I|YL91A,1JRH_LH_I,1JRH_LH_I,1
1KIP_AB_C|AB32Y,1KIP_AB_C,1MLC_AB_E,0
1KIQ_AB_C|FB101Y,1KIQ_AB_C,1MLC_AB_E,0
1KIR_AB_C|SA50Y,1KIR_AB_C,1MLC_AB_E,0
1MHP_HL_A|FH99W,1MHP_HL_A,2B2X_HL_A,1
1MHP_HL_A|FH99Y,1MHP_HL_A,2B2X_HL_A,1
1MHP_HL_A|GH100F,1MHP_HL_A,2B2X_HL_A,1
1MHP_HL_A|GH100L,1MHP_HL_A,2B2X_HL_A,1
1MHP_HL_A|GH100M,1MHP_HL_A,2B2X_HL_A,1
1MHP_HL_A|GH100S,1MHP_HL_A,2B2X_HL_A,1
1MHP_HL_A|GH53A,1MHP_HL_A,2B2X_HL_A,1
1MHP_HL_A|GH53N,1MHP_HL_A,2B2X_HL_A,1
1MHP_HL_A|GH53S,1MHP_HL_A,2B2X_HL_A,1
1MHP_HL_A|GH54I,1MHP_HL_A,2B2X_HL_A,1
1MHP_HL_A|GH54T,1MHP_HL_A,2B2X_HL_A,1
1MHP_HL_A|GH54Y,1MHP_HL_A,2B2X_HL_A,1
1MHP_HL_A|GL91Q,1MHP_HL_A,2B2X_HL_A,1
1MHP_HL_A|GL91S,1MHP_HL_A,2B2X_HL_A,1
1MHP_HL_A|HL30K,1MHP_HL_A,2B2X_HL_A,1
1MHP_HL_A|HL30R,1MHP_HL_A,2B2X_HL_A,1
1MHP_HL_A|HL30W,1MHP_HL_A,2B2X_HL_A,1
1MHP_HL_A|KH64D,1MHP_HL_A,2B2X_HL_A,1
1MHP_HL_A|KH64E,1MHP_HL_A,2B2X_HL_A,1
"1MHP_HL_A|KH64E,SL27Q",1MHP_HL_A,2B2X_HL_A,1
"1MHP_HL_A|KH64E,SL27Q,NL51Y",1MHP_HL_A,2B2X_HL_A,1
1MHP_HL_A|KH64N,1MHP_HL_A,2B2X_HL_A,1
1MHP_HL_A|KH64Q,1MHP_HL_A,2B2X_HL_A,1
1MHP_HL_A|LH60D,1MHP_HL_A,2B2X_HL_A,1
"1MHP_HL_A|LH60D,KH64E",1MHP_HL_A,2B2X_HL_A,1
"1MHP_HL_A|LH60D,KH64Q",1MHP_HL_A,2B2X_HL_A,1
1MHP_HL_A|LL48F,1MHP_HL_A,2B2X_HL_A,1
1MHP_HL_A|LL48K,1MHP_HL_A,2B2X_HL_A,1
1MHP_HL_A|LL48W,1MHP_HL_A,2B2X_HL_A,1
1MHP_HL_A|NL29V,1MHP_HL_A,2B2X_HL_A,1
1MHP_HL_A|NL29W,1MHP_HL_A,2B2X_HL_A,1
1MHP_HL_A|NL29Y,1MHP_HL_A,2B2X_HL_A,1
"1MHP_HL_A|NL29Y,SL90I",1MHP_HL_A,2B2X_HL_A,1
1MHP_HL_A|NL51D,1MHP_HL_A,2B2X_HL_A,1
1MHP_HL_A|NL51E,1MHP_HL_A,2B2X_HL_A,1
1MHP_HL_A|NL51K,1MHP_HL_A,2B2X_HL_A,1
1MHP_HL_A|NL51R,1MHP_HL_A,2B2X_HL_A,1
1MHP_HL_A|NL51Y,1MHP_HL_A,2B2X_HL_A,1
1MHP_HL_A|RH31Q,1MHP_HL_A,2B2X_HL_A,1
1MHP_HL_A|SH35A,1MHP_HL_A,2B2X_HL_A,1
"1MHP_HL_A|SH35A,GH102S",1MHP_HL_A,2B2X_HL_A,1
1MHP_HL_A|SH35Q,1MHP_HL_A,2B2X_HL_A,1
"1MHP_HL_A|SH35V,GH102S",1MHP_HL_A,2B2X_HL_A,1
1MHP_HL_A|SH52M,1MHP_HL_A,2B2X_HL_A,1
1MHP_HL_A|SL23R,1MHP_HL_A,2B2X_HL_A,1
1MHP_HL_A|SL27Q,1MHP_HL_A,2B2X_HL_A,1
1MHP_HL_A|SL90Q,1MHP_HL_A,2B2X_HL_A,1
1MHP_HL_A|SL90R,1MHP_HL_A,2B2X_HL_A,1
"1MHP_HL_A|SL90R,NL29E",1MHP_HL_A,2B2X_HL_A,1
1MHP_HL_A|SL90T,1MHP_HL_A,2B2X_HL_A,1
"1MHP_HL_A|TH33E,GH53Q",1MHP_HL_A,2B2X_HL_A,1
"1MHP_HL_A|TH33I,SH52T,GH53N,GH54N",1MHP_HL_A,2B2X_HL_A,1
"1MHP_HL_A|TH33I,SH52T,GH53Q,GH54F",1MHP_HL_A,2B2X_HL_A,1
1MHP_HL_A|TH33N,1MHP_HL_A,2B2X_HL_A,1
1MHP_HL_A|TH33V,1MHP_HL_A,2B2X_HL_A,1
1MHP_HL_A|TH50V,1MHP_HL_A,2B2X_HL_A,1
"1MHP_HL_A|TH50V,GH102S",1MHP_HL_A,2B2X_HL_A,1
"1MHP_HL_A|TH50V,KH64E",1MHP_HL_A,2B2X_HL_A,1
"1MHP_HL_A|TH50V,KH64E,SL27Q,NL51E",1MHP_HL_A,2B2X_HL_A,1
"1MHP_HL_A|TH50V,KH64E,SL27Q,NL51Y",1MHP_HL_A,2B2X_HL_A,1
"1MHP_HL_A|TH50V,SH35A",1MHP_HL_A,2B2X_HL_A,1
"1MHP_HL_A|TH50V,SH35V",1MHP_HL_A,2B2X_HL_A,1
"1MHP_HL_A|TH50V,SL27Q",1MHP_HL_A,2B2X_HL_A,1
"1MHP_HL_A|TH50V,SL27Q,NL51Y",1MHP_HL_A,2B2X_HL_A,1
1MHP_HL_A|WL89Q,1MHP_HL_A,2B2X_HL_A,1
"1MHP_HL_A|WL89Q,FL32Y",1MHP_HL_A,2B2X_HL_A,1
1MHP_HL_A|YH58E,1MHP_HL_A,2B2X_HL_A,1
1MHP_HL_A|YH58Q,1MHP_HL_A,2B2X_HL_A,1
1MHP_HL_A|YH58W,1MHP_HL_A,2B2X_HL_A,1
1MHP_HL_A|YH59E,1MHP_HL_A,2B2X_HL_A,1
1MLC_AB_E|KB65D,1MLC_AB_E,1MLC_AB_E,0
1MLC_AB_E|NA32G,1MLC_AB_E,1MLC_AB_E,0
"1MLC_AB_E|NA32G,NA92A",1MLC_AB_E,1MLC_AB_E,0
"1MLC_AB_E|NA32G,NA92A,SB57V,TB58D",1MLC_AB_E,1MLC_AB_E,0
1MLC_AB_E|NA32Y,1MLC_AB_E,1MLC_AB_E,0
1MLC_AB_E|NA92A,1MLC_AB_E,1MLC_AB_E,0
"1MLC_AB_E|NA92A,SB57V,TB58D",1MLC_AB_E,1MLC_AB_E,0
"1MLC_AB_E|NA92A,TB28D,SB57V,TB58D",1MLC_AB_E,1MLC_AB_E,0
"1MLC_AB_E|NA92A,TB28D,SB57V,TB58D,EB35S",1MLC_AB_E,1MLC_AB_E,0
"1MLC_AB_E|NA92A,TB28D,SB57V,TB58D,EB35S,GB99D",1MLC_AB_E,1MLC_AB_E,0
"1MLC_AB_E|NA92A,TB28D,SB57V,TB58D,GB99D",1MLC_AB_E,1MLC_AB_E,0
"1MLC_AB_E|NA92A,TB28D,SB57V,TB58D,NA32L",1MLC_AB_E,1MLC_AB_E,0
"1MLC_AB_E|NA92A,TB28D,SB57V,TB58D,RB98M,DB100Q",1MLC_AB_E,1MLC_AB_E,0
"1MLC_AB_E|NA92A,TB28D,SB57V,TB58D,SA91N",1MLC_AB_E,1MLC_AB_E,0
"1MLC_AB_E|NA92A,TB28D,SB57V,TB58D,SA91N,SA93A",1MLC_AB_E,1MLC_AB_E,0
"1MLC_AB_E|NA92A,TB28D,SB57V,TB58D,SB30G",1MLC_AB_E,1MLC_AB_E,0
"1MLC_AB_E|NA92A,TB28D,SB57V,TB58D,YB32R,RB98S",1MLC_AB_E,1MLC_AB_E,0
"1MLC_AB_E|NA92A,TB28D,SB57V,TB58D,YB32W,RB98V,DB100Q",1MLC_AB_E,1MLC_AB_E,0
"1MLC_AB_E|NA92A,TB28D,SB57V,TB58D,YB59E",1MLC_AB_E,1MLC_AB_E,0
1MLC_AB_E|SB57A,1MLC_AB_E,1MLC_AB_E,0
1MLC_AB_E|SB57V,1MLC_AB_E,1MLC_AB_E,0
"1MLC_AB_E|SB57V,TB58D",1MLC_AB_E,1MLC_AB_E,0
1MLC_AB_E|TB28D,1MLC_AB_E,1MLC_AB_E,0
1MLC_AB_E|TB31A,1MLC_AB_E,1MLC_AB_E,0
1MLC_AB_E|TB31V,1MLC_AB_E,1MLC_AB_E,0
1MLC_AB_E|TB31W,1MLC_AB_E,1MLC_AB_E,0
1MLC_AB_E|TB58D,1MLC_AB_E,1MLC_AB_E,0
1N8Z_AB_C|DB102W,1N8Z_AB_C,3N85_A_LH,3
1N8Z_AB_C|FC539A,1N8Z_AB_C,3N85_A_LH,3
1N8Z_AB_C|HA91F,1N8Z_AB_C,3N85_A_LH,3
1N8Z_AB_C|LC509A,1N8Z_AB_C,3N85_A_LH,3
1N8Z_AB_C|NA30S,1N8Z_AB_C,3N85_A_LH,3
"1N8Z_AB_C|NA30S,HA91F,YA92W",1N8Z_AB_C,3N85_A_LH,3
"1N8Z_AB_C|NA30S,HA91F,YA92W,TA94S,DB102W,YB105F,YB109V",1N8Z_AB_C,3N85_A_LH,3
1N8Z_AB_C|RB50A,1N8Z_AB_C,3N85_A_LH,3
1N8Z_AB_C|RB59A,1N8Z_AB_C,3N85_A_LH,3
1N8Z_AB_C|SC535A,1N8Z_AB_C,3N85_A_LH,3
1N8Z_AB_C|TA94S,1N8Z_AB_C,3N85_A_LH,3
1N8Z_AB_C|VC536A,1N8Z_AB_C,3N85_A_LH,3
1N8Z_AB_C|YB105F,1N8Z_AB_C,3N85_A_LH,3
1N8Z_AB_C|YB109V,1N8Z_AB_C,3N85_A_LH,3
1NCA_N_LH|DH101K,1NCA_N_LH,1NMB_N_LH,1
1NCA_N_LH|EH100D,1NCA_N_LH,1NMB_N_LH,1
1NCA_N_LH|NH102Q,1NCA_N_LH,1NMB_N_LH,1
1NCA_N_LH|NH31Q,1NCA_N_LH,1NMB_N_LH,1
1NMB_N_LH|DH57E,1NMB_N_LH,1NMB_N_LH,1
1NMB_N_LH|DH57N,1NMB_N_LH,1NMB_N_LH,1
1NMB_N_LH|LL94V,1NMB_N_LH,1NMB_N_LH,1
1NMB_N_LH|TL93F,1NMB_N_LH,1NMB_N_LH,1
1NMB_N_LH|TL93W,1NMB_N_LH,1NMB_N_LH,1
1NMB_N_LH|YH103A,1NMB_N_LH,1NMB_N_LH,1
1NMB_N_LH|YH105F,1NMB_N_LH,1NMB_N_LH,1
1NMB_N_LH|YL32F,1NMB_N_LH,1NMB_N_LH,1
1VFB_AB_C|DB100A,1VFB_AB_C,1MLC_AB_E,0
"1VFB_AB_C|DB100A,SC24A",1VFB_AB_C,1MLC_AB_E,0
1VFB_AB_C|DB54A,1VFB_AB_C,1MLC_AB_E,0
"1VFB_AB_C|DB54A,TC118A",1VFB_AB_C,1MLC_AB_E,0
1VFB_AB_C|DB58A,1VFB_AB_C,1MLC_AB_E,0
1VFB_AB_C|DB58E,1VFB_AB_C,1MLC_AB_E,0
1VFB_AB_C|DB58N,1VFB_AB_C,1MLC_AB_E,0
1VFB_AB_C|DC119A,1VFB_AB_C,1MLC_AB_E,0
1VFB_AB_C|DC18A,1VFB_AB_C,1MLC_AB_E,0
1VFB_AB_C|EB98A,1VFB_AB_C,1MLC_AB_E,0
1VFB_AB_C|GB31A,1VFB_AB_C,1MLC_AB_E,0
1VFB_AB_C|GB31E,1VFB_AB_C,1MLC_AB_E,0
1VFB_AB_C|GB31W,1VFB_AB_C,1MLC_AB_E,0
1VFB_AB_C|HA30A,1VFB_AB_C,1MLC_AB_E,0
1VFB_AB_C|IC124A,1VFB_AB_C,1MLC_AB_E,0
1VFB_AB_C|KC116A,1VFB_AB_C,1MLC_AB_E,0
1VFB_AB_C|LA46D,1VFB_AB_C,1MLC_AB_E,0
1VFB_AB_C|LA46E,1VFB_AB_C,1MLC_AB_E,0
1VFB_AB_C|LC129A,1VFB_AB_C,1MLC_AB_E,0
1VFB_AB_C|NA31W,1VFB_AB_C,1MLC_AB_E,0
1VFB_AB_C|NB56A,1VFB_AB_C,1MLC_AB_E,0
1VFB_AB_C|NC19A,1VFB_AB_C,1MLC_AB_E,0
1VFB_AB_C|QC121A,1VFB_AB_C,1MLC_AB_E,0
1VFB_AB_C|RB99A,1VFB_AB_C,1MLC_AB_E,0
1VFB_AB_C|RB99W,1VFB_AB_C,1MLC_AB_E,0
1VFB_AB_C|RB99Y,1VFB_AB_C,1MLC_AB_E,0
1VFB_AB_C|RC125A,1VFB_AB_C,1MLC_AB_E,0
1VFB_AB_C|SA93A,1VFB_AB_C,1MLC_AB_E,0
1VFB_AB_C|SB28D,1VFB_AB_C,1MLC_AB_E,0
1VFB_AB_C|SB28E,1VFB_AB_C,1MLC_AB_E,0
1VFB_AB_C|SB28N,1VFB_AB_C,1MLC_AB_E,0
1VFB_AB_C|SB28Q,1VFB_AB_C,1MLC_AB_E,0
1VFB_AB_C|SC24A,1VFB_AB_C,1MLC_AB_E,0
1VFB_AB_C|TA52F,1VFB_AB_C,1MLC_AB_E,0
1VFB_AB_C|TA53R,1VFB_AB_C,1MLC_AB_E,0
1VFB_AB_C|TB30A,1VFB_AB_C,1MLC_AB_E,0
1VFB_AB_C|TC118A,1VFB_AB_C,1MLC_AB_E,0
1VFB_AB_C|VC120A,1VFB_AB_C,1MLC_AB_E,0
1VFB_AB_C|WA92A,1VFB_AB_C,1MLC_AB_E,0
"1VFB_AB_C|WA92A,IC124A",1VFB_AB_C,1MLC_AB_E,0
"1VFB_AB_C|WA92A,LC129A",1VFB_AB_C,1MLC_AB_E,0
"1VFB_AB_C|WA92A,QC121A",1VFB_AB_C,1MLC_AB_E,0
"1VFB_AB_C|WA92A,RC125A",1VFB_AB_C,1MLC_AB_E,0
1VFB_AB_C|WB52A,1VFB_AB_C,1MLC_AB_E,0
"1VFB_AB_C|WB52A,DC119A",1VFB_AB_C,1MLC_AB_E,0
1VFB_AB_C|YA32A,1VFB_AB_C,1MLC_AB_E,0
"1VFB_AB_C|YA32A,IC124A",1VFB_AB_C,1MLC_AB_E,0
"1VFB_AB_C|YA32A,QC121A",1VFB_AB_C,1MLC_AB_E,0
1VFB_AB_C|YA32W,1VFB_AB_C,1MLC_AB_E,0
1VFB_AB_C|YA49A,1VFB_AB_C,1MLC_AB_E,0
1VFB_AB_C|YA50A,1VFB_AB_C,1MLC_AB_E,0
"1VFB_AB_C|YA50A,DC119A",1VFB_AB_C,1MLC_AB_E,0
"1VFB_AB_C|YA50A,DC18A",1VFB_AB_C,1MLC_AB_E,0
1VFB_AB_C|YA50K,1VFB_AB_C,1MLC_AB_E,0
1VFB_AB_C|YA50R,1VFB_AB_C,1MLC_AB_E,0
1VFB_AB_C|YB101F,1VFB_AB_C,1MLC_AB_E,0
"1VFB_AB_C|YB101F,DC119A",1VFB_AB_C,1MLC_AB_E,0
"1VFB_AB_C|YB101F,VC120A",1VFB_AB_C,1MLC_AB_E,0
1VFB_AB_C|YB32A,1VFB_AB_C,1MLC_AB_E,0
"1VFB_AB_C|YB32A,KC116A",1VFB_AB_C,1MLC_AB_E,0
1VFB_AB_C|YB32E,1VFB_AB_C,1MLC_AB_E,0
1VFB_AB_C|YC23A,1VFB_AB_C,1MLC_AB_E,0
1XGP_AB_C|AB33F,1XGP_AB_C,1MLC_AB_E,0
1XGP_AB_C|AB33I,1XGP_AB_C,1MLC_AB_E,0
1XGP_AB_C|AB33L,1XGP_AB_C,1MLC_AB_E,0
1XGP_AB_C|AB33V,1XGP_AB_C,1MLC_AB_E,0
1XGQ_AB_C|VB33A,1XGQ_AB_C,1MLC_AB_E,0
1XGQ_AB_C|VB33F,1XGQ_AB_C,1MLC_AB_E,0
1XGQ_AB_C|VB33I,1XGQ_AB_C,1MLC_AB_E,0
1XGQ_AB_C|VB33L,1XGQ_AB_C,1MLC_AB_E,0
1XGR_AB_C|IB33A,1XGR_AB_C,1MLC_AB_E,0
1XGR_AB_C|IB33F,1XGR_AB_C,1MLC_AB_E,0
1XGR_AB_C|IB33L,1XGR_AB_C,1MLC_AB_E,0
1XGR_AB_C|IB33V,1XGR_AB_C,1MLC_AB_E,0
1XGT_AB_C|LB33A,1XGT_AB_C,1MLC_AB_E,0
1XGT_AB_C|LB33F,1XGT_AB_C,1MLC_AB_E,0
1XGT_AB_C|LB33I,1XGT_AB_C,1MLC_AB_E,0
1XGT_AB_C|LB33V,1XGT_AB_C,1MLC_AB_E,0
1XGU_AB_C|FB33A,1XGU_AB_C,1MLC_AB_E,0
1XGU_AB_C|FB33I,1XGU_AB_C,1MLC_AB_E,0
1XGU_AB_C|FB33L,1XGU_AB_C,1MLC_AB_E,0
1XGU_AB_C|FB33V,1XGU_AB_C,1MLC_AB_E,0
1YQV_HL_Y|RY45K,1YQV_HL_Y,1MLC_AB_E,0
"1YQV_HL_Y|RY68K,TY40S,IY55V,SY91T",1YQV_HL_Y,1MLC_AB_E,0
"1YQV_HL_Y|RY68K,TY40S,IY55V,SY91T,QY121H",1YQV_HL_Y,1MLC_AB_E,0
1YY9_CD_A|AC25P,1YY9_CD_A,3N85_A_LH,3
1YY9_CD_A|AD98P,1YY9_CD_A,3N85_A_LH,3
1YY9_CD_A|GD54P,1YY9_CD_A,3N85_A_LH,3
1YY9_CD_A|LD29P,1YY9_CD_A,3N85_A_LH,3
1YY9_CD_A|NC93A,1YY9_CD_A,3N85_A_LH,3
1YY9_CD_A|ND56A,1YY9_CD_A,3N85_A_LH,3
1YY9_CD_A|SC26D,1YY9_CD_A,3N85_A_LH,3
"1YY9_CD_A|SC26D,TC31E,NC93A",1YY9_CD_A,3N85_A_LH,3
"1YY9_CD_A|SC26D,TC31E,NC93A,ND56A,TD61E",1YY9_CD_A,3N85_A_LH,3
1YY9_CD_A|SC26P,1YY9_CD_A,3N85_A_LH,3
1YY9_CD_A|SC28P,1YY9_CD_A,3N85_A_LH,3
1YY9_CD_A|SC54P,1YY9_CD_A,3N85_A_LH,3
1YY9_CD_A|SD53P,1YY9_CD_A,3N85_A_LH,3
1YY9_CD_A|TC31E,1YY9_CD_A,3N85_A_LH,3
"1YY9_CD_A|TC31E,NC93A",1YY9_CD_A,3N85_A_LH,3
1YY9_CD_A|TC96P,1YY9_CD_A,3N85_A_LH,3
1YY9_CD_A|TD61E,1YY9_CD_A,3N85_A_LH,3
1YY9_CD_A|WD52P,1YY9_CD_A,3N85_A_LH,3
1YY9_CD_A|YD101P,1YY9_CD_A,3N85_A_LH,3
2B2X_HL_A|EH64K,2B2X_HL_A,2B2X_HL_A,1
"2B2X_HL_A|EH64K,QL28S,YL52N",2B2X_HL_A,2B2X_HL_A,1
"2B2X_HL_A|EH64K,QL28S,YL52N,GH102S",2B2X_HL_A,2B2X_HL_A,1
"2B2X_HL_A|EH64K,QL28S,YL52N,SH35A",2B2X_HL_A,2B2X_HL_A,1
"2B2X_HL_A|EH64K,QL28S,YL52N,SH35V",2B2X_HL_A,2B2X_HL_A,1
"2B2X_HL_A|EH64K,YL52N",2B2X_HL_A,2B2X_HL_A,1
"2B2X_HL_A|QL28S,YL52N",2B2X_HL_A,2B2X_HL_A,1
2B2X_HL_A|VH50T,2B2X_HL_A,2B2X_HL_A,1
"2B2X_HL_A|VH50T,EH64D,QL28S,YL52N",2B2X_HL_A,2B2X_HL_A,1
"2B2X_HL_A|VH50T,EH64K,QL28S",2B2X_HL_A,2B2X_HL_A,1
"2B2X_HL_A|VH50T,EH64K,QL28S,YL52D",2B2X_HL_A,2B2X_HL_A,1
"2B2X_HL_A|VH50T,EH64K,QL28S,YL52E",2B2X_HL_A,2B2X_HL_A,1
"2B2X_HL_A|VH50T,EH64K,QL28S,YL52K",2B2X_HL_A,2B2X_HL_A,1
"2B2X_HL_A|VH50T,EH64K,QL28S,YL52N",2B2X_HL_A,2B2X_HL_A,1
"2B2X_HL_A|VH50T,EH64K,QL28S,YL52N,FH99W",2B2X_HL_A,2B2X_HL_A,1
"2B2X_HL_A|VH50T,EH64K,QL28S,YL52N,FH99Y",2B2X_HL_A,2B2X_HL_A,1
"2B2X_HL_A|VH50T,EH64K,QL28S,YL52N,GH100F",2B2X_HL_A,2B2X_HL_A,1
"2B2X_HL_A|VH50T,EH64K,QL28S,YL52N,GH100L",2B2X_HL_A,2B2X_HL_A,1
"2B2X_HL_A|VH50T,EH64K,QL28S,YL52N,GH100M",2B2X_HL_A,2B2X_HL_A,1
"2B2X_HL_A|VH50T,EH64K,QL28S,YL52N,GH100S",2B2X_HL_A,2B2X_HL_A,1
"2B2X_HL_A|VH50T,EH64K,QL28S,YL52N,GH53A",2B2X_HL_A,2B2X_HL_A,1
"2B2X_HL_A|VH50T,EH64K,QL28S,YL52N,GH53N",2B2X_HL_A,2B2X_HL_A,1
"2B2X_HL_A|VH50T,EH64K,QL28S,YL52N,GH53S",2B2X_HL_A,2B2X_HL_A,1
"2B2X_HL_A|VH50T,EH64K,QL28S,YL52N,GH54I",2B2X_HL_A,2B2X_HL_A,1
"2B2X_HL_A|VH50T,EH64K,QL28S,YL52N,GH54T",2B2X_HL_A,2B2X_HL_A,1
"2B2X_HL_A|VH50T,EH64K,QL28S,YL52N,GH54Y",2B2X_HL_A,2B2X_HL_A,1
"2B2X_HL_A|VH50T,EH64K,QL28S,YL52N,GL92Q",2B2X_HL_A,2B2X_HL_A,1
"2B2X_HL_A|VH50T,EH64K,QL28S,YL52N,GL92S",2B2X_HL_A,2B2X_HL_A,1
"2B2X_HL_A|VH50T,EH64K,QL28S,YL52N,HL31K",2B2X_HL_A,2B2X_HL_A,1
"2B2X_HL_A|VH50T,EH64K,QL28S,YL52N,HL31R",2B2X_HL_A,2B2X_HL_A,1
"2B2X_HL_A|VH50T,EH64K,QL28S,YL52N,HL31W",2B2X_HL_A,2B2X_HL_A,1
"2B2X_HL_A|VH50T,EH64K,QL28S,YL52N,LH60D",2B2X_HL_A,2B2X_HL_A,1
"2B2X_HL_A|VH50T,EH64K,QL28S,YL52N,LL49F",2B2X_HL_A,2B2X_HL_A,1
"2B2X_HL_A|VH50T,EH64K,QL28S,YL52N,LL49K",2B2X_HL_A,2B2X_HL_A,1
"2B2X_HL_A|VH50T,EH64K,QL28S,YL52N,LL49W",2B2X_HL_A,2B2X_HL_A,1
"2B2X_HL_A|VH50T,EH64K,QL28S,YL52N,NL30V",2B2X_HL_A,2B2X_HL_A,1
"2B2X_HL_A|VH50T,EH64K,QL28S,YL52N,NL30W",2B2X_HL_A,2B2X_HL_A,1
"2B2X_HL_A|VH50T,EH64K,QL28S,YL52N,NL30Y",2B2X_HL_A,2B2X_HL_A,1
"2B2X_HL_A|VH50T,EH64K,QL28S,YL52N,NL30Y,SL91I",2B2X_HL_A,2B2X_HL_A,1
"2B2X_HL_A|VH50T,EH64K,QL28S,YL52N,RH31Q",2B2X_HL_A,2B2X_HL_A,1
"2B2X_HL_A|VH50T,EH64K,QL28S,YL52N,SH35A",2B2X_HL_A,2B2X_HL_A,1
"2B2X_HL_A|VH50T,EH64K,QL28S,YL52N,SH35A,GH102S",2B2X_HL_A,2B2X_HL_A,1
"2B2X_HL_A|VH50T,EH64K,QL28S,YL52N,SH35Q",2B2X_HL_A,2B2X_HL_A,1
"2B2X_HL_A|VH50T,EH64K,QL28S,YL52N,SH35V,GH102S",2B2X_HL_A,2B2X_HL_A,1
"2B2X_HL_A|VH50T,EH64K,QL28S,YL52N,SH52M",2B2X_HL_A,2B2X_HL_A,1
"2B2X_HL_A|VH50T,EH64K,QL28S,YL52N,SL24R",2B2X_HL_A,2B2X_HL_A,1
"2B2X_HL_A|VH50T,EH64K,QL28S,YL52N,SL91Q",2B2X_HL_A,2B2X_HL_A,1
"2B2X_HL_A|VH50T,EH64K,QL28S,YL52N,SL91R",2B2X_HL_A,2B2X_HL_A,1
"2B2X_HL_A|VH50T,EH64K,QL28S,YL52N,SL91R,NL30E",2B2X_HL_A,2B2X_HL_A,1
"2B2X_HL_A|VH50T,EH64K,QL28S,YL52N,SL91T",2B2X_HL_A,2B2X_HL_A,1
"2B2X_HL_A|VH50T,EH64K,QL28S,YL52N,TH33E,GH53Q",2B2X_HL_A,2B2X_HL_A,1
"2B2X_HL_A|VH50T,EH64K,QL28S,YL52N,TH33I,SH52T,GH53N,GH54N",2B2X_HL_A,2B2X_HL_A,1
"2B2X_HL_A|VH50T,EH64K,QL28S,YL52N,TH33I,SH52T,GH53Q,GH54F",2B2X_HL_A,2B2X_HL_A,1
"2B2X_HL_A|VH50T,EH64K,QL28S,YL52N,TH33N",2B2X_HL_A,2B2X_HL_A,1
"2B2X_HL_A|VH50T,EH64K,QL28S,YL52N,TH33V",2B2X_HL_A,2B2X_HL_A,1
"2B2X_HL_A|VH50T,EH64K,QL28S,YL52N,WL90Q",2B2X_HL_A,2B2X_HL_A,1
"2B2X_HL_A|VH50T,EH64K,QL28S,YL52N,WL90Q,FL33Y",2B2X_HL_A,2B2X_HL_A,1
"2B2X_HL_A|VH50T,EH64K,QL28S,YL52N,YH58E",2B2X_HL_A,2B2X_HL_A,1
"2B2X_HL_A|VH50T,EH64K,QL28S,YL52N,YH58Q",2B2X_HL_A,2B2X_HL_A,1
"2B2X_HL_A|VH50T,EH64K,QL28S,YL52N,YH58W",2B2X_HL_A,2B2X_HL_A,1
"2B2X_HL_A|VH50T,EH64K,QL28S,YL52N,YH59E",2B2X_HL_A,2B2X_HL_A,1
"2B2X_HL_A|VH50T,EH64K,QL28S,YL52R",2B2X_HL_A,2B2X_HL_A,1
"2B2X_HL_A|VH50T,EH64K,YL52N",2B2X_HL_A,2B2X_HL_A,1
"2B2X_HL_A|VH50T,EH64N,QL28S,YL52N",2B2X_HL_A,2B2X_HL_A,1
"2B2X_HL_A|VH50T,EH64Q,QL28S,YL52N",2B2X_HL_A,2B2X_HL_A,1
"2B2X_HL_A|VH50T,EH64Q,QL28S,YL52N,LH60D",2B2X_HL_A,2B2X_HL_A,1
"2B2X_HL_A|VH50T,QL28S,YL52N",2B2X_HL_A,2B2X_HL_A,1
"2B2X_HL_A|VH50T,QL28S,YL52N,LH60D",2B2X_HL_A,2B2X_HL_A,1
"2B2X_HL_A|VH50T,YL52N",2B2X_HL_A,2B2X_HL_A,1
2B2X_HL_A|YL52E,2B2X_HL_A,2B2X_HL_A,1
2BDN_HL_A|DH31E,2BDN_HL_A,2BDN_HL_A,2
2BDN_HL_A|LH27K,2BDN_HL_A,2BDN_HL_A,2
2BDN_HL_A|LH27R,2BDN_HL_A,2BDN_HL_A,2
2BDN_HL_A|NH28D,2BDN_HL_A,2BDN_HL_A,2
2BDN_HL_A|NH28Q,2BDN_HL_A,2BDN_HL_A,2
2BDN_HL_A|NL31K,2BDN_HL_A,2BDN_HL_A,2
2BDN_HL_A|NL31R,2BDN_HL_A,2BDN_HL_A,2
2BDN_HL_A|SL53D,2BDN_HL_A,2BDN_HL_A,2
2BDN_HL_A|SL53E,2BDN_HL_A,2BDN_HL_A,2
2BDN_HL_A|TL56D,2BDN_HL_A,2BDN_HL_A,2
2BDN_HL_A|TL56E,2BDN_HL_A,2BDN_HL_A,2
2BDN_HL_A|YL30K,2BDN_HL_A,2BDN_HL_A,2
2JEL_LH_P|AP82S,2JEL_LH_P,2JEL_LH_P,2
2JEL_LH_P|DP69E,2JEL_LH_P,2JEL_LH_P,2
2JEL_LH_P|EP5D,2JEL_LH_P,2JEL_LH_P,2
2JEL_LH_P|EP5Q,2JEL_LH_P,2JEL_LH_P,2
2JEL_LH_P|EP66K,2JEL_LH_P,2JEL_LH_P,2
2JEL_LH_P|EP68A,2JEL_LH_P,2JEL_LH_P,2
2JEL_LH_P|EP70A,2JEL_LH_P,2JEL_LH_P,2
2JEL_LH_P|EP70K,2JEL_LH_P,2JEL_LH_P,2
2JEL_LH_P|EP75R,2JEL_LH_P,2JEL_LH_P,2
2JEL_LH_P|EP83A,2JEL_LH_P,2JEL_LH_P,2
2JEL_LH_P|EP85A,2JEL_LH_P,2JEL_LH_P,2
2JEL_LH_P|EP85D,2JEL_LH_P,2JEL_LH_P,2
2JEL_LH_P|EP85K,2JEL_LH_P,2JEL_LH_P,2
2JEL_LH_P|EP85Q,2JEL_LH_P,2JEL_LH_P,2
2JEL_LH_P|FP2W,2JEL_LH_P,2JEL_LH_P,2
2JEL_LH_P|FP2Y,2JEL_LH_P,2JEL_LH_P,2
2JEL_LH_P|HP76A,2JEL_LH_P,2JEL_LH_P,2
2JEL_LH_P|HP76D,2JEL_LH_P,2JEL_LH_P,2
2JEL_LH_P|KP24E,2JEL_LH_P,2JEL_LH_P,2
2JEL_LH_P|KP27E,2JEL_LH_P,2JEL_LH_P,2
2JEL_LH_P|KP72E,2JEL_LH_P,2JEL_LH_P,2
2JEL_LH_P|KP72R,2JEL_LH_P,2JEL_LH_P,2
2JEL_LH_P|KP79E,2JEL_LH_P,2JEL_LH_P,2
2JEL_LH_P|NP12D,2JEL_LH_P,2JEL_LH_P,2
2JEL_LH_P|NP38T,2JEL_LH_P,2JEL_LH_P,2
2JEL_LH_P|PP11E,2JEL_LH_P,2JEL_LH_P,2
2JEL_LH_P|QP3K,2JEL_LH_P,2JEL_LH_P,2
2JEL_LH_P|QP4K,2JEL_LH_P,2JEL_LH_P,2
2JEL_LH_P|QP57E,2JEL_LH_P,2JEL_LH_P,2
2JEL_LH_P|QP71E,2JEL_LH_P,2JEL_LH_P,2
2JEL_LH_P|RP17G,2JEL_LH_P,2JEL_LH_P,2
2JEL_LH_P|RP17K,2JEL_LH_P,2JEL_LH_P,2
2JEL_LH_P|SP41C,2JEL_LH_P,2JEL_LH_P,2
2JEL_LH_P|SP43C,2JEL_LH_P,2JEL_LH_P,2
2JEL_LH_P|SP46C,2JEL_LH_P,2JEL_LH_P,2
2JEL_LH_P|SP64T,2JEL_LH_P,2JEL_LH_P,2
2JEL_LH_P|TP34N,2JEL_LH_P,2JEL_LH_P,2
2JEL_LH_P|TP34Q,2JEL_LH_P,2JEL_LH_P,2
2JEL_LH_P|TP36Q,2JEL_LH_P,2JEL_LH_P,2
2JEL_LH_P|TP62A,2JEL_LH_P,2JEL_LH_P,2
2JEL_LH_P|TP62N,2JEL_LH_P,2JEL_LH_P,2
2JEL_LH_P|TP7N,2JEL_LH_P,2JEL_LH_P,2
2JEL_LH_P|TP7S,2JEL_LH_P,2JEL_LH_P,2
2JEL_LH_P|VP6F,2JEL_LH_P,2JEL_LH_P,2
"2NY7_HL_G|CG27I,CG226Q",2NY7_HL_G,4JPK_HL_A,2
"2NY7_HL_G|CG27I,CG226Q,MG231A",2NY7_HL_G,4JPK_HL_A,2
"2NY7_HL_G|GG229C,MG231A",2NY7_HL_G,4JPK_HL_A,2
"2NY7_HL_G|GG229C,WG13M,MG231A,CG14W,CG110V,CG27I,CG226Q",2NY7_HL_G,4JPK_HL_A,2
"2NY7_HL_G|KG66C,EG102C,CG27I,CG226Q",2NY7_HL_G,4JPK_HL_A,2
"2NY7_HL_G|KG66C,EG102C,WG13M,MG231A,CG14W,CG110V,CG27I,CG226Q",2NY7_HL_G,4JPK_HL_A,2
"2NY7_HL_G|KG66C,EG103C,WG13M,MG231A,CG14W,CG110V,CG27I,CG226Q",2NY7_HL_G,4JPK_HL_A,2
"2NY7_HL_G|WG13M,MG231A,CG14W,CG110V",2NY7_HL_G,4JPK_HL_A,2
"2NY7_HL_G|WG13M,MG231A,CG14W,CG110V,CG27I,CG226Q",2NY7_HL_G,4JPK_HL_A,2
"2NY7_HL_G|WG13M,MG231A,CG14W,CG110V,KG66C,EG102C",2NY7_HL_G,4JPK_HL_A,2
"2NY7_HL_G|WG13M,SG92T,WG181S,MG231A,CG14W,CG110V,CG27I,CG226Q",2NY7_HL_G,4JPK_HL_A,2
2NYY_DC_A|DA1030A,2NYY_DC_A,2NZ9_DC_A,3
2NYY_DC_A|DA1034A,2NYY_DC_A,2NZ9_DC_A,3
2NYY_DC_A|DC30Y,2NYY_DC_A,2NZ9_DC_A,3
2NYY_DC_A|EA892A,2NYY_DC_A,2NZ9_DC_A,3
2NYY_DC_A|ED5Q,2NYY_DC_A,2NZ9_DC_A,3
2NYY_DC_A|FA889A,2NYY_DC_A,2NZ9_DC_A,3
2NYY_DC_A|FA925A,2NYY_DC_A,2NZ9_DC_A,3
2NYY_DC_A|HA1036A,2NYY_DC_A,2NZ9_DC_A,3
2NYY_DC_A|HC34R,2NYY_DC_A,2NZ9_DC_A,3
2NYY_DC_A|IA928A,2NYY_DC_A,2NZ9_DC_A,3
2NYY_DC_A|KA1028A,2NYY_DC_A,2NZ9_DC_A,3
2NYY_DC_A|KA875A,2NYY_DC_A,2NZ9_DC_A,3
2NYY_DC_A|KA895A,2NYY_DC_A,2NZ9_DC_A,3
2NYY_DC_A|KD29R,2NYY_DC_A,2NZ9_DC_A,3
"2NYY_DC_A|KD29S,YD30D,DD31H,SD60P",2NYY_DC_A,2NZ9_DC_A,3
2NYY_DC_A|LA891A,2NYY_DC_A,2NZ9_DC_A,3
2NYY_DC_A|MD33Q,2NYY_DC_A,2NZ9_DC_A,3
2NYY_DC_A|NA890A,2NYY_DC_A,2NZ9_DC_A,3
2NYY_DC_A|NA926A,2NYY_DC_A,2NZ9_DC_A,3
2NYY_DC_A|QA887A,2NYY_DC_A,2NZ9_DC_A,3
2NYY_DC_A|RA1033A,2NYY_DC_A,2NZ9_DC_A,3
2NYY_DC_A|RA1266A,2NYY_DC_A,2NZ9_DC_A,3
2NYY_DC_A|SA874A,2NYY_DC_A,2NZ9_DC_A,3
2NYY_DC_A|SA927A,2NYY_DC_A,2NZ9_DC_A,3
2NYY_DC_A|SC28Q,2NYY_DC_A,2NZ9_DC_A,3
2NYY_DC_A|SC31N,2NYY_DC_A,2NZ9_DC_A,3
2NYY_DC_A|TA1035A,2NYY_DC_A,2NZ9_DC_A,3
2NYY_DC_A|VD36I,2NYY_DC_A,2NZ9_DC_A,3
"2NYY_DC_A|VD36I,ED5Q",2NYY_DC_A,2NZ9_DC_A,3
2NYY_DC_A|YD30D,2NYY_DC_A,2NZ9_DC_A,3
2NYY_DC_A|YD30Q,2NYY_DC_A,2NZ9_DC_A,3
2NYY_DC_A|YD56Q,2NYY_DC_A,2NZ9_DC_A,3
2NZ9_DC_A|DA1030A,2NZ9_DC_A,2NZ9_DC_A,3
2NZ9_DC_A|DA1034A,2NZ9_DC_A,2NZ9_DC_A,3
2NZ9_DC_A|EA892A,2NZ9_DC_A,2NZ9_DC_A,3
2NZ9_DC_A|FA889A,2NZ9_DC_A,2NZ9_DC_A,3
2NZ9_DC_A|FA925A,2NZ9_DC_A,2NZ9_DC_A,3
2NZ9_DC_A|HA1036A,2NZ9_DC_A,2NZ9_DC_A,3
2NZ9_DC_A|IA928A,2NZ9_DC_A,2NZ9_DC_A,3
2NZ9_DC_A|KA1028A,2NZ9_DC_A,2NZ9_DC_A,3
2NZ9_DC_A|KA875A,2NZ9_DC_A,2NZ9_DC_A,3
2NZ9_DC_A|KA895A,2NZ9_DC_A,2NZ9_DC_A,3
2NZ9_DC_A|LA891A,2NZ9_DC_A,2NZ9_DC_A,3
2NZ9_DC_A|NA890A,2NZ9_DC_A,2NZ9_DC_A,3
2NZ9_DC_A|NA926A,2NZ9_DC_A,2NZ9_DC_A,3
2NZ9_DC_A|QA887A,2NZ9_DC_A,2NZ9_DC_A,3
2NZ9_DC_A|RA1033A,2NZ9_DC_A,2NZ9_DC_A,3
2NZ9_DC_A|RA1266A,2NZ9_DC_A,2NZ9_DC_A,3
2NZ9_DC_A|SA874A,2NZ9_DC_A,2NZ9_DC_A,3
2NZ9_DC_A|SA927A,2NZ9_DC_A,2NZ9_DC_A,3
"2NZ9_DC_A|SD29K,DD30Y,HD31D",2NZ9_DC_A,2NZ9_DC_A,3
2NZ9_DC_A|TA1035A,2NZ9_DC_A,2NZ9_DC_A,3
2VIR_AB_C|SC115L,2VIR_AB_C,4NM8_ABCDEF_HL,3
2VIR_AB_C|TC89I,2VIR_AB_C,4NM8_ABCDEF_HL,3
2VIS_AB_C|IC89T,2VIS_AB_C,4NM8_ABCDEF_HL,3
"3BDY_HL_V|DL28N,PL30A,RL31K,SL32T,TL97S,TL98S",3BDY_HL_V,3N85_A_LH,3
"3BDY_HL_V|DL28N,PL30A,RL31K,SL32T,TL97S,TL98S,KH31S,DH32G,TH55S,NH56E,GH101V,DH103V",3BDY_HL_V,3N85_A_LH,3
"3BDY_HL_V|DL28N,PL30A,RL31K,SL32T,TL97S,TL98S,KH31S,DH32G,TH55S,NH56E,GH101V,DH103V,RH51A,RH60A",3BDY_HL_V,3N85_A_LH,3
"3BDY_HL_V|DL28N,PL30A,RL31K,SL32T,YL57F,TL97S,TL98S",3BDY_HL_V,3N85_A_LH,3
"3BDY_HL_V|DL28N,PL30A,RL31K,SL32T,YL57F,TL97S,TL98S,KH31S,DH32G,TH55S,NH56E,GH101V,DH103V",3BDY_HL_V,3N85_A_LH,3
"3BE1_HL_A|DL28N,PL30A,RL31K,SL32T,TL97S,TL98S",3BE1_HL_A,3N85_A_LH,3
"3BE1_HL_A|DL28N,PL30A,RL31K,SL32T,TL97S,TL98S,KH30S,DH31G,TH54S,NH55E,GH100V,DH102V",3BE1_HL_A,3N85_A_LH,3
"3BE1_HL_A|DL28N,PL30A,RL31K,SL32T,TL97S,TL98S,KH30S,DH31G,TH54S,NH55E,GH100V,DH102V,YL36A",3BE1_HL_A,3N85_A_LH,3
"3BE1_HL_A|DL28N,PL30A,RL31K,SL32T,TL97S,TL98S,KH30S,DH31G,TH54S,NH55E,GH100V,DH102V,YL36A,IL33A",3BE1_HL_A,3N85_A_LH,3
"3BE1_HL_A|DL28N,PL30A,RL31K,SL32T,YL57F,TL97S,TL98S",3BE1_HL_A,3N85_A_LH,3
"3BE1_HL_A|DL28N,PL30A,RL31K,SL32T,YL57F,TL97S,TL98S,KH30S,DH31G,TH54S,NH55E,GH100V,DH102V",3BE1_HL_A,3N85_A_LH,3
3BN9_B_CD|DB214A,3BN9_B_CD,3NPS_A_BC,3
3BN9_B_CD|DB46A,3BN9_B_CD,3NPS_A_BC,3
3BN9_B_CD|DB47A,3BN9_B_CD,3NPS_A_BC,3
3BN9_B_CD|DB91A,3BN9_B_CD,3NPS_A_BC,3
3BN9_B_CD|EB163A,3BN9_B_CD,3NPS_A_BC,3
3BN9_B_CD|FB50A,3BN9_B_CD,3NPS_A_BC,3
3BN9_B_CD|FB89A,3BN9_B_CD,3NPS_A_BC,3
3BN9_B_CD|FB92A,3BN9_B_CD,3NPS_A_BC,3
3BN9_B_CD|HB138A,3BN9_B_CD,3NPS_A_BC,3
3BN9_B_CD|IB26A,3BN9_B_CD,3NPS_A_BC,3
3BN9_B_CD|IB45A,3BN9_B_CD,3NPS_A_BC,3
3BN9_B_CD|KB221A,3BN9_B_CD,3NPS_A_BC,3
3BN9_B_CD|LB147A,3BN9_B_CD,3NPS_A_BC,3
3BN9_B_CD|NB90A,3BN9_B_CD,3NPS_A_BC,3
3BN9_B_CD|PD104H,3BN9_B_CD,3NPS_A_BC,3
3BN9_B_CD|QB140A,3BN9_B_CD,3NPS_A_BC,3
3BN9_B_CD|QB168A,3BN9_B_CD,3NPS_A_BC,3
3BN9_B_CD|QB169A,3BN9_B_CD,3NPS_A_BC,3
3BN9_B_CD|QB218A,3BN9_B_CD,3NPS_A_BC,3
3BN9_B_CD|QB23A,3BN9_B_CD,3NPS_A_BC,3
3BN9_B_CD|QD105V,3BN9_B_CD,3NPS_A_BC,3
3BN9_B_CD|RB219A,3BN9_B_CD,3NPS_A_BC,3
3BN9_B_CD|RB48A,3BN9_B_CD,3NPS_A_BC,3
3BN9_B_CD|RB51A,3BN9_B_CD,3NPS_A_BC,3
3BN9_B_CD|RB82A,3BN9_B_CD,3NPS_A_BC,3
3BN9_B_CD|SD30G,3BN9_B_CD,3NPS_A_BC,3
3BN9_B_CD|SD30N,3BN9_B_CD,3NPS_A_BC,3
3BN9_B_CD|TB144A,3BN9_B_CD,3NPS_A_BC,3
3BN9_B_CD|TB93A,3BN9_B_CD,3NPS_A_BC,3
3BN9_B_CD|TD102Q,3BN9_B_CD,3NPS_A_BC,3
3BN9_B_CD|TD102R,3BN9_B_CD,3NPS_A_BC,3
3BN9_B_CD|TD28R,3BN9_B_CD,3NPS_A_BC,3
3BN9_B_CD|YB141A,3BN9_B_CD,3NPS_A_BC,3
3BN9_B_CD|YB52A,3BN9_B_CD,3NPS_A_BC,3
3BN9_B_CD|YD103S,3BN9_B_CD,3NPS_A_BC,3
"3G6D_LH_A|EL3V,GL76R,TL77V,QL78E,EL80G",3G6D_LH_A,4I77_HL_Z,2
"3G6D_LH_A|EL3V,GL76R,TL77V,QL78E,EL80G,DH54N",3G6D_LH_A,4I77_HL_Z,2
"3G6D_LH_A|EL3V,GL76R,TL77V,QL78E,EL80G,FH103A,HH104A,WH105A",3G6D_LH_A,4I77_HL_Z,2
"3G6D_LH_A|EL3V,GL76R,TL77V,QL78E,EL80G,TL89S,ML92I,VL93D,TL94K",3G6D_LH_A,4I77_HL_Z,2
3G6D_LH_A|HH104A,3G6D_LH_A,4I77_HL_Z,2
"3G6D_LH_A|KH210T,KH215T",3G6D_LH_A,4I77_HL_Z,2
"3G6D_LH_A|TL89S,ML92I,VL93D,TL94K",3G6D_LH_A,4I77_HL_Z,2
3G6D_LH_A|WH105A,3G6D_LH_A,4I77_HL_Z,2
3HFM_HL_Y|DH32A,3HFM_HL_Y,1MLC_AB_E,0
"3HFM_HL_Y|DH32A,KY97A",3HFM_HL_Y,1MLC_AB_E,0
"3HFM_HL_Y|DH32A,KY97M",3HFM_HL_Y,1MLC_AB_E,0
3HFM_HL_Y|DH32N,3HFM_HL_Y,1MLC_AB_E,0
"3HFM_HL_Y|DH32N,KY97A",3HFM_HL_Y,1MLC_AB_E,0
"3HFM_HL_Y|DH32N,KY97M",3HFM_HL_Y,1MLC_AB_E,0
3HFM_HL_Y|DY101A,3HFM_HL_Y,1MLC_AB_E,0
3HFM_HL_Y|DY101E,3HFM_HL_Y,1MLC_AB_E,0
3HFM_HL_Y|DY101F,3HFM_HL_Y,1MLC_AB_E,0
3HFM_HL_Y|DY101G,3HFM_HL_Y,1MLC_AB_E,0
3HFM_HL_Y|DY101K,3HFM_HL_Y,1MLC_AB_E,0
3HFM_HL_Y|DY101N,3HFM_HL_Y,1MLC_AB_E,0
3HFM_HL_Y|DY101Q,3HFM_HL_Y,1MLC_AB_E,0
3HFM_HL_Y|DY101R,3HFM_HL_Y,1MLC_AB_E,0
3HFM_HL_Y|DY101S,3HFM_HL_Y,1MLC_AB_E,0
3HFM_HL_Y|GY102V,3HFM_HL_Y,1MLC_AB_E,0
3HFM_HL_Y|HY15A,3HFM_HL_Y,1MLC_AB_E,0
3HFM_HL_Y|IY98A,3HFM_HL_Y,1MLC_AB_E,0
3HFM_HL_Y|KY96A,3HFM_HL_Y,1MLC_AB_E,0
3HFM_HL_Y|KY96M,3HFM_HL_Y,1MLC_AB_E,0
3HFM_HL_Y|KY96R,3HFM_HL_Y,1MLC_AB_E,0
3HFM_HL_Y|KY97A,3HFM_HL_Y,1MLC_AB_E,0
3HFM_HL_Y|KY97D,3HFM_HL_Y,1MLC_AB_E,0
3HFM_HL_Y|KY97E,3HFM_HL_Y,1MLC_AB_E,0
3HFM_HL_Y|KY97G,3HFM_HL_Y,1MLC_AB_E,0
3HFM_HL_Y|KY97M,3HFM_HL_Y,1MLC_AB_E,0
3HFM_HL_Y|KY97R,3HFM_HL_Y,1MLC_AB_E,0
3HFM_HL_Y|LY75A,3HFM_HL_Y,1MLC_AB_E,0
3HFM_HL_Y|NL31A,3HFM_HL_Y,1MLC_AB_E,0
"3HFM_HL_Y|NL31A,KY96A",3HFM_HL_Y,1MLC_AB_E,0
3HFM_HL_Y|NL31D,3HFM_HL_Y,1MLC_AB_E,0
3HFM_HL_Y|NL31E,3HFM_HL_Y,1MLC_AB_E,0
3HFM_HL_Y|NL32A,3HFM_HL_Y,1MLC_AB_E,0
3HFM_HL_Y|NY19D,3HFM_HL_Y,1MLC_AB_E,0
3HFM_HL_Y|NY19K,3HFM_HL_Y,1MLC_AB_E,0
3HFM_HL_Y|NY19Q,3HFM_HL_Y,1MLC_AB_E,0
3HFM_HL_Y|NY93A,3HFM_HL_Y,1MLC_AB_E,0
3HFM_HL_Y|QL53A,3HFM_HL_Y,1MLC_AB_E,0
3HFM_HL_Y|RY21A,3HFM_HL_Y,1MLC_AB_E,0
3HFM_HL_Y|RY21E,3HFM_HL_Y,1MLC_AB_E,0
3HFM_HL_Y|RY21G,3HFM_HL_Y,1MLC_AB_E,0
3HFM_HL_Y|RY21H,3HFM_HL_Y,1MLC_AB_E,0
3HFM_HL_Y|RY21K,3HFM_HL_Y,1MLC_AB_E,0
3HFM_HL_Y|RY21M,3HFM_HL_Y,1MLC_AB_E,0
3HFM_HL_Y|RY21N,3HFM_HL_Y,1MLC_AB_E,0
3HFM_HL_Y|RY21Q,3HFM_HL_Y,1MLC_AB_E,0
3HFM_HL_Y|RY21W,3HFM_HL_Y,1MLC_AB_E,0
3HFM_HL_Y|RY73A,3HFM_HL_Y,1MLC_AB_E,0
3HFM_HL_Y|SH31A,3HFM_HL_Y,1MLC_AB_E,0
3HFM_HL_Y|SY100A,3HFM_HL_Y,1MLC_AB_E,0
3HFM_HL_Y|TY89A,3HFM_HL_Y,1MLC_AB_E,0
3HFM_HL_Y|WH98A,3HFM_HL_Y,1MLC_AB_E,0
"3HFM_HL_Y|WH98A,KY96A",3HFM_HL_Y,1MLC_AB_E,0
3HFM_HL_Y|WH98F,3HFM_HL_Y,1MLC_AB_E,0
"3HFM_HL_Y|WH98F,YY20A",3HFM_HL_Y,1MLC_AB_E,0
3HFM_HL_Y|WY63A,3HFM_HL_Y,1MLC_AB_E,0
3HFM_HL_Y|YH33A,3HFM_HL_Y,1MLC_AB_E,0
"3HFM_HL_Y|YH33A,KY97A",3HFM_HL_Y,1MLC_AB_E,0
3HFM_HL_Y|YH33F,3HFM_HL_Y,1MLC_AB_E,0
3HFM_HL_Y|YH33L,3HFM_HL_Y,1MLC_AB_E,0
3HFM_HL_Y|YH33W,3HFM_HL_Y,1MLC_AB_E,0
3HFM_HL_Y|YH50A,3HFM_HL_Y,1MLC_AB_E,0
"3HFM_HL_Y|YH50A,RY21A",3HFM_HL_Y,1MLC_AB_E,0
3HFM_HL_Y|YH50F,3HFM_HL_Y,1MLC_AB_E,0
3HFM_HL_Y|YH50L,3HFM_HL_Y,1MLC_AB_E,0
3HFM_HL_Y|YH53A,3HFM_HL_Y,1MLC_AB_E,0
3HFM_HL_Y|YH53F,3HFM_HL_Y,1MLC_AB_E,0
3HFM_HL_Y|YH53L,3HFM_HL_Y,1MLC_AB_E,0
3HFM_HL_Y|YH53W,3HFM_HL_Y,1MLC_AB_E,0
3HFM_HL_Y|YH58A,3HFM_HL_Y,1MLC_AB_E,0
3HFM_HL_Y|YH58F,3HFM_HL_Y,1MLC_AB_E,0
3HFM_HL_Y|YH58L,3HFM_HL_Y,1MLC_AB_E,0
3HFM_HL_Y|YL50A,3HFM_HL_Y,1MLC_AB_E,0
"3HFM_HL_Y|YL50A,KY96A",3HFM_HL_Y,1MLC_AB_E,0
"3HFM_HL_Y|YL50A,KY97A",3HFM_HL_Y,1MLC_AB_E,0
"3HFM_HL_Y|YL50A,RY21A",3HFM_HL_Y,1MLC_AB_E,0
3HFM_HL_Y|YL50F,3HFM_HL_Y,1MLC_AB_E,0
"3HFM_HL_Y|YL50F,RY21A",3HFM_HL_Y,1MLC_AB_E,0
"3HFM_HL_Y|YL50F,YY20A",3HFM_HL_Y,1MLC_AB_E,0
3HFM_HL_Y|YL50L,3HFM_HL_Y,1MLC_AB_E,0
3HFM_HL_Y|YL96A,3HFM_HL_Y,1MLC_AB_E,0
"3HFM_HL_Y|YL96A,RY21A",3HFM_HL_Y,1MLC_AB_E,0
3HFM_HL_Y|YL96F,3HFM_HL_Y,1MLC_AB_E,0
"3HFM_HL_Y|YL96F,RY21A",3HFM_HL_Y,1MLC_AB_E,0
3HFM_HL_Y|YY20A,3HFM_HL_Y,1MLC_AB_E,0
3HFM_HL_Y|YY20F,3HFM_HL_Y,1MLC_AB_E,0
3HFM_HL_Y|YY20L,3HFM_HL_Y,1MLC_AB_E,0
"3IDX_HL_G|CG27I,CG242Q",3IDX_HL_G,4JPK_HL_A,2
"3IDX_HL_G|CG27I,CG242Q,MG247A",3IDX_HL_G,4JPK_HL_A,2
"3IDX_HL_G|KG85C,EG121C,CG27I,CG242Q",3IDX_HL_G,4JPK_HL_A,2
"3IDX_HL_G|KG85C,EG121C,WG13M,MG247A,CG14W,CG129V,CG27I,CG242Q",3IDX_HL_G,4JPK_HL_A,2
"3IDX_HL_G|KG85C,EG122C,WG13M,MG247A,CG14W,CG129V,CG27I,CG242Q",3IDX_HL_G,4JPK_HL_A,2
"3IDX_HL_G|TG41C,GG245C,MG247A",3IDX_HL_G,4JPK_HL_A,2
"3IDX_HL_G|TG41C,GG245C,WG13M,MG247A,CG14W,CG129V,CG27I,CG242Q",3IDX_HL_G,4JPK_HL_A,2
"3IDX_HL_G|WG13M,MG247A,CG14W,CG129V",3IDX_HL_G,4JPK_HL_A,2
"3IDX_HL_G|WG13M,MG247A,CG14W,CG129V,CG27I,CG242Q",3IDX_HL_G,4JPK_HL_A,2
"3IDX_HL_G|WG13M,MG247A,CG14W,CG129V,KG85C,EG121C",3IDX_HL_G,4JPK_HL_A,2
"3IDX_HL_G|WG13M,SG111T,WG200S,MG247A,CG14W,CG129V,CG27I,CG242Q",3IDX_HL_G,4JPK_HL_A,2
"3L5X_A_HL|EL93F,YL94G",3L5X_A_HL,4I77_HL_Z,2
"3L5X_A_HL|EL93H,YL94G",3L5X_A_HL,4I77_HL_Z,2
"3L5X_A_HL|HL91P,NL92I,EL93D,YL94A",3L5X_A_HL,4I77_HL_Z,2
"3L5X_A_HL|HL91P,NL92L,EL93D,YL94S",3L5X_A_HL,4I77_HL_Z,2
"3L5X_A_HL|HL91P,NL92L,EL93D,YL94T",3L5X_A_HL,4I77_HL_Z,2
"3L5X_A_HL|HL91P,NL92L,EL93D,YL94V",3L5X_A_HL,4I77_HL_Z,2
"3L5X_A_HL|HL91P,NL92L,YL94A",3L5X_A_HL,4I77_HL_Z,2
"3L5X_A_HL|HL91Q,NL92D,EL93I,YL94G",3L5X_A_HL,4I77_HL_Z,2
"3L5X_A_HL|HL91Q,NL92D,EL93L,YL94G",3L5X_A_HL,4I77_HL_Z,2
"3L5X_A_HL|HL91Q,NL92D,EL93Y,YL94G",3L5X_A_HL,4I77_HL_Z,2
"3L5X_A_HL|NL92D,EL93L,YL94G",3L5X_A_HL,4I77_HL_Z,2
"3L5X_A_HL|NL92D,EL93N,YL94S",3L5X_A_HL,4I77_HL_Z,2
"3L5X_A_HL|NL92D,EL93P,YL94G",3L5X_A_HL,4I77_HL_Z,2
"3L5X_A_HL|NL92D,EL93R,YL94D",3L5X_A_HL,4I77_HL_Z,2
"3L5X_A_HL|NL92D,EL93W,YL94E",3L5X_A_HL,4I77_HL_Z,2
"3L5X_A_HL|NL92D,EL93W,YL94G",3L5X_A_HL,4I77_HL_Z,2
"3L5X_A_HL|NL92D,EL93W,YL94S",3L5X_A_HL,4I77_HL_Z,2
"3L5X_A_HL|NL92D,EL93Y,YL94A",3L5X_A_HL,4I77_HL_Z,2
"3L5X_A_HL|NL92E,EL93S,YL94G",3L5X_A_HL,4I77_HL_Z,2
"3L5X_A_HL|NL92E,EL93W,YL94G",3L5X_A_HL,4I77_HL_Z,2
"3L5X_A_HL|NL92F,EL93W,YL94G",3L5X_A_HL,4I77_HL_Z,2
"3L5X_A_HL|NL92L,EL93D,YL94S",3L5X_A_HL,4I77_HL_Z,2
"3L5X_A_HL|NL92L,EL93L,YL94G",3L5X_A_HL,4I77_HL_Z,2
"3L5X_A_HL|NL92L,EL93M,YL94G",3L5X_A_HL,4I77_HL_Z,2
"3L5X_A_HL|NL92L,EL93N,YL94G",3L5X_A_HL,4I77_HL_Z,2
"3L5X_A_HL|NL92S,EL93H,YL94G",3L5X_A_HL,4I77_HL_Z,2
"3L5X_A_HL|NL92S,EL93I,YL94G",3L5X_A_HL,4I77_HL_Z,2
"3L5X_A_HL|NL92S,EL93S,YL94G",3L5X_A_HL,4I77_HL_Z,2
"3L5X_A_HL|NL92S,EL93V,YL94G",3L5X_A_HL,4I77_HL_Z,2
"3L5X_A_HL|NL92S,EL93W,YL94A",3L5X_A_HL,4I77_HL_Z,2
"3L5X_A_HL|NL92S,EL93W,YL94G",3L5X_A_HL,4I77_HL_Z,2
"3L5X_A_HL|NL92S,EL93Y,YL94G",3L5X_A_HL,4I77_HL_Z,2
"3L5X_A_HL|NL92V,EL93G,YL94G",3L5X_A_HL,4I77_HL_Z,2
"3L5X_A_HL|NL92V,EL93W,YL94G",3L5X_A_HL,4I77_HL_Z,2
3L5X_A_HL|YL94A,3L5X_A_HL,4I77_HL_Z,2
3LZF_AB_HL|DA187E,3LZF_AB_HL,4NM8_ABCDEF_HL,3
"3LZF_AB_HL|DA187E,DA222G",3LZF_AB_HL,4NM8_ABCDEF_HL,3
3LZF_AB_HL|DA222G,3LZF_AB_HL,4NM8_ABCDEF_HL,3
3N85_A_LH|SH32A,3N85_A_LH,3N85_A_LH,3
3N85_A_LH|SH32Y,3N85_A_LH,3N85_A_LH,3
3N85_A_LH|SH50G,3N85_A_LH,3N85_A_LH,3
3N85_A_LH|SH52Y,3N85_A_LH,3N85_A_LH,3
3N85_A_LH|WH100F,3N85_A_LH,3N85_A_LH,3
3N85_A_LH|WH30K,3N85_A_LH,3N85_A_LH,3
3N85_A_LH|WH30R,3N85_A_LH,3N85_A_LH,3
3N85_A_LH|WL91F,3N85_A_LH,3N85_A_LH,3
3N85_A_LH|WL94Y,3N85_A_LH,3N85_A_LH,3
3NGB_HL_G|AH57G,3NGB_HL_G,4JPK_HL_A,2
"3NGB_HL_G|AH57G,VH58T,PH63K,VH74T",3NGB_HL_G,4JPK_HL_A,2
"3NGB_HL_G|CH32S,CH102A",3NGB_HL_G,4JPK_HL_A,2
3NGB_HL_G|DH103A,3NGB_HL_G,4JPK_HL_A,2
3NGB_HL_G|EL88A,3NGB_HL_G,4JPK_HL_A,2
3NGB_HL_G|FL89A,3NGB_HL_G,4JPK_HL_A,2
3NGB_HL_G|GH55A,3NGB_HL_G,4JPK_HL_A,2
3NGB_HL_G|GH55S,3NGB_HL_G,4JPK_HL_A,2
3NGB_HL_G|GH56A,3NGB_HL_G,4JPK_HL_A,2
3NGB_HL_G|IH30A,3NGB_HL_G,4JPK_HL_A,2
3NGB_HL_G|IH30T,3NGB_HL_G,4JPK_HL_A,2
"3NGB_HL_G|IH30T,KH52N,RH54N,GH55S,AH57G,VH58T,RH62Q,PH63K,VH74T,YH75S,YL26S",3NGB_HL_G,4JPK_HL_A,2
3NGB_HL_G|KH52A,3NGB_HL_G,4JPK_HL_A,2
3NGB_HL_G|KH52N,3NGB_HL_G,4JPK_HL_A,2
3NGB_HL_G|MH70A,3NGB_HL_G,4JPK_HL_A,2
3NGB_HL_G|NH105A,3NGB_HL_G,4JPK_HL_A,2
3NGB_HL_G|NH59A,3NGB_HL_G,4JPK_HL_A,2
3NGB_HL_G|PH63A,3NGB_HL_G,4JPK_HL_A,2
3NGB_HL_G|PH63K,3NGB_HL_G,4JPK_HL_A,2
3NGB_HL_G|QH65A,3NGB_HL_G,4JPK_HL_A,2
3NGB_HL_G|QL25A,3NGB_HL_G,4JPK_HL_A,2
3NGB_HL_G|RH54A,3NGB_HL_G,4JPK_HL_A,2
3NGB_HL_G|RH54N,3NGB_HL_G,4JPK_HL_A,2
3NGB_HL_G|RH62A,3NGB_HL_G,4JPK_HL_A,2
3NGB_HL_G|RH62Q,3NGB_HL_G,4JPK_HL_A,2
3NGB_HL_G|RH72A,3NGB_HL_G,4JPK_HL_A,2
3NGB_HL_G|SL28A,3NGB_HL_G,4JPK_HL_A,2
3NGB_HL_G|TH33A,3NGB_HL_G,4JPK_HL_A,2
3NGB_HL_G|TH33Y,3NGB_HL_G,4JPK_HL_A,2
"3NGB_HL_G|TH33Y,GH56S,AH57G,VH58T,PH63K,VH74T,YH75S",3NGB_HL_G,4JPK_HL_A,2
3NGB_HL_G|VH58A,3NGB_HL_G,4JPK_HL_A,2
3NGB_HL_G|VH58T,3NGB_HL_G,4JPK_HL_A,2
3NGB_HL_G|VH74A,3NGB_HL_G,4JPK_HL_A,2
3NGB_HL_G|VH74T,3NGB_HL_G,4JPK_HL_A,2
3NGB_HL_G|VL1A,3NGB_HL_G,4JPK_HL_A,2
3NGB_HL_G|WH106A,3NGB_HL_G,4JPK_HL_A,2
3NGB_HL_G|WH47A,3NGB_HL_G,4JPK_HL_A,2
3NGB_HL_G|WH50A,3NGB_HL_G,4JPK_HL_A,2
3NGB_HL_G|YH104A,3NGB_HL_G,4JPK_HL_A,2
3NGB_HL_G|YH60A,3NGB_HL_G,4JPK_HL_A,2
3NGB_HL_G|YH75A,3NGB_HL_G,4JPK_HL_A,2
3NGB_HL_G|YH75S,3NGB_HL_G,4JPK_HL_A,2
3NGB_HL_G|YL26A,3NGB_HL_G,4JPK_HL_A,2
3NGB_HL_G|YL26S,3NGB_HL_G,4JPK_HL_A,2
3NGB_HL_G|YL87A,3NGB_HL_G,4JPK_HL_A,2
3NPS_A_BC|DA214A,3NPS_A_BC,3NPS_A_BC,3
3NPS_A_BC|DA46A,3NPS_A_BC,3NPS_A_BC,3
3NPS_A_BC|DA47A,3NPS_A_BC,3NPS_A_BC,3
3NPS_A_BC|DA91A,3NPS_A_BC,3NPS_A_BC,3
3NPS_A_BC|EA163A,3NPS_A_BC,3NPS_A_BC,3
3NPS_A_BC|FA50A,3NPS_A_BC,3NPS_A_BC,3
3NPS_A_BC|FA89A,3NPS_A_BC,3NPS_A_BC,3
3NPS_A_BC|FA92A,3NPS_A_BC,3NPS_A_BC,3
3NPS_A_BC|HA138A,3NPS_A_BC,3NPS_A_BC,3
3NPS_A_BC|IA26A,3NPS_A_BC,3NPS_A_BC,3
3NPS_A_BC|IA45A,3NPS_A_BC,3NPS_A_BC,3
3NPS_A_BC|KA221A,3NPS_A_BC,3NPS_A_BC,3
3NPS_A_BC|LA147A,3NPS_A_BC,3NPS_A_BC,3
3NPS_A_BC|NA90A,3NPS_A_BC,3NPS_A_BC,3
3NPS_A_BC|QA140A,3NPS_A_BC,3NPS_A_BC,3
3NPS_A_BC|QA168A,3NPS_A_BC,3NPS_A_BC,3
3NPS_A_BC|QA169A,3NPS_A_BC,3NPS_A_BC,3
3NPS_A_BC|QA218A,3NPS_A_BC,3NPS_A_BC,3
3NPS_A_BC|QA23A,3NPS_A_BC,3NPS_A_BC,3
3NPS_A_BC|RA219A,3NPS_A_BC,3NPS_A_BC,3
3NPS_A_BC|RA48A,3NPS_A_BC,3NPS_A_BC,3
3NPS_A_BC|RA51A,3NPS_A_BC,3NPS_A_BC,3
3NPS_A_BC|RA82A,3NPS_A_BC,3NPS_A_BC,3
3NPS_A_BC|TA144A,3NPS_A_BC,3NPS_A_BC,3
3NPS_A_BC|TA93A,3NPS_A_BC,3NPS_A_BC,3
3NPS_A_BC|YA141A,3NPS_A_BC,3NPS_A_BC,3
3NPS_A_BC|YA52A,3NPS_A_BC,3NPS_A_BC,3
3SE8_HL_G|DH110A,3SE8_HL_G,4JPK_HL_A,2
3SE8_HL_G|DH114A,3SE8_HL_G,4JPK_HL_A,2
3SE8_HL_G|DL49A,3SE8_HL_G,4JPK_HL_A,2
3SE8_HL_G|EL1A,3SE8_HL_G,4JPK_HL_A,2
3SE8_HL_G|EL91A,3SE8_HL_G,4JPK_HL_A,2
3SE8_HL_G|FH115A,3SE8_HL_G,4JPK_HL_A,2
3SE8_HL_G|FL90A,3SE8_HL_G,4JPK_HL_A,2
3SE8_HL_G|FL92A,3SE8_HL_G,4JPK_HL_A,2
3SE8_HL_G|GH56A,3SE8_HL_G,4JPK_HL_A,2
3SE8_HL_G|KH52A,3SE8_HL_G,4JPK_HL_A,2
3SE8_HL_G|LH54A,3SE8_HL_G,4JPK_HL_A,2
3SE8_HL_G|NL30A,3SE8_HL_G,4JPK_HL_A,2
3SE8_HL_G|PH78A,3SE8_HL_G,4JPK_HL_A,2
3SE8_HL_G|PH81A,3SE8_HL_G,4JPK_HL_A,2
3SE8_HL_G|QH63A,3SE8_HL_G,4JPK_HL_A,2
3SE8_HL_G|QH65A,3SE8_HL_G,4JPK_HL_A,2
3SE8_HL_G|QH76A,3SE8_HL_G,4JPK_HL_A,2
3SE8_HL_G|QL27A,3SE8_HL_G,4JPK_HL_A,2
3SE8_HL_G|RH30A,3SE8_HL_G,4JPK_HL_A,2
3SE8_HL_G|RH62A,3SE8_HL_G,4JPK_HL_A,2
3SE8_HL_G|RH72A,3SE8_HL_G,4JPK_HL_A,2
3SE8_HL_G|SH59A,3SE8_HL_G,4JPK_HL_A,2
3SE8_HL_G|VH58A,3SE8_HL_G,4JPK_HL_A,2
3SE8_HL_G|WH47A,3SE8_HL_G,4JPK_HL_A,2
3SE8_HL_G|WH50A,3SE8_HL_G,4JPK_HL_A,2
3SE8_HL_G|WH55A,3SE8_HL_G,4JPK_HL_A,2
3SE8_HL_G|YH111A,3SE8_HL_G,4JPK_HL_A,2
3SE8_HL_G|YH60A,3SE8_HL_G,4JPK_HL_A,2
3SE9_HL_G|DH77A,3SE9_HL_G,4JPK_HL_A,2
3SE9_HL_G|EL90A,3SE9_HL_G,4JPK_HL_A,2
3SE9_HL_G|FL91A,3SE9_HL_G,4JPK_HL_A,2
3SE9_HL_G|GH106A,3SE9_HL_G,4JPK_HL_A,2
3SE9_HL_G|GH107A,3SE9_HL_G,4JPK_HL_A,2
3SE9_HL_G|GH109A,3SE9_HL_G,4JPK_HL_A,2
3SE9_HL_G|GH57A,3SE9_HL_G,4JPK_HL_A,2
3SE9_HL_G|GH62A,3SE9_HL_G,4JPK_HL_A,2
3SE9_HL_G|GL29A,3SE9_HL_G,4JPK_HL_A,2
3SE9_HL_G|LH34A,3SE9_HL_G,4JPK_HL_A,2
3SE9_HL_G|LL89A,3SE9_HL_G,4JPK_HL_A,2
3SE9_HL_G|NH60A,3SE9_HL_G,4JPK_HL_A,2
3SE9_HL_G|PH64A,3SE9_HL_G,4JPK_HL_A,2
3SE9_HL_G|RH67A,3SE9_HL_G,4JPK_HL_A,2
3SE9_HL_G|RH74A,3SE9_HL_G,4JPK_HL_A,2
3SE9_HL_G|RH76A,3SE9_HL_G,4JPK_HL_A,2
3SE9_HL_G|TH105A,3SE9_HL_G,4JPK_HL_A,2
3SE9_HL_G|TH56A,3SE9_HL_G,4JPK_HL_A,2
3SE9_HL_G|VH55A,3SE9_HL_G,4JPK_HL_A,2
3SE9_HL_G|VH59A,3SE9_HL_G,4JPK_HL_A,2
3SE9_HL_G|VL3A,3SE9_HL_G,4JPK_HL_A,2
3SE9_HL_G|WH48A,3SE9_HL_G,4JPK_HL_A,2
3SE9_HL_G|WH51A,3SE9_HL_G,4JPK_HL_A,2
3SE9_HL_G|YH104A,3SE9_HL_G,4JPK_HL_A,2
3SE9_HL_G|YL28A,3SE9_HL_G,4JPK_HL_A,2
3W2D_A_HL|KA67N,3W2D_A_HL,3W2D_A_HL,3
3W2D_A_HL|KA67R,3W2D_A_HL,3W2D_A_HL,3
3W2D_A_HL|YA45F,3W2D_A_HL,3W2D_A_HL,3
3W2D_A_HL|YA45L,3W2D_A_HL,3W2D_A_HL,3
4GXU_ABCDEF_MN|DA189E,4GXU_ABCDEF_MN,4NM8_ABCDEF_HL,3
"4GXU_ABCDEF_MN|DA189E,DA224G",4GXU_ABCDEF_MN,4NM8_ABCDEF_HL,3
4GXU_ABCDEF_MN|DA224G,4GXU_ABCDEF_MN,4NM8_ABCDEF_HL,3
4I77_HL_Z|DH54A,4I77_HL_Z,4I77_HL_Z,2
4I77_HL_Z|NL95A,4I77_HL_Z,4I77_HL_Z,2
4I77_HL_Z|WH52A,4I77_HL_Z,4I77_HL_Z,2
4I77_HL_Z|WH52F,4I77_HL_Z,4I77_HL_Z,2
4I77_HL_Z|YH100A,4I77_HL_Z,4I77_HL_Z,2
4I77_HL_Z|YH100F,4I77_HL_Z,4I77_HL_Z,2
4I77_HL_Z|YH101A,4I77_HL_Z,4I77_HL_Z,2
4I77_HL_Z|YH101F,4I77_HL_Z,4I77_HL_Z,2
4I77_HL_Z|YH103A,4I77_HL_Z,4I77_HL_Z,2
4I77_HL_Z|YH103F,4I77_HL_Z,4I77_HL_Z,2
4I77_HL_Z|YL32A,4I77_HL_Z,4I77_HL_Z,2
4I77_HL_Z|YL32F,4I77_HL_Z,4I77_HL_Z,2
4JPK_HL_A|DA141R,4JPK_HL_A,4JPK_HL_A,2
"4JPK_HL_A|DA159N,DA33N",4JPK_HL_A,4JPK_HL_A,2
4JPK_HL_A|FA144I,4JPK_HL_A,4JPK_HL_A,2
4JPK_HL_A|FA63L,4JPK_HL_A,4JPK_HL_A,2
4JPK_HL_A|RA130K,4JPK_HL_A,4JPK_HL_A,2
4JPK_HL_A|RA81T,4JPK_HL_A,4JPK_HL_A,2
4JPK_HL_A|SA41G,4JPK_HL_A,4JPK_HL_A,2
4JPK_HL_A|TA35S,4JPK_HL_A,4JPK_HL_A,2
4JPK_HL_A|VA30N,4JPK_HL_A,4JPK_HL_A,2
"4KRL_A_B|DA49T,FA51A",4KRL_A_B,3N85_A_LH,3
4KRL_A_B|DB112A,4KRL_A_B,3N85_A_LH,3
4KRL_A_B|RB30A,4KRL_A_B,3N85_A_LH,3
"4KRO_A_B|DA321T,FA323A",4KRO_A_B,3N85_A_LH,3
4KRO_A_B|DB92A,4KRO_A_B,3N85_A_LH,3
4KRO_A_B|RB15A,4KRO_A_B,3N85_A_LH,3
"4KRP_A_B|DA277T,FA279A",4KRP_A_B,3N85_A_LH,3
4KRP_A_B|EB105A,4KRP_A_B,3N85_A_LH,3
4NM8_ABCDEF_HL|DB19N,4NM8_ABCDEF_HL,4NM8_ABCDEF_HL,3
4NM8_ABCDEF_HL|IB18M,4NM8_ABCDEF_HL,4NM8_ABCDEF_HL,3
4NM8_ABCDEF_HL|LB38Y,4NM8_ABCDEF_HL,4NM8_ABCDEF_HL,3
4NM8_ABCDEF_HL|QB34R,4NM8_ABCDEF_HL,4NM8_ABCDEF_HL,3
4NM8_ABCDEF_HL|QB34T,4NM8_ABCDEF_HL,4NM8_ABCDEF_HL,3
4NM8_ABCDEF_HL|RB25M,4NM8_ABCDEF_HL,4NM8_ABCDEF_HL,3
4NM8_ABCDEF_HL|TB32E,4NM8_ABCDEF_HL,4NM8_ABCDEF_HL,3
4NM8_ABCDEF_HL|TB32I,4NM8_ABCDEF_HL,4NM8_ABCDEF_HL,3
4NM8_ABCDEF_HL|TB32R,4NM8_ABCDEF_HL,4NM8_ABCDEF_HL,3
4U6H_AB_E|NE21A,4U6H_AB_E,4U6H_AB_E,3
4U6H_AB_E|QE25A,4U6H_AB_E,4U6H_AB_E,3
4ZS6_HL_A|EA156A,4ZS6_HL_A,4ZS6_HL_A,3
4ZS6_HL_A|YA160A,4ZS6_HL_A,4ZS6_HL_A,3
5C6T_HL_A|EA194A,5C6T_HL_A,5C6T_HL_A,1
5C6T_HL_A|FA192A,5C6T_HL_A,5C6T_HL_A,1
5C6T_HL_A|FA199A,5C6T_HL_A,5C6T_HL_A,1
5C6T_HL_A|FA200A,5C6T_HL_A,5C6T_HL_A,1
5C6T_HL_A|FH99A,5C6T_HL_A,5C6T_HL_A,1
5C6T_HL_A|IA201A,5C6T_HL_A,5C6T_HL_A,1
5C6T_HL_A|NA183A,5C6T_HL_A,5C6T_HL_A,1
5C6T_HL_A|NA186A,5C6T_HL_A,5C6T_HL_A,1
5C6T_HL_A|NA188A,5C6T_HL_A,5C6T_HL_A,1
"5C6T_HL_A|NA195A,DA197A",5C6T_HL_A,5C6T_HL_A,1
5C6T_HL_A|NH97A,5C6T_HL_A,5C6T_HL_A,1
5C6T_HL_A|RH31S,5C6T_HL_A,5C6T_HL_A,1
5C6T_HL_A|RL48A,5C6T_HL_A,5C6T_HL_A,1
5C6T_HL_A|SH32A,5C6T_HL_A,5C6T_HL_A,1
5C6T_HL_A|TA185A,5C6T_HL_A,5C6T_HL_A,1
5C6T_HL_A|YA182A,5C6T_HL_A,5C6T_HL_A,1
"5C6T_HL_A|YA182A,NA195A,DA197A",5C6T_HL_A,5C6T_HL_A,1
5C6T_HL_A|YH104A,5C6T_HL_A,5C6T_HL_A,1
5C6T_HL_A|YH98A,5C6T_HL_A,5C6T_HL_A,1
5C6T_HL_A|YL47A,5C6T_HL_A,5C6T_HL_A,1
