row_id,complex,cluster,fold,y_true,y_pred,n_seeds_scored
1AHW_AB_C|DC167A,1AHW_AB_C,1AHW_AB_C,1,-0.48459258675575256,0.43983304500579834,3
"1AHW_AB_C|IC141Q,TC143I,YC145T",1AHW_AB_C,1AHW_AB_C,1,3.9757049083709717,3.9483489990234375,3
"1AHW_AB_C|KC138A,DC139A",1AHW_AB_C,1AHW_AB_C,1,1.1814721822738647,4.017660617828369,3
"1AHW_AB_C|KC154A,KC155A",1AHW_AB_C,1AHW_AB_C,1,-1.3297120332717896,4.225856304168701,3
"1AHW_AB_C|KC158A,NC160A,NC162A",1AHW_AB_C,1AHW_AB_C,1,4.07300329208374,3.2799489498138428,3
1AHW_AB_C|LC165A,1AHW_AB_C,1AHW_AB_C,1,0.9869363903999329,1.0659712553024292,3
1AHW_AB_C|NC188A,1AHW_AB_C,1AHW_AB_C,1,1.078222393989563,1.0758724212646484,3
"1AHW_AB_C|RC189A,KC190A",1AHW_AB_C,1AHW_AB_C,1,4.016561508178711,6.899317264556885,3
"1AHW_AB_C|SC184A,RC185A",1AHW_AB_C,1AHW_AB_C,1,4.016561508178711,3.4672343730926514,3
"1AHW_AB_C|TC110A,KC111A",1AHW_AB_C,1AHW_AB_C,1,0.6388568878173828,1.6128305196762085,3
1AHW_AB_C|TC156A,1AHW_AB_C,1AHW_AB_C,1,-0.07411996275186539,2.927685499191284,3
1AHW_AB_C|TC159A,1AHW_AB_C,1AHW_AB_C,1,1.1057709455490112,1.1778435707092285,3
1AHW_AB_C|TC186A,1AHW_AB_C,1AHW_AB_C,1,1.3458820581436157,0.6580576300621033,3
1AHW_AB_C|VC187A,1AHW_AB_C,1AHW_AB_C,1,-0.3142310678958893,0.7559938430786133,3
1AHW_AB_C|YC145A,1AHW_AB_C,1AHW_AB_C,1,3.8053433895111084,4.03197717666626,3
1AHW_AB_C|YC146A,1AHW_AB_C,1AHW_AB_C,1,-1.8890098333358765,2.6446938514709473,3
1BJ1_HL_VW|HH101Y,1BJ1_HL_VW,3N85_A_LH,3,-1.583595633506775,-0.0042862542904913425,3
"1BJ1_HL_VW|HH101Y,SH105T",1BJ1_HL_VW,3N85_A_LH,3,-1.3434845209121704,0.6721159815788269,3
"1BJ1_HL_VW|HH101Y,YH103I,GH104A,SH105K",1BJ1_HL_VW,3N85_A_LH,3,-0.43125325441360474,0.6359676718711853,3
"1BJ1_HL_VW|HH101Y,YH103R,GH104D,SH105N",1BJ1_HL_VW,3N85_A_LH,3,-0.9954049587249756,0.20636625587940216,3
"1BJ1_HL_VW|HH101Y,YH103R,GH104N,SH105T",1BJ1_HL_VW,3N85_A_LH,3,-0.7626503109931946,0.6603876352310181,3
"1BJ1_HL_VW|HH101Y,YH103R,SH105T",1BJ1_HL_VW,3N85_A_LH,3,-1.1731230020523071,0.5212767720222473,3
"1BJ1_HL_VW|HH101Y,YH103W,SH105T",1BJ1_HL_VW,3N85_A_LH,3,-1.040980339050293,0.003798065707087517,3
1BJ1_HL_VW|HH107A,1BJ1_HL_VW,3N85_A_LH,3,0.7896526455879211,0.3894316852092743,3
"1BJ1_HL_VW|LH72I,TH74K",1BJ1_HL_VW,3N85_A_LH,3,0.0765174850821495,-0.7365372776985168,3
"1BJ1_HL_VW|LH72V,TH74V",1BJ1_HL_VW,3N85_A_LH,3,0.6706597805023193,-0.28416380286216736,3
"1BJ1_HL_VW|ML4L,TH28D,NH31H,HH101Y,SH105T",1BJ1_HL_VW,3N85_A_LH,3,-1.6580967903137207,-0.1424461454153061,3
1BJ1_HL_VW|NH31H,1BJ1_HL_VW,3N85_A_LH,3,-0.7626503109931946,0.7157624363899231,3
1BJ1_HL_VW|SH105T,1BJ1_HL_VW,3N85_A_LH,3,-0.3903965651988983,0.606296718120575,3
1BJ1_HL_VW|TH28D,1BJ1_HL_VW,3N85_A_LH,3,-0.22003504633903503,-0.2880638837814331,3
"1BJ1_HL_VW|TH28D,NH31H",1BJ1_HL_VW,3N85_A_LH,3,-0.6929007768630981,-0.2791164815425873,3
"1BJ1_HL_VW|TH28D,NH31H,HH101Y,SH105T",1BJ1_HL_VW,3N85_A_LH,3,-1.7539571523666382,-0.3577670156955719,3
"1BJ1_HL_VW|TH28D,NH31H,YH54W,HH101Y,SH105T",1BJ1_HL_VW,3N85_A_LH,3,-1.203498125076294,-0.01245312113314867,3
1BJ1_HL_VW|TH59A,1BJ1_HL_VW,3N85_A_LH,3,0.8506669402122498,0.09056627005338669,3
1BJ1_HL_VW|YH27A,1BJ1_HL_VW,3N85_A_LH,3,2.2425284385681152,0.18787439167499542,3
1BJ1_HL_VW|YH54A,1BJ1_HL_VW,3N85_A_LH,3,1.3276594877243042,0.4933168888092041,3
1BJ1_HL_VW|YH54W,1BJ1_HL_VW,3N85_A_LH,3,-0.13726985454559326,-0.18642880022525787,3
1BJ1_HL_VW|YH99A,1BJ1_HL_VW,3N85_A_LH,3,4.438761234283447,3.46960711479187,3
1CZ8_HL_VW|LL4M,1CZ8_HL_VW,3N85_A_LH,3,0.04085667058825493,0.42769864201545715,3
"1CZ8_HL_VW|LL4M,DH28T,HH31N",1CZ8_HL_VW,3N85_A_LH,3,0.4513292908668518,0.7994146347045898,3
"1CZ8_HL_VW|LL4M,DH28T,HH31N,TH105K,YH103I,GH104A",1CZ8_HL_VW,3N85_A_LH,3,1.3635605573654175,1.158563256263733,3
"1CZ8_HL_VW|LL4M,DH28T,HH31N,TH105N,YH103R,GH104D",1CZ8_HL_VW,3N85_A_LH,3,0.7994087934494019,1.3153656721115112,3
"1CZ8_HL_VW|LL4M,DH28T,HH31N,TH105S",1CZ8_HL_VW,3N85_A_LH,3,0.2112182080745697,0.8062035441398621,3
"1CZ8_HL_VW|LL4M,DH28T,HH31N,YH101H",1CZ8_HL_VW,3N85_A_LH,3,1.4044172763824463,1.6100009679794312,3
"1CZ8_HL_VW|LL4M,DH28T,HH31N,YH101H,TH105S",1CZ8_HL_VW,3N85_A_LH,3,2.3673312664031982,1.6350164413452148,3
"1CZ8_HL_VW|LL4M,DH28T,HH31N,YH101H,TH105S,LH72I,TH74K",1CZ8_HL_VW,3N85_A_LH,3,1.8713313341140747,1.1578270196914673,3
"1CZ8_HL_VW|LL4M,DH28T,HH31N,YH101H,TH105S,LH72V,TH74V",1CZ8_HL_VW,3N85_A_LH,3,2.4654736518859863,1.0310120582580566,3
"1CZ8_HL_VW|LL4M,DH28T,HH31N,YH101H,TH105S,YH54W",1CZ8_HL_VW,3N85_A_LH,3,1.6575438976287842,1.717089295387268,3
"1CZ8_HL_VW|LL4M,DH28T,HH31N,YH103R",1CZ8_HL_VW,3N85_A_LH,3,0.6216908097267151,1.4173340797424316,3
"1CZ8_HL_VW|LL4M,DH28T,HH31N,YH103R,GH104N",1CZ8_HL_VW,3N85_A_LH,3,1.0321635007858276,1.2273569107055664,3
"1CZ8_HL_VW|LL4M,DH28T,HH31N,YH103W",1CZ8_HL_VW,3N85_A_LH,3,0.7538334727287292,1.0689860582351685,3
"1CZ8_HL_VW|LL4M,DH28T,YH101H,TH105S",1CZ8_HL_VW,3N85_A_LH,3,1.0321635007858276,1.3295096158981323,3
"1CZ8_HL_VW|LL4M,HH31N,YH101H,TH105S",1CZ8_HL_VW,3N85_A_LH,3,1.5747787952423096,1.2955907583236694,3
"1CZ8_HL_VW|LL4M,YH101H,TH105S",1CZ8_HL_VW,3N85_A_LH,3,1.1019129753112793,1.347347378730774,3
"1CZ8_HL_VW|LL4M,YH54W",1CZ8_HL_VW,3N85_A_LH,3,0.5913156270980835,0.6421380639076233,3
1DQJ_AB_C|DB32A,1DQJ_AB_C,1MLC_AB_E,0,2.0134336948394775,3.174389600753784,1
"1DQJ_AB_C|DB32A,KC97A",1DQJ_AB_C,1MLC_AB_E,0,1.1223833560943604,4.305349349975586,1
1DQJ_AB_C|DC101A,1DQJ_AB_C,1MLC_AB_E,0,1.3765504360198975,2.081899642944336,1
1DQJ_AB_C|KC96A,1DQJ_AB_C,1MLC_AB_E,0,6.155819892883301,3.3596620559692383,1
1DQJ_AB_C|KC97A,1DQJ_AB_C,1MLC_AB_E,0,3.5197057723999023,2.2160885334014893,1
1DQJ_AB_C|LC75A,1DQJ_AB_C,1MLC_AB_E,0,1.4524070024490356,1.6003764867782593,1
1DQJ_AB_C|NA31A,1DQJ_AB_C,1MLC_AB_E,0,2.0134336948394775,0.9412994980812073,1
1DQJ_AB_C|NA32A,1DQJ_AB_C,1MLC_AB_E,0,4.090681552886963,3.342778205871582,1
"1DQJ_AB_C|NA32A,KC96A",1DQJ_AB_C,1MLC_AB_E,0,5.8018479347229,5.022428512573242,1
1DQJ_AB_C|NC93A,1DQJ_AB_C,1MLC_AB_E,0,0.6498732566833496,0.037357017397880554,1
1DQJ_AB_C|RC21A,1DQJ_AB_C,1MLC_AB_E,0,1.213770866394043,1.4122314453125,1
1DQJ_AB_C|SA91A,1DQJ_AB_C,1MLC_AB_E,0,1.4318883419036865,0.3389502167701721,1
"1DQJ_AB_C|SA91A,RC21A",1DQJ_AB_C,1MLC_AB_E,0,3.170731782913208,0.6040725708007812,1
"1DQJ_AB_C|SA91A,YC20A",1DQJ_AB_C,1MLC_AB_E,0,3.573091983795166,1.3969933986663818,1
1DQJ_AB_C|SC100A,1DQJ_AB_C,1MLC_AB_E,0,0.7755829095840454,1.2330673933029175,1
1DQJ_AB_C|TC89A,1DQJ_AB_C,1MLC_AB_E,0,0.8408437371253967,-0.3994607925415039,1
1DQJ_AB_C|WB98A,1DQJ_AB_C,1MLC_AB_E,0,4.931525230407715,3.658175468444824,1
"1DQJ_AB_C|WB98A,KC97A",1DQJ_AB_C,1MLC_AB_E,0,6.660086154937744,3.205068349838257,1
"1DQJ_AB_C|WB98A,SC100A",1DQJ_AB_C,1MLC_AB_E,0,5.362245559692383,3.9928970336914062,1
"1DQJ_AB_C|WB98A,YC20A",1DQJ_AB_C,1MLC_AB_E,0,5.112097263336182,3.5341155529022217,1
1DQJ_AB_C|WC62A,1DQJ_AB_C,1MLC_AB_E,0,0.7580785751342773,0.41768911480903625,1
1DQJ_AB_C|WC63A,1DQJ_AB_C,1MLC_AB_E,0,1.3462692499160767,2.3623995780944824,1
1DQJ_AB_C|YA50A,1DQJ_AB_C,1MLC_AB_E,0,2.6782989501953125,1.6488146781921387,1
1DQJ_AB_C|YA96A,1DQJ_AB_C,1MLC_AB_E,0,1.1350510120391846,2.5410165786743164,1
"1DQJ_AB_C|YA96A,RC21A",1DQJ_AB_C,1MLC_AB_E,0,3.4851996898651123,2.0592451095581055,1
"1DQJ_AB_C|YA96A,SC100A",1DQJ_AB_C,1MLC_AB_E,0,0.9134472608566284,3.0220460891723633,1
1DQJ_AB_C|YB33A,1DQJ_AB_C,1MLC_AB_E,0,5.524465084075928,2.0120604038238525,1
1DQJ_AB_C|YB50A,1DQJ_AB_C,1MLC_AB_E,0,6.888025283813477,1.1952687501907349,1
1DQJ_AB_C|YB53A,1DQJ_AB_C,1MLC_AB_E,0,1.1802780628204346,1.6182836294174194,1
"1DQJ_AB_C|YB53A,DC101A",1DQJ_AB_C,1MLC_AB_E,0,2.727121114730835,4.460006237030029,1
"1DQJ_AB_C|YB53A,LC75A",1DQJ_AB_C,1MLC_AB_E,0,1.2168618440628052,3.9012644290924072,1
"1DQJ_AB_C|YB53A,WC62A",1DQJ_AB_C,1MLC_AB_E,0,1.2863080501556396,2.185302972793579,1
"1DQJ_AB_C|YB53A,WC63A",1DQJ_AB_C,1MLC_AB_E,0,2.199232339859009,3.335914373397827,1
1DQJ_AB_C|YC20A,1DQJ_AB_C,1MLC_AB_E,0,3.285708427429199,2.9402761459350586,1
1DVF_AB_CD|DB100A,1DVF_AB_CD,1MLC_AB_E,0,2.7895143032073975,0.8293576240539551,2
"1DVF_AB_CD|DB100A,DD52A",1DVF_AB_CD,1MLC_AB_E,0,4.319723606109619,1.363457441329956,2
"1DVF_AB_CD|DB100A,HD33A",1DVF_AB_CD,1MLC_AB_E,0,4.14811897277832,1.4088819026947021,2
"1DVF_AB_CD|DB100A,ND55A",1DVF_AB_CD,1MLC_AB_E,0,4.090681552886963,0.9570775032043457,2
1DVF_AB_CD|DB54A,1DVF_AB_CD,1MLC_AB_E,0,4.281256198883057,2.0523812770843506,2
"1DVF_AB_CD|DB54A,YC49A",1DVF_AB_CD,1MLC_AB_E,0,4.4928717613220215,2.5107946395874023,2
1DVF_AB_CD|DB58A,1DVF_AB_CD,1MLC_AB_E,0,1.60000479221344,1.3837890625,2
"1DVF_AB_CD|DB58A,QD104A",1DVF_AB_CD,1MLC_AB_E,0,1.4641724824905396,0.5809311270713806,2
1DVF_AB_CD|DD52A,1DVF_AB_CD,1MLC_AB_E,0,1.6822900772094727,0.9489515423774719,2
1DVF_AB_CD|EB98A,1DVF_AB_CD,1MLC_AB_E,0,4.186648845672607,2.0098800659179688,2
"1DVF_AB_CD|EB98A,YD102A",1DVF_AB_CD,1MLC_AB_E,0,4.633296966552734,2.6196951866149902,2
1DVF_AB_CD|HA30A,1DVF_AB_CD,1MLC_AB_E,0,1.6493823528289795,0.4803294539451599,2
1DVF_AB_CD|HD33A,1DVF_AB_CD,1MLC_AB_E,0,1.860600471496582,0.842509388923645,2
1DVF_AB_CD|ID101A,1DVF_AB_CD,1MLC_AB_E,0,2.6815457344055176,-0.06579072773456573,2
1DVF_AB_CD|KD30A,1DVF_AB_CD,1MLC_AB_E,0,1.0035172700881958,-0.15384463965892792,2
1DVF_AB_CD|NB56A,1DVF_AB_CD,1MLC_AB_E,0,1.1624388694763184,0.015512749552726746,2
"1DVF_AB_CD|NB56A,HD33A",1DVF_AB_CD,1MLC_AB_E,0,2.5259995460510254,1.349116563796997,2
"1DVF_AB_CD|NB56A,ND55A",1DVF_AB_CD,1MLC_AB_E,0,2.3010928630828857,1.185755968093872,2
"1DVF_AB_CD|NB56A,QD104A",1DVF_AB_CD,1MLC_AB_E,0,1.486864447593689,0.18641254305839539,2
1DVF_AB_CD|ND55A,1DVF_AB_CD,1MLC_AB_E,0,1.860600471496582,0.6364797353744507,2
1DVF_AB_CD|QD104A,1DVF_AB_CD,1MLC_AB_E,0,1.6287225484848022,0.43429315090179443,2
1DVF_AB_CD|RB99A,1DVF_AB_CD,1MLC_AB_E,0,1.8746451139450073,0.6492955684661865,2
1DVF_AB_CD|RD106A,1DVF_AB_CD,1MLC_AB_E,0,4.090681552886963,0.5555293560028076,2
1DVF_AB_CD|SA93A,1DVF_AB_CD,1MLC_AB_E,0,1.1624388694763184,-0.3797132074832916,2
1DVF_AB_CD|TB30A,1DVF_AB_CD,1MLC_AB_E,0,0.9075126051902771,-0.2899111211299896,2
1DVF_AB_CD|WA92A,1DVF_AB_CD,1MLC_AB_E,0,0.34072306752204895,1.7609260082244873,2
1DVF_AB_CD|WB52A,1DVF_AB_CD,1MLC_AB_E,0,4.132998466491699,3.1567606925964355,2
"1DVF_AB_CD|WB52A,QD104A",1DVF_AB_CD,1MLC_AB_E,0,4.162863254547119,3.283592939376831,2
1DVF_AB_CD|YA32A,1DVF_AB_CD,1MLC_AB_E,0,2.030369520187378,1.2439391613006592,2
"1DVF_AB_CD|YA32A,RD106A",1DVF_AB_CD,1MLC_AB_E,0,4.650588512420654,1.7181291580200195,2
1DVF_AB_CD|YA49A,1DVF_AB_CD,1MLC_AB_E,0,1.678590178489685,0.50665682554245,2
"1DVF_AB_CD|YA49A,HD33A",1DVF_AB_CD,1MLC_AB_E,0,2.62504506111145,1.962240219116211,2
"1DVF_AB_CD|YA49A,ND55A",1DVF_AB_CD,1MLC_AB_E,0,2.030369520187378,1.0177619457244873,2
1DVF_AB_CD|YA50A,1DVF_AB_CD,1MLC_AB_E,0,0.687773585319519,1.329387903213501,2
1DVF_AB_CD|YB101F,1DVF_AB_CD,1MLC_AB_E,0,2.0123136043548584,0.7467955350875854,2
1DVF_AB_CD|YB32A,1DVF_AB_CD,1MLC_AB_E,0,1.8314707279205322,0.9031440019607544,2
1DVF_AB_CD|YC49A,1DVF_AB_CD,1MLC_AB_E,0,1.860600471496582,0.7653653621673584,2
1DVF_AB_CD|YD102A,1DVF_AB_CD,1MLC_AB_E,0,4.739434719085693,2.5375304222106934,2
"1JRH_LH_I|AI49S,II51T,HI55D",1JRH_LH_I,1JRH_LH_I,1,0.0706755742430687,-0.5688345432281494,3
"1JRH_LH_I|AI85D,KI88R,EI90K",1JRH_LH_I,1JRH_LH_I,1,-0.047747865319252014,-0.23655402660369873,3
"1JRH_LH_I|AI93L,VI94M",1JRH_LH_I,1JRH_LH_I,1,0.6336629390716553,0.04744674637913704,3
1JRH_LH_I|DH56A,1JRH_LH_I,1JRH_LH_I,1,1.8860998153686523,0.7088863253593445,3
1JRH_LH_I|DH57A,1JRH_LH_I,1JRH_LH_I,1,1.666064739227295,0.012376062572002411,3
1JRH_LH_I|DH58A,1JRH_LH_I,1JRH_LH_I,1,1.8546488285064697,0.553389847278595,3
1JRH_LH_I|DL28A,1JRH_LH_I,1JRH_LH_I,1,0.434646874666214,1.4532181024551392,3
1JRH_LH_I|EI35Q,1JRH_LH_I,1JRH_LH_I,1,0.09956847131252289,0.40120986104011536,3
1JRH_LH_I|EI45A,1JRH_LH_I,1JRH_LH_I,1,-0.5657848715782166,0.034401971846818924,3
1JRH_LH_I|EI45P,1JRH_LH_I,1JRH_LH_I,1,-3.788177490234375,0.11831116676330566,3
"1JRH_LH_I|EI45P,II47L",1JRH_LH_I,1JRH_LH_I,1,-3.456780433654785,0.33262932300567627,3
"1JRH_LH_I|EI45P,II47R",1JRH_LH_I,1JRH_LH_I,1,-3.4400978088378906,0.13664285838603973,3
1JRH_LH_I|EL27A,1JRH_LH_I,1JRH_LH_I,1,0.5426152944564819,0.706226646900177,3
1JRH_LH_I|FH103A,1JRH_LH_I,1JRH_LH_I,1,0.0,-0.6174583435058594,3
1JRH_LH_I|GI40A,1JRH_LH_I,1JRH_LH_I,1,4.450238227844238,0.5320455431938171,3
1JRH_LH_I|HH107A,1JRH_LH_I,1JRH_LH_I,1,1.6977708339691162,3.2893497943878174,3
"1JRH_LH_I|II25N,PI27S,VI29T,VI31I",1JRH_LH_I,1JRH_LH_I,1,0.14370596408843994,-1.0196055173873901,3
1JRH_LH_I|KI37A,1JRH_LH_I,1JRH_LH_I,1,3.713862895965576,4.627834320068359,3
1JRH_LH_I|KI37M,1JRH_LH_I,1JRH_LH_I,1,3.2923293113708496,3.3889763355255127,3
1JRH_LH_I|KI42A,1JRH_LH_I,1JRH_LH_I,1,3.385817527770996,2.285236120223999,3
1JRH_LH_I|KI42M,1JRH_LH_I,1JRH_LH_I,1,4.911626815795898,1.5771883726119995,3
1JRH_LH_I|KI88A,1JRH_LH_I,1JRH_LH_I,1,0.3120936453342438,0.16036710143089294,3
"1JRH_LH_I|MI15L,II18V",1JRH_LH_I,1JRH_LH_I,1,-0.213606059551239,-0.39327430725097656,3
1JRH_LH_I|NI38A,1JRH_LH_I,1JRH_LH_I,1,0.1704578995704651,0.7456293106079102,3
1JRH_LH_I|NI38Q,1JRH_LH_I,1JRH_LH_I,1,0.5344713926315308,0.36845409870147705,3
1JRH_LH_I|NI43A,1JRH_LH_I,1JRH_LH_I,1,4.299832820892334,2.3753254413604736,3
1JRH_LH_I|NI69A,1JRH_LH_I,1JRH_LH_I,1,-0.19953420758247375,1.022982120513916,3
1JRH_LH_I|RH100A,1JRH_LH_I,1JRH_LH_I,1,0.5426152944564819,3.8122870922088623,3
1JRH_LH_I|RI74A,1JRH_LH_I,1JRH_LH_I,1,0.3926171064376831,1.634482979774475,3
1JRH_LH_I|SI44A,1JRH_LH_I,1JRH_LH_I,1,0.37771075963974,1.0398049354553223,3
"1JRH_LH_I|SI44G,EI45G,II47R",1JRH_LH_I,1JRH_LH_I,1,-3.3777048587799072,0.840153694152832,3
"1JRH_LH_I|SI44G,EI45P,II47K",1JRH_LH_I,1JRH_LH_I,1,-3.8844189643859863,0.32397952675819397,3
"1JRH_LH_I|SI61Y,DI62E,HI63Q,VI64I,GI65M,DI66Y,SI68D,NI69V,LI71A",1JRH_LH_I,1JRH_LH_I,1,2.958832263946533,-0.5119342803955078,3
1JRH_LH_I|SL93A,1JRH_LH_I,1JRH_LH_I,1,-0.6505837440490723,-0.29146406054496765,3
1JRH_LH_I|TI4V,1JRH_LH_I,1JRH_LH_I,1,-0.025565991178154945,-0.27156129479408264,3
"1JRH_LH_I|TI9L,EI11K",1JRH_LH_I,1JRH_LH_I,1,-0.025565991178154945,0.1329171508550644,3
1JRH_LH_I|TL94A,1JRH_LH_I,1JRH_LH_I,1,0.3852693736553192,0.8609543442726135,3
1JRH_LH_I|VI41A,1JRH_LH_I,1JRH_LH_I,1,1.6791568994522095,1.38552987575531,3
"1JRH_LH_I|VI73A,RI78K",1JRH_LH_I,1JRH_LH_I,1,-0.213606059551239,0.48601222038269043,3
1JRH_LH_I|WH54A,1JRH_LH_I,1JRH_LH_I,1,2.6862645149230957,1.5714513063430786,3
1JRH_LH_I|WH55A,1JRH_LH_I,1JRH_LH_I,1,2.4213178157806396,1.3112759590148926,3
1JRH_LH_I|WI46F,1JRH_LH_I,1JRH_LH_I,1,-0.2526121437549591,1.6138567924499512,3
1JRH_LH_I|WI46Y,1JRH_LH_I,1JRH_LH_I,1,0.2985297441482544,1.836042046546936,3
1JRH_LH_I|WI72A,1JRH_LH_I,1JRH_LH_I,1,4.429046154022217,2.298053503036499,3
1JRH_LH_I|WI72F,1JRH_LH_I,1JRH_LH_I,1,1.102707028388977,0.635927677154541,3
1JRH_LH_I|WI72Y,1JRH_LH_I,1JRH_LH_I,1,1.1878273487091064,1.2743500471115112,3
1JRH_LH_I|WL92A,1JRH_LH_I,1JRH_LH_I,1,2.8184070587158203,2.100440263748169,3
1JRH_LH_I|WL95A,1JRH_LH_I,1JRH_LH_I,1,1.666064739227295,1.3189033269882202,3
1JRH_LH_I|YH104A,1JRH_LH_I,1JRH_LH_I,1,1.06105637550354,0.9875466227531433,3
1JRH_LH_I|YH32A,1JRH_LH_I,1JRH_LH_I,1,1.4333101511001587,1.2253364324569702,3
1JRH_LH_I|YH60A,1JRH_LH_I,1JRH_LH_I,1,1.2555921077728271,1.7861367464065552,3
1JRH_LH_I|YI39A,1JRH_LH_I,1JRH_LH_I,1,3.52712345123291,4.161398410797119,3
1JRH_LH_I|YI39F,1JRH_LH_I,1JRH_LH_I,1,0.9087806940078735,2.133380889892578,3
1JRH_LH_I|YL30A,1JRH_LH_I,1JRH_LH_I,1,1.1084566116333008,0.9374251961708069,3
1JRH_LH_I|YL91A,1JRH_LH_I,1JRH_LH_I,1,0.580834150314331,2.973012924194336,3
1KIP_AB_C|AB32Y,1KIP_AB_C,1MLC_AB_E,0,-0.8005931973457336,-0.382444828748703,1
1KIQ_AB_C|FB101Y,1KIQ_AB_C,1MLC_AB_E,0,-2.4949588775634766,0.5238402485847473,4
1KIR_AB_C|SA50Y,1KIR_AB_C,1MLC_AB_E,0,-1.387094259262085,0.7575742602348328,3
1MHP_HL_A|FH99W,1MHP_HL_A,2B2X_HL_A,1,0.0,-0.32420051097869873,1
1MHP_HL_A|FH99Y,1MHP_HL_A,2B2X_HL_A,1,0.7546689510345459,-0.4000058174133301,1
1MHP_HL_A|GH100F,1MHP_HL_A,2B2X_HL_A,1,0.3890179693698883,-1.6947556734085083,1
1MHP_HL_A|GH100L,1MHP_HL_A,2B2X_HL_A,1,2.727121114730835,-1.1558703184127808,1
1MHP_HL_A|GH100M,1MHP_HL_A,2B2X_HL_A,1,0.10213402658700943,-0.9715017080307007,1
1MHP_HL_A|GH100S,1MHP_HL_A,2B2X_HL_A,1,0.557747483253479,-0.2818140685558319,1
1MHP_HL_A|GH53A,1MHP_HL_A,2B2X_HL_A,1,0.5126066207885742,0.1598076969385147,1
1MHP_HL_A|GH53N,1MHP_HL_A,2B2X_HL_A,1,1.2553133964538574,0.04912209510803223,1
1MHP_HL_A|GH53S,1MHP_HL_A,2B2X_HL_A,1,0.675593376159668,0.6261809468269348,1
1MHP_HL_A|GH54I,1MHP_HL_A,2B2X_HL_A,1,1.3635605573654175,-2.329575777053833,1
1MHP_HL_A|GH54T,1MHP_HL_A,2B2X_HL_A,1,1.164166808128357,-0.1999192237854004,1
1MHP_HL_A|GH54Y,1MHP_HL_A,2B2X_HL_A,1,0.0,-1.2532563209533691,1
1MHP_HL_A|GL91Q,1MHP_HL_A,2B2X_HL_A,1,1.5726850032806396,-1.2558517456054688,1
1MHP_HL_A|GL91S,1MHP_HL_A,2B2X_HL_A,1,0.5126066207885742,-0.6457597613334656,1
1MHP_HL_A|HL30K,1MHP_HL_A,2B2X_HL_A,1,1.164166808128357,-0.30547940731048584,1
1MHP_HL_A|HL30R,1MHP_HL_A,2B2X_HL_A,1,1.1237976551055908,-0.4775640666484833,1
1MHP_HL_A|HL30W,1MHP_HL_A,2B2X_HL_A,1,1.2553133964538574,-1.0685253143310547,1
1MHP_HL_A|KH64D,1MHP_HL_A,2B2X_HL_A,1,-0.1714419573545456,-0.03819611296057701,1
1MHP_HL_A|KH64E,1MHP_HL_A,2B2X_HL_A,1,-0.0776146724820137,-0.016929125413298607,1
"1MHP_HL_A|KH64E,SL27Q",1MHP_HL_A,2B2X_HL_A,1,-0.8568463325500488,-0.7024363279342651,1
"1MHP_HL_A|KH64E,SL27Q,NL51Y",1MHP_HL_A,2B2X_HL_A,1,-1.0191593170166016,-1.1453238725662231,1
1MHP_HL_A|KH64N,1MHP_HL_A,2B2X_HL_A,1,-0.03627144917845726,-0.06362616270780563,1
1MHP_HL_A|KH64Q,1MHP_HL_A,2B2X_HL_A,1,-0.0776146724820137,-0.1394871175289154,1
1MHP_HL_A|LH60D,1MHP_HL_A,2B2X_HL_A,1,-0.06131991744041443,1.0070282220840454,1
"1MHP_HL_A|LH60D,KH64E",1MHP_HL_A,2B2X_HL_A,1,-0.14180049300193787,-0.5916840434074402,1
"1MHP_HL_A|LH60D,KH64Q",1MHP_HL_A,2B2X_HL_A,1,0.0429893434047699,-0.885867178440094,1
1MHP_HL_A|LL48F,1MHP_HL_A,2B2X_HL_A,1,0.712279736995697,-0.4284187853336334,1
1MHP_HL_A|LL48K,1MHP_HL_A,2B2X_HL_A,1,0.8612009286880493,0.7425289750099182,1
1MHP_HL_A|LL48W,1MHP_HL_A,2B2X_HL_A,1,1.9075676202774048,-0.774321436882019,1
1MHP_HL_A|NL29V,1MHP_HL_A,2B2X_HL_A,1,1.0493295192718506,1.424862265586853,1
1MHP_HL_A|NL29W,1MHP_HL_A,2B2X_HL_A,1,1.5726850032806396,0.7529264092445374,1
1MHP_HL_A|NL29Y,1MHP_HL_A,2B2X_HL_A,1,1.9075676202774048,0.46221160888671875,1
"1MHP_HL_A|NL29Y,SL90I",1MHP_HL_A,2B2X_HL_A,1,0.4343681335449219,1.6042530536651611,1
1MHP_HL_A|NL51D,1MHP_HL_A,2B2X_HL_A,1,0.5007625222206116,0.06626299768686295,1
1MHP_HL_A|NL51E,1MHP_HL_A,2B2X_HL_A,1,-0.08868487179279327,-0.07213389873504639,1
1MHP_HL_A|NL51K,1MHP_HL_A,2B2X_HL_A,1,0.657509982585907,0.30847451090812683,1
1MHP_HL_A|NL51R,1MHP_HL_A,2B2X_HL_A,1,0.8448407649993896,-0.13640755414962769,1
1MHP_HL_A|NL51Y,1MHP_HL_A,2B2X_HL_A,1,-0.05162489041686058,-0.14524595439434052,1
1MHP_HL_A|RH31Q,1MHP_HL_A,2B2X_HL_A,1,1.3073281049728394,0.35674136877059937,1
1MHP_HL_A|SH35A,1MHP_HL_A,2B2X_HL_A,1,1.5726850032806396,-0.6191403269767761,1
"1MHP_HL_A|SH35A,GH102S",1MHP_HL_A,2B2X_HL_A,1,1.5726850032806396,0.8584813475608826,1
1MHP_HL_A|SH35Q,1MHP_HL_A,2B2X_HL_A,1,2.727121114730835,-1.5522977113723755,1
"1MHP_HL_A|SH35V,GH102S",1MHP_HL_A,2B2X_HL_A,1,1.4256749153137207,-0.20673444867134094,1
1MHP_HL_A|SH52M,1MHP_HL_A,2B2X_HL_A,1,2.0758402347564697,0.6779739856719971,1
1MHP_HL_A|SL23R,1MHP_HL_A,2B2X_HL_A,1,-0.2153322845697403,-0.14607737958431244,1
1MHP_HL_A|SL27Q,1MHP_HL_A,2B2X_HL_A,1,-0.6661127209663391,0.02965734526515007,1
1MHP_HL_A|SL90Q,1MHP_HL_A,2B2X_HL_A,1,1.7740331888198853,1.5927774906158447,1
1MHP_HL_A|SL90R,1MHP_HL_A,2B2X_HL_A,1,2.727121114730835,1.3434877395629883,1
"1MHP_HL_A|SL90R,NL29E",1MHP_HL_A,2B2X_HL_A,1,2.727121114730835,1.8409018516540527,1
1MHP_HL_A|SL90T,1MHP_HL_A,2B2X_HL_A,1,2.316648483276367,1.571205735206604,1
"1MHP_HL_A|TH33E,GH53Q",1MHP_HL_A,2B2X_HL_A,1,1.6674565076828003,1.7956550121307373,1
"1MHP_HL_A|TH33I,SH52T,GH53N,GH54N",1MHP_HL_A,2B2X_HL_A,1,1.9075676202774048,0.694210946559906,1
"1MHP_HL_A|TH33I,SH52T,GH53Q,GH54F",1MHP_HL_A,2B2X_HL_A,1,1.2553133964538574,0.6772828102111816,1
1MHP_HL_A|TH33N,1MHP_HL_A,2B2X_HL_A,1,2.727121114730835,2.438471555709839,1
1MHP_HL_A|TH33V,1MHP_HL_A,2B2X_HL_A,1,0.4343681335449219,1.490946888923645,1
1MHP_HL_A|TH50V,1MHP_HL_A,2B2X_HL_A,1,-0.13159887492656708,0.17302066087722778,1
"1MHP_HL_A|TH50V,GH102S",1MHP_HL_A,2B2X_HL_A,1,1.6674565076828003,0.08084159344434738,1
"1MHP_HL_A|TH50V,KH64E",1MHP_HL_A,2B2X_HL_A,1,-0.180519700050354,-0.05284981429576874,1
"1MHP_HL_A|TH50V,KH64E,SL27Q,NL51E",1MHP_HL_A,2B2X_HL_A,1,-1.2673189640045166,-1.2005352973937988,1
"1MHP_HL_A|TH50V,KH64E,SL27Q,NL51Y",1MHP_HL_A,2B2X_HL_A,1,-1.0844950675964355,-1.2762107849121094,1
"1MHP_HL_A|TH50V,SH35A",1MHP_HL_A,2B2X_HL_A,1,2.0758402347564697,1.0507128238677979,1
"1MHP_HL_A|TH50V,SH35V",1MHP_HL_A,2B2X_HL_A,1,2.727121114730835,0.4411587417125702,1
"1MHP_HL_A|TH50V,SL27Q",1MHP_HL_A,2B2X_HL_A,1,-0.6946839094161987,-0.8551393747329712,1
"1MHP_HL_A|TH50V,SL27Q,NL51Y",1MHP_HL_A,2B2X_HL_A,1,-1.0235296487808228,-1.3093780279159546,1
1MHP_HL_A|WL89Q,1MHP_HL_A,2B2X_HL_A,1,2.0758402347564697,2.5827243328094482,1
"1MHP_HL_A|WL89Q,FL32Y",1MHP_HL_A,2B2X_HL_A,1,0.8710190057754517,0.1655917763710022,1
1MHP_HL_A|YH58E,1MHP_HL_A,2B2X_HL_A,1,2.0758402347564697,1.9326038360595703,1
1MHP_HL_A|YH58Q,1MHP_HL_A,2B2X_HL_A,1,2.0758402347564697,1.5455857515335083,1
1MHP_HL_A|YH58W,1MHP_HL_A,2B2X_HL_A,1,0.8209452629089355,1.6172722578048706,1
1MHP_HL_A|YH59E,1MHP_HL_A,2B2X_HL_A,1,0.5440070629119873,1.0656193494796753,1
1MLC_AB_E|KB65D,1MLC_AB_E,1MLC_AB_E,0,0.0185487549751997,-0.29499581456184387,3
1MLC_AB_E|NA32G,1MLC_AB_E,1MLC_AB_E,0,-0.8773866891860962,1.4485197067260742,3
"1MLC_AB_E|NA32G,NA92A",1MLC_AB_E,1MLC_AB_E,0,-0.6866530776023865,1.3530631065368652,3
"1MLC_AB_E|NA32G,NA92A,SB57V,TB58D",1MLC_AB_E,1MLC_AB_E,0,-1.7349737882614136,0.322609007358551,3
1MLC_AB_E|NA32Y,1MLC_AB_E,1MLC_AB_E,0,0.0,1.4164857864379883,3
1MLC_AB_E|NA92A,1MLC_AB_E,1MLC_AB_E,0,-1.253353238105774,1.1972931623458862,3
"1MLC_AB_E|NA92A,SB57V,TB58D",1MLC_AB_E,1MLC_AB_E,0,-2.3941879272460938,0.5054194927215576,3
"1MLC_AB_E|NA92A,TB28D,SB57V,TB58D",1MLC_AB_E,1MLC_AB_E,0,-2.581364393234253,-0.017146816477179527,3
"1MLC_AB_E|NA92A,TB28D,SB57V,TB58D,EB35S",1MLC_AB_E,1MLC_AB_E,0,1.9061758518218994,0.9738125801086426,3
"1MLC_AB_E|NA92A,TB28D,SB57V,TB58D,EB35S,GB99D",1MLC_AB_E,1MLC_AB_E,0,-2.9539241790771484,1.0021376609802246,3
"1MLC_AB_E|NA92A,TB28D,SB57V,TB58D,GB99D",1MLC_AB_E,1MLC_AB_E,0,-0.2035769820213318,0.31651386618614197,3
"1MLC_AB_E|NA92A,TB28D,SB57V,TB58D,NA32L",1MLC_AB_E,1MLC_AB_E,0,-2.58430814743042,0.1898081749677658,3
"1MLC_AB_E|NA92A,TB28D,SB57V,TB58D,RB98M,DB100Q",1MLC_AB_E,1MLC_AB_E,0,-0.4104726314544678,-0.43098798394203186,3
"1MLC_AB_E|NA92A,TB28D,SB57V,TB58D,SA91N",1MLC_AB_E,1MLC_AB_E,0,1.8497344255447388,-0.3602468967437744,3
"1MLC_AB_E|NA92A,TB28D,SB57V,TB58D,SA91N,SA93A",1MLC_AB_E,1MLC_AB_E,0,-1.6104395389556885,-1.1167322397232056,3
"1MLC_AB_E|NA92A,TB28D,SB57V,TB58D,SB30G",1MLC_AB_E,1MLC_AB_E,0,-2.3584673404693604,-1.216852068901062,3
"1MLC_AB_E|NA92A,TB28D,SB57V,TB58D,YB32R,RB98S",1MLC_AB_E,1MLC_AB_E,0,1.8497344255447388,0.7867140769958496,3
"1MLC_AB_E|NA92A,TB28D,SB57V,TB58D,YB32W,RB98V,DB100Q",1MLC_AB_E,1MLC_AB_E,0,0.3613876402378082,-0.8721628785133362,3
"1MLC_AB_E|NA92A,TB28D,SB57V,TB58D,YB59E",1MLC_AB_E,1MLC_AB_E,0,-1.466169834136963,0.7482655048370361,3
1MLC_AB_E|SB57A,1MLC_AB_E,1MLC_AB_E,0,-0.37902167439460754,0.3558521568775177,3
1MLC_AB_E|SB57V,1MLC_AB_E,1MLC_AB_E,0,-0.49418067932128906,0.24882131814956665,3
"1MLC_AB_E|SB57V,TB58D",1MLC_AB_E,1MLC_AB_E,0,-0.9877285957336426,-0.07065293937921524,3
1MLC_AB_E|TB28D,1MLC_AB_E,1MLC_AB_E,0,-0.1509438306093216,-0.3720494210720062,3
1MLC_AB_E|TB31A,1MLC_AB_E,1MLC_AB_E,0,0.4470067322254181,-0.6968851089477539,3
1MLC_AB_E|TB31V,1MLC_AB_E,1MLC_AB_E,0,0.5262404084205627,-0.6033487319946289,3
1MLC_AB_E|TB31W,1MLC_AB_E,1MLC_AB_E,0,0.13214267790317535,-0.47081127762794495,3
1MLC_AB_E|TB58D,1MLC_AB_E,1MLC_AB_E,0,-0.5596823692321777,0.05380752682685852,3
1N8Z_AB_C|DB102W,1N8Z_AB_C,3N85_A_LH,3,-0.7130294442176819,-0.1503371149301529,3
1N8Z_AB_C|FC539A,1N8Z_AB_C,3N85_A_LH,3,0.03510282561182976,0.40847015380859375,3
1N8Z_AB_C|HA91F,1N8Z_AB_C,3N85_A_LH,3,0.03423287719488144,0.5940370559692383,3
1N8Z_AB_C|LC509A,1N8Z_AB_C,3N85_A_LH,3,-0.023045197129249573,0.06199377775192261,3
1N8Z_AB_C|NA30S,1N8Z_AB_C,3N85_A_LH,3,0.06666316837072372,0.7368125915527344,3
"1N8Z_AB_C|NA30S,HA91F,YA92W",1N8Z_AB_C,3N85_A_LH,3,-0.07476232200860977,0.18215645849704742,3
"1N8Z_AB_C|NA30S,HA91F,YA92W,TA94S,DB102W,YB105F,YB109V",1N8Z_AB_C,3N85_A_LH,3,0.05066140368580818,1.3345451354980469,3
1N8Z_AB_C|RB50A,1N8Z_AB_C,3N85_A_LH,3,2.975475788116455,1.6852130889892578,3
1N8Z_AB_C|RB59A,1N8Z_AB_C,3N85_A_LH,3,1.803798794746399,1.0273208618164062,3
1N8Z_AB_C|SC535A,1N8Z_AB_C,3N85_A_LH,3,0.03082709200680256,-0.605192244052887,3
1N8Z_AB_C|TA94S,1N8Z_AB_C,3N85_A_LH,3,0.3216860294342041,0.4132274091243744,3
1N8Z_AB_C|VC536A,1N8Z_AB_C,3N85_A_LH,3,0.00897269882261753,-0.2003438025712967,3
1N8Z_AB_C|YB105F,1N8Z_AB_C,3N85_A_LH,3,0.8540034294128418,0.33999529480934143,3
1N8Z_AB_C|YB109V,1N8Z_AB_C,3N85_A_LH,3,0.2319227159023285,-0.18066029250621796,3
1NCA_N_LH|DH101K,1NCA_N_LH,1NMB_N_LH,1,0.7141600251197815,3.9848415851593018,3
1NCA_N_LH|EH100D,1NCA_N_LH,1NMB_N_LH,1,0.4104726314544678,2.762587308883667,3
1NCA_N_LH|NH102Q,1NCA_N_LH,1NMB_N_LH,1,0.5426152944564819,1.2178460359573364,3
1NCA_N_LH|NH31Q,1NCA_N_LH,1NMB_N_LH,1,0.0,-0.3290351331233978,3
1NMB_N_LH|DH57E,1NMB_N_LH,1NMB_N_LH,1,2.9536283016204834,1.0877881050109863,3
1NMB_N_LH|DH57N,1NMB_N_LH,1NMB_N_LH,1,2.9536283016204834,1.2643307447433472,3
1NMB_N_LH|LL94V,1NMB_N_LH,1NMB_N_LH,1,0.9000207781791687,0.10913196951150894,3
1NMB_N_LH|TL93F,1NMB_N_LH,1NMB_N_LH,1,-0.02390316128730774,0.41731810569763184,3
1NMB_N_LH|TL93W,1NMB_N_LH,1NMB_N_LH,1,0.184190034866333,0.3462165296077728,3
1NMB_N_LH|YH103A,1NMB_N_LH,1NMB_N_LH,1,2.140619993209839,0.41196027398109436,3
1NMB_N_LH|YH105F,1NMB_N_LH,1NMB_N_LH,1,1.4194101095199585,0.9452347755432129,3
1NMB_N_LH|YL32F,1NMB_N_LH,1NMB_N_LH,1,0.4663221538066864,1.6306371688842773,3
1VFB_AB_C|DB100A,1VFB_AB_C,1MLC_AB_E,0,3.005002021789551,1.049086332321167,4
"1VFB_AB_C|DB100A,SC24A",1VFB_AB_C,1MLC_AB_E,0,3.369755983352661,1.1806522607803345,4
1VFB_AB_C|DB54A,1VFB_AB_C,1MLC_AB_E,0,0.8151113986968994,0.665273129940033,4
"1VFB_AB_C|DB54A,TC118A",1VFB_AB_C,1MLC_AB_E,0,1.2546439170837402,0.907018780708313,4
1VFB_AB_C|DB58A,1VFB_AB_C,1MLC_AB_E,0,-0.20700332522392273,0.5625848174095154,4
1VFB_AB_C|DB58E,1VFB_AB_C,1MLC_AB_E,0,0.07808109372854233,0.3644006848335266,4
1VFB_AB_C|DB58N,1VFB_AB_C,1MLC_AB_E,0,-0.1281815469264984,0.5953131318092346,4
1VFB_AB_C|DC119A,1VFB_AB_C,1MLC_AB_E,0,0.9530879259109497,0.6600015163421631,4
1VFB_AB_C|DC18A,1VFB_AB_C,1MLC_AB_E,0,0.3401305675506592,1.7619972229003906,4
1VFB_AB_C|EB98A,1VFB_AB_C,1MLC_AB_E,0,1.1565572023391724,0.5763028860092163,4
1VFB_AB_C|GB31A,1VFB_AB_C,1MLC_AB_E,0,0.3064653277397156,-0.3126971423625946,4
1VFB_AB_C|GB31E,1VFB_AB_C,1MLC_AB_E,0,-0.5097612738609314,0.40412628650665283,4
1VFB_AB_C|GB31W,1VFB_AB_C,1MLC_AB_E,0,0.003961130511015654,0.3177529573440552,4
1VFB_AB_C|HA30A,1VFB_AB_C,1MLC_AB_E,0,0.8448825478553772,0.38963714241981506,4
1VFB_AB_C|IC124A,1VFB_AB_C,1MLC_AB_E,0,1.2314178943634033,0.8425520658493042,4
1VFB_AB_C|KC116A,1VFB_AB_C,1MLC_AB_E,0,0.7134503722190857,1.863570213317871,4
1VFB_AB_C|LA46D,1VFB_AB_C,1MLC_AB_E,0,5.628564834594727,0.069278784096241,4
1VFB_AB_C|LA46E,1VFB_AB_C,1MLC_AB_E,0,5.628564834594727,0.25124385952949524,4
1VFB_AB_C|LC129A,1VFB_AB_C,1MLC_AB_E,0,0.17154471576213837,1.4928737878799438,4
1VFB_AB_C|NA31W,1VFB_AB_C,1MLC_AB_E,0,0.17432266473770142,1.4093965291976929,4
1VFB_AB_C|NB56A,1VFB_AB_C,1MLC_AB_E,0,0.17771798372268677,-0.3295929729938507,4
1VFB_AB_C|NC19A,1VFB_AB_C,1MLC_AB_E,0,0.39608681201934814,0.3473215103149414,4
1VFB_AB_C|QC121A,1VFB_AB_C,1MLC_AB_E,0,2.876997947692871,2.036616325378418,4
1VFB_AB_C|RB99A,1VFB_AB_C,1MLC_AB_E,0,-0.0997353047132492,0.6679882407188416,4
1VFB_AB_C|RB99W,1VFB_AB_C,1MLC_AB_E,0,0.7049741744995117,0.2696613669395447,4
1VFB_AB_C|RB99Y,1VFB_AB_C,1MLC_AB_E,0,1.2353789806365967,0.3481670022010803,4
1VFB_AB_C|RC125A,1VFB_AB_C,1MLC_AB_E,0,1.8368998765945435,1.1040931940078735,4
1VFB_AB_C|SA93A,1VFB_AB_C,1MLC_AB_E,0,0.3431239426136017,-0.5976343154907227,4
1VFB_AB_C|SB28D,1VFB_AB_C,1MLC_AB_E,0,0.0,-0.15607485175132751,4
1VFB_AB_C|SB28E,1VFB_AB_C,1MLC_AB_E,0,-0.1040072962641716,0.118870310485363,4
1VFB_AB_C|SB28N,1VFB_AB_C,1MLC_AB_E,0,0.14394745230674744,-0.1282297968864441,4
1VFB_AB_C|SB28Q,1VFB_AB_C,1MLC_AB_E,0,0.07808109372854233,0.7298263907432556,4
1VFB_AB_C|SC24A,1VFB_AB_C,1MLC_AB_E,0,0.8509650230407715,0.6793667078018188,4
1VFB_AB_C|TA52F,1VFB_AB_C,1MLC_AB_E,0,0.47087520360946655,0.4033713638782501,4
1VFB_AB_C|TA53R,1VFB_AB_C,1MLC_AB_E,0,1.6458516120910645,1.4810192584991455,4
1VFB_AB_C|TB30A,1VFB_AB_C,1MLC_AB_E,0,-0.05584954097867012,-0.9044947028160095,4
1VFB_AB_C|TC118A,1VFB_AB_C,1MLC_AB_E,0,0.7650957107543945,-0.09386099874973297,4
1VFB_AB_C|VC120A,1VFB_AB_C,1MLC_AB_E,0,0.9169499278068542,0.7088398933410645,4
1VFB_AB_C|WA92A,1VFB_AB_C,1MLC_AB_E,0,3.0378479957580566,1.9526090621948242,4
"1VFB_AB_C|WA92A,IC124A",1VFB_AB_C,1MLC_AB_E,0,3.8503336906433105,1.759239673614502,4
"1VFB_AB_C|WA92A,LC129A",1VFB_AB_C,1MLC_AB_E,0,3.3073627948760986,2.4888558387756348,4
"1VFB_AB_C|WA92A,QC121A",1VFB_AB_C,1MLC_AB_E,0,3.5189366340637207,2.9470412731170654,4
"1VFB_AB_C|WA92A,RC125A",1VFB_AB_C,1MLC_AB_E,0,3.393289566040039,2.432286024093628,4
1VFB_AB_C|WB52A,1VFB_AB_C,1MLC_AB_E,0,0.640627384185791,2.663369655609131,4
"1VFB_AB_C|WB52A,DC119A",1VFB_AB_C,1MLC_AB_E,0,2.2473723888397217,3.144613742828369,4
1VFB_AB_C|YA32A,1VFB_AB_C,1MLC_AB_E,0,1.528133511543274,2.8299272060394287,4
"1VFB_AB_C|YA32A,IC124A",1VFB_AB_C,1MLC_AB_E,0,2.9057157039642334,2.4076616764068604,4
"1VFB_AB_C|YA32A,QC121A",1VFB_AB_C,1MLC_AB_E,0,1.58604097366333,4.462634563446045,4
1VFB_AB_C|YA32W,1VFB_AB_C,1MLC_AB_E,0,5.628564834594727,2.32039213180542,4
1VFB_AB_C|YA49A,1VFB_AB_C,1MLC_AB_E,0,0.7975415587425232,1.0715782642364502,4
1VFB_AB_C|YA50A,1VFB_AB_C,1MLC_AB_E,0,0.45608600974082947,2.4581637382507324,4
"1VFB_AB_C|YA50A,DC119A",1VFB_AB_C,1MLC_AB_E,0,1.2314178943634033,2.5269241333007812,4
"1VFB_AB_C|YA50A,DC18A",1VFB_AB_C,1MLC_AB_E,0,1.2659239768981934,3.0585312843322754,4
1VFB_AB_C|YA50K,1VFB_AB_C,1MLC_AB_E,0,1.7156012058258057,2.175839424133301,4
1VFB_AB_C|YA50R,1VFB_AB_C,1MLC_AB_E,0,0.8443241119384766,2.267503023147583,4
1VFB_AB_C|YB101F,1VFB_AB_C,1MLC_AB_E,0,1.2695643901824951,1.2860913276672363,4
"1VFB_AB_C|YB101F,DC119A",1VFB_AB_C,1MLC_AB_E,0,2.736521005630493,1.105067491531372,4
"1VFB_AB_C|YB101F,VC120A",1VFB_AB_C,1MLC_AB_E,0,2.538477659225464,1.774503469467163,4
1VFB_AB_C|YB32A,1VFB_AB_C,1MLC_AB_E,0,0.791679322719574,0.9928728342056274,4
"1VFB_AB_C|YB32A,KC116A",1VFB_AB_C,1MLC_AB_E,0,1.58604097366333,1.8358489274978638,4
1VFB_AB_C|YB32E,1VFB_AB_C,1MLC_AB_E,0,1.9021880626678467,0.6755555272102356,4
1VFB_AB_C|YC23A,1VFB_AB_C,1MLC_AB_E,0,0.4104726314544678,0.9660642743110657,4
1XGP_AB_C|AB33F,1XGP_AB_C,1MLC_AB_E,0,-4.060661792755127,1.1017725467681885,1
1XGP_AB_C|AB33I,1XGP_AB_C,1MLC_AB_E,0,-2.260206937789917,1.3578885793685913,1
1XGP_AB_C|AB33L,1XGP_AB_C,1MLC_AB_E,0,-2.1988916397094727,1.9457695484161377,1
1XGP_AB_C|AB33V,1XGP_AB_C,1MLC_AB_E,0,-1.1525793075561523,1.18942391872406,1
1XGQ_AB_C|VB33A,1XGQ_AB_C,1MLC_AB_E,0,1.1525793075561523,0.3587580919265747,5
1XGQ_AB_C|VB33F,1XGQ_AB_C,1MLC_AB_E,0,-2.9080824851989746,-0.064266636967659,5
1XGQ_AB_C|VB33I,1XGQ_AB_C,1MLC_AB_E,0,-1.1076277494430542,0.1746220588684082,5
1XGQ_AB_C|VB33L,1XGQ_AB_C,1MLC_AB_E,0,-1.0463123321533203,0.7895340323448181,5
1XGR_AB_C|IB33A,1XGR_AB_C,1MLC_AB_E,0,2.260206937789917,0.6248596906661987,2
1XGR_AB_C|IB33F,1XGR_AB_C,1MLC_AB_E,0,-1.80045485496521,-0.0016050226986408234,2
1XGR_AB_C|IB33L,1XGR_AB_C,1MLC_AB_E,0,0.061315424740314484,0.8867746591567993,2
1XGR_AB_C|IB33V,1XGR_AB_C,1MLC_AB_E,0,1.1076277494430542,0.10233941674232483,2
1XGT_AB_C|LB33A,1XGT_AB_C,1MLC_AB_E,0,2.1988916397094727,1.642119288444519,1
1XGT_AB_C|LB33F,1XGT_AB_C,1MLC_AB_E,0,-1.8617702722549438,0.20344610512256622,1
1XGT_AB_C|LB33I,1XGT_AB_C,1MLC_AB_E,0,-0.061315424740314484,1.4791388511657715,1
1XGT_AB_C|LB33V,1XGT_AB_C,1MLC_AB_E,0,1.0463123321533203,0.5379449129104614,1
1XGU_AB_C|FB33A,1XGU_AB_C,1MLC_AB_E,0,4.060661792755127,1.7841774225234985,4
1XGU_AB_C|FB33I,1XGU_AB_C,1MLC_AB_E,0,1.80045485496521,1.4625368118286133,4
1XGU_AB_C|FB33L,1XGU_AB_C,1MLC_AB_E,0,1.8617702722549438,2.0599284172058105,4
1XGU_AB_C|FB33V,1XGU_AB_C,1MLC_AB_E,0,2.9080824851989746,1.8402544260025024,4
1YQV_HL_Y|RY45K,1YQV_HL_Y,1MLC_AB_E,0,1.8995040655136108,2.5676703453063965,2
"1YQV_HL_Y|RY68K,TY40S,IY55V,SY91T",1YQV_HL_Y,1MLC_AB_E,0,5.102064609527588,1.3812708854675293,2
"1YQV_HL_Y|RY68K,TY40S,IY55V,SY91T,QY121H",1YQV_HL_Y,1MLC_AB_E,0,0.0,1.4970773458480835,2
1YY9_CD_A|AC25P,1YY9_CD_A,3N85_A_LH,3,0.07225564867258072,-1.1471657752990723,3
1YY9_CD_A|AD98P,1YY9_CD_A,3N85_A_LH,3,1.0372272729873657,-0.657087504863739,3
1YY9_CD_A|GD54P,1YY9_CD_A,3N85_A_LH,3,0.2680704593658447,0.1821461170911789,3
1YY9_CD_A|LD29P,1YY9_CD_A,3N85_A_LH,3,0.03082709200680256,1.374655842781067,3
1YY9_CD_A|NC93A,1YY9_CD_A,3N85_A_LH,3,-0.7418697476387024,0.9472560286521912,3
1YY9_CD_A|ND56A,1YY9_CD_A,3N85_A_LH,3,-0.057046014815568924,1.821302056312561,3
1YY9_CD_A|SC26D,1YY9_CD_A,3N85_A_LH,3,-0.19925442337989807,0.42633184790611267,3
"1YY9_CD_A|SC26D,TC31E,NC93A",1YY9_CD_A,3N85_A_LH,3,-1.3329436779022217,-0.26902422308921814,3
"1YY9_CD_A|SC26D,TC31E,NC93A,ND56A,TD61E",1YY9_CD_A,3N85_A_LH,3,-0.6517934799194336,-0.01556771993637085,3
1YY9_CD_A|SC26P,1YY9_CD_A,3N85_A_LH,3,-0.00911074597388506,0.14274421334266663,3
1YY9_CD_A|SC28P,1YY9_CD_A,3N85_A_LH,3,-0.22229962050914764,-1.1814579963684082,3
1YY9_CD_A|SC54P,1YY9_CD_A,3N85_A_LH,3,-0.01836385391652584,-0.8441174626350403,3
1YY9_CD_A|SD53P,1YY9_CD_A,3N85_A_LH,3,0.8175451159477234,-0.13885703682899475,3
1YY9_CD_A|TC31E,1YY9_CD_A,3N85_A_LH,3,-0.5189246535301208,-0.07894875854253769,3
"1YY9_CD_A|TC31E,NC93A",1YY9_CD_A,3N85_A_LH,3,-0.8185330629348755,0.12443971633911133,3
1YY9_CD_A|TC96P,1YY9_CD_A,3N85_A_LH,3,4.003150939941406,0.14116160571575165,3
1YY9_CD_A|TD61E,1YY9_CD_A,3N85_A_LH,3,-0.057046014815568924,-0.5694386959075928,3
1YY9_CD_A|WD52P,1YY9_CD_A,3N85_A_LH,3,1.478271245956421,1.6598538160324097,3
1YY9_CD_A|YD101P,1YY9_CD_A,3N85_A_LH,3,1.6514195203781128,0.4787079989910126,3
2B2X_HL_A|EH64K,2B2X_HL_A,2B2X_HL_A,1,-0.033433664590120316,0.29164406657218933,1
"2B2X_HL_A|EH64K,QL28S,YL52N",2B2X_HL_A,2B2X_HL_A,1,0.9116150140762329,-0.23179733753204346,1
"2B2X_HL_A|EH64K,QL28S,YL52N,GH102S",2B2X_HL_A,2B2X_HL_A,1,2.7106704711914062,-0.11358489096164703,1
"2B2X_HL_A|EH64K,QL28S,YL52N,SH35A",2B2X_HL_A,2B2X_HL_A,1,3.119054079055786,0.6415821313858032,1
"2B2X_HL_A|EH64K,QL28S,YL52N,SH35V",2B2X_HL_A,2B2X_HL_A,1,3.7703349590301514,0.6084407567977905,1
"2B2X_HL_A|EH64K,YL52N",2B2X_HL_A,2B2X_HL_A,1,0.34853002429008484,-0.1568477749824524,1
"2B2X_HL_A|QL28S,YL52N",2B2X_HL_A,2B2X_HL_A,1,0.8626942038536072,0.5714738368988037,1
2B2X_HL_A|VH50T,2B2X_HL_A,2B2X_HL_A,1,0.024054652079939842,0.35642382502555847,1
"2B2X_HL_A|VH50T,EH64D,QL28S,YL52N",2B2X_HL_A,2B2X_HL_A,1,0.8717719316482544,-0.09690488874912262,1
"2B2X_HL_A|VH50T,EH64K,QL28S",2B2X_HL_A,2B2X_HL_A,1,0.9915890097618103,-0.21179711818695068,1
"2B2X_HL_A|VH50T,EH64K,QL28S,YL52D",2B2X_HL_A,2B2X_HL_A,1,1.5439764261245728,0.07783893495798111,1
"2B2X_HL_A|VH50T,EH64K,QL28S,YL52E",2B2X_HL_A,2B2X_HL_A,1,0.9545290470123291,0.08531294763088226,1
"2B2X_HL_A|VH50T,EH64K,QL28S,YL52K",2B2X_HL_A,2B2X_HL_A,1,1.7007238864898682,0.1289818286895752,1
"2B2X_HL_A|VH50T,EH64K,QL28S,YL52N",2B2X_HL_A,2B2X_HL_A,1,1.043213963508606,0.13646326959133148,1
"2B2X_HL_A|VH50T,EH64K,QL28S,YL52N,FH99W",2B2X_HL_A,2B2X_HL_A,1,1.043213963508606,-0.4269970655441284,1
"2B2X_HL_A|VH50T,EH64K,QL28S,YL52N,FH99Y",2B2X_HL_A,2B2X_HL_A,1,1.7978827953338623,-0.5033403635025024,1
"2B2X_HL_A|VH50T,EH64K,QL28S,YL52N,GH100F",2B2X_HL_A,2B2X_HL_A,1,1.4322319030761719,-1.3581658601760864,1
"2B2X_HL_A|VH50T,EH64K,QL28S,YL52N,GH100L",2B2X_HL_A,2B2X_HL_A,1,3.7703349590301514,-1.0096230506896973,1
"2B2X_HL_A|VH50T,EH64K,QL28S,YL52N,GH100M",2B2X_HL_A,2B2X_HL_A,1,1.1453479528427124,-1.0112299919128418,1
"2B2X_HL_A|VH50T,EH64K,QL28S,YL52N,GH100S",2B2X_HL_A,2B2X_HL_A,1,1.600961446762085,-0.3011232316493988,1
"2B2X_HL_A|VH50T,EH64K,QL28S,YL52N,GH53A",2B2X_HL_A,2B2X_HL_A,1,1.5558205842971802,0.39608412981033325,1
"2B2X_HL_A|VH50T,EH64K,QL28S,YL52N,GH53N",2B2X_HL_A,2B2X_HL_A,1,2.298527240753174,0.5755957961082458,1
"2B2X_HL_A|VH50T,EH64K,QL28S,YL52N,GH53S",2B2X_HL_A,2B2X_HL_A,1,1.718807339668274,0.9673662185668945,1
"2B2X_HL_A|VH50T,EH64K,QL28S,YL52N,GH54I",2B2X_HL_A,2B2X_HL_A,1,2.4067745208740234,0.04474998638033867,1
"2B2X_HL_A|VH50T,EH64K,QL28S,YL52N,GH54T",2B2X_HL_A,2B2X_HL_A,1,2.207380771636963,0.7107017636299133,1
"2B2X_HL_A|VH50T,EH64K,QL28S,YL52N,GH54Y",2B2X_HL_A,2B2X_HL_A,1,1.043213963508606,0.1296742558479309,1
"2B2X_HL_A|VH50T,EH64K,QL28S,YL52N,GL92Q",2B2X_HL_A,2B2X_HL_A,1,2.615898847579956,-0.4312173128128052,1
"2B2X_HL_A|VH50T,EH64K,QL28S,YL52N,GL92S",2B2X_HL_A,2B2X_HL_A,1,1.5558205842971802,-0.007001879625022411,1
"2B2X_HL_A|VH50T,EH64K,QL28S,YL52N,HL31K",2B2X_HL_A,2B2X_HL_A,1,2.207380771636963,0.028089843690395355,1
"2B2X_HL_A|VH50T,EH64K,QL28S,YL52N,HL31R",2B2X_HL_A,2B2X_HL_A,1,2.1670114994049072,0.1894356906414032,1
"2B2X_HL_A|VH50T,EH64K,QL28S,YL52N,HL31W",2B2X_HL_A,2B2X_HL_A,1,2.298527240753174,-0.2811792194843292,1
"2B2X_HL_A|VH50T,EH64K,QL28S,YL52N,LH60D",2B2X_HL_A,2B2X_HL_A,1,0.9818940162658691,0.42636972665786743,1
"2B2X_HL_A|VH50T,EH64K,QL28S,YL52N,LL49F",2B2X_HL_A,2B2X_HL_A,1,1.7554936408996582,0.11863590776920319,1
"2B2X_HL_A|VH50T,EH64K,QL28S,YL52N,LL49K",2B2X_HL_A,2B2X_HL_A,1,1.9044148921966553,1.0636802911758423,1
"2B2X_HL_A|VH50T,EH64K,QL28S,YL52N,LL49W",2B2X_HL_A,2B2X_HL_A,1,2.9507815837860107,0.38333550095558167,1
"2B2X_HL_A|VH50T,EH64K,QL28S,YL52N,NL30V",2B2X_HL_A,2B2X_HL_A,1,2.092543363571167,0.4223230183124542,1
"2B2X_HL_A|VH50T,EH64K,QL28S,YL52N,NL30W",2B2X_HL_A,2B2X_HL_A,1,2.615898847579956,0.1568518429994583,1
"2B2X_HL_A|VH50T,EH64K,QL28S,YL52N,NL30Y",2B2X_HL_A,2B2X_HL_A,1,2.9507815837860107,0.43028128147125244,1
"2B2X_HL_A|VH50T,EH64K,QL28S,YL52N,NL30Y,SL91I",2B2X_HL_A,2B2X_HL_A,1,1.4775820970535278,-0.2720144987106323,1
"2B2X_HL_A|VH50T,EH64K,QL28S,YL52N,RH31Q",2B2X_HL_A,2B2X_HL_A,1,2.3505420684814453,0.5774971842765808,1
"2B2X_HL_A|VH50T,EH64K,QL28S,YL52N,SH35A",2B2X_HL_A,2B2X_HL_A,1,2.615898847579956,1.0912691354751587,1
"2B2X_HL_A|VH50T,EH64K,QL28S,YL52N,SH35A,GH102S",2B2X_HL_A,2B2X_HL_A,1,2.615898847579956,1.1318809986114502,1
"2B2X_HL_A|VH50T,EH64K,QL28S,YL52N,SH35Q",2B2X_HL_A,2B2X_HL_A,1,3.7703349590301514,0.6972255706787109,1
"2B2X_HL_A|VH50T,EH64K,QL28S,YL52N,SH35V,GH102S",2B2X_HL_A,2B2X_HL_A,1,2.468888759613037,1.0226991176605225,1
"2B2X_HL_A|VH50T,EH64K,QL28S,YL52N,SH52M",2B2X_HL_A,2B2X_HL_A,1,3.119054079055786,1.4141159057617188,1
"2B2X_HL_A|VH50T,EH64K,QL28S,YL52N,SL24R",2B2X_HL_A,2B2X_HL_A,1,0.8278816342353821,-0.14458227157592773,1
"2B2X_HL_A|VH50T,EH64K,QL28S,YL52N,SL91Q",2B2X_HL_A,2B2X_HL_A,1,2.817247152328491,-0.7406589984893799,1
"2B2X_HL_A|VH50T,EH64K,QL28S,YL52N,SL91R",2B2X_HL_A,2B2X_HL_A,1,3.7703349590301514,-0.3872591555118561,1
"2B2X_HL_A|VH50T,EH64K,QL28S,YL52N,SL91R,NL30E",2B2X_HL_A,2B2X_HL_A,1,3.7703349590301514,1.292698621749878,1
"2B2X_HL_A|VH50T,EH64K,QL28S,YL52N,SL91T",2B2X_HL_A,2B2X_HL_A,1,3.3598623275756836,-1.3519529104232788,1
"2B2X_HL_A|VH50T,EH64K,QL28S,YL52N,TH33E,GH53Q",2B2X_HL_A,2B2X_HL_A,1,2.7106704711914062,1.3209807872772217,1
"2B2X_HL_A|VH50T,EH64K,QL28S,YL52N,TH33I,SH52T,GH53N,GH54N",2B2X_HL_A,2B2X_HL_A,1,2.9507815837860107,1.1330785751342773,1
"2B2X_HL_A|VH50T,EH64K,QL28S,YL52N,TH33I,SH52T,GH53Q,GH54F",2B2X_HL_A,2B2X_HL_A,1,2.298527240753174,1.1507699489593506,1
"2B2X_HL_A|VH50T,EH64K,QL28S,YL52N,TH33N",2B2X_HL_A,2B2X_HL_A,1,3.7703349590301514,0.9447128176689148,1
"2B2X_HL_A|VH50T,EH64K,QL28S,YL52N,TH33V",2B2X_HL_A,2B2X_HL_A,1,1.4775820970535278,0.5688067674636841,1
"2B2X_HL_A|VH50T,EH64K,QL28S,YL52N,WL90Q",2B2X_HL_A,2B2X_HL_A,1,3.119054079055786,0.2675083577632904,1
"2B2X_HL_A|VH50T,EH64K,QL28S,YL52N,WL90Q,FL33Y",2B2X_HL_A,2B2X_HL_A,1,1.9142329692840576,0.8785626888275146,1
"2B2X_HL_A|VH50T,EH64K,QL28S,YL52N,YH58E",2B2X_HL_A,2B2X_HL_A,1,3.119054079055786,1.3553636074066162,1
"2B2X_HL_A|VH50T,EH64K,QL28S,YL52N,YH58Q",2B2X_HL_A,2B2X_HL_A,1,3.119054079055786,1.1450366973876953,1
"2B2X_HL_A|VH50T,EH64K,QL28S,YL52N,YH58W",2B2X_HL_A,2B2X_HL_A,1,1.864159107208252,0.5720087885856628,1
"2B2X_HL_A|VH50T,EH64K,QL28S,YL52N,YH59E",2B2X_HL_A,2B2X_HL_A,1,1.5872209072113037,1.097555160522461,1
"2B2X_HL_A|VH50T,EH64K,QL28S,YL52R",2B2X_HL_A,2B2X_HL_A,1,1.888054609298706,-0.18285398185253143,1
"2B2X_HL_A|VH50T,EH64K,YL52N",2B2X_HL_A,2B2X_HL_A,1,0.2817343473434448,-0.1017918661236763,1
"2B2X_HL_A|VH50T,EH64N,QL28S,YL52N",2B2X_HL_A,2B2X_HL_A,1,1.0069425106048584,-0.140050008893013,1
"2B2X_HL_A|VH50T,EH64Q,QL28S,YL52N",2B2X_HL_A,2B2X_HL_A,1,0.9655992388725281,-0.1323603391647339,1
"2B2X_HL_A|VH50T,EH64Q,QL28S,YL52N,LH60D",2B2X_HL_A,2B2X_HL_A,1,1.0862032175064087,-0.35113126039505005,1
"2B2X_HL_A|VH50T,QL28S,YL52N",2B2X_HL_A,2B2X_HL_A,1,0.9655992388725281,-0.2682879567146301,1
"2B2X_HL_A|VH50T,QL28S,YL52N,LH60D",2B2X_HL_A,2B2X_HL_A,1,0.9014134407043457,-0.6598321199417114,1
"2B2X_HL_A|VH50T,YL52N",2B2X_HL_A,2B2X_HL_A,1,0.18636755645275116,-0.0036550338845700026,1
2B2X_HL_A|YL52E,2B2X_HL_A,2B2X_HL_A,1,-0.2241050750017166,-0.1432276964187622,1
2BDN_HL_A|DH31E,2BDN_HL_A,2BDN_HL_A,2,1.0852305889129639,0.34990233182907104,1
2BDN_HL_A|LH27K,2BDN_HL_A,2BDN_HL_A,2,0.8740124106407166,2.0428597927093506,1
2BDN_HL_A|LH27R,2BDN_HL_A,2BDN_HL_A,2,0.6505837440490723,1.6118907928466797,1
2BDN_HL_A|NH28D,2BDN_HL_A,2BDN_HL_A,2,0.13214267790317535,-0.5076139569282532,1
2BDN_HL_A|NH28Q,2BDN_HL_A,2BDN_HL_A,2,1.3994616270065308,-0.35464125871658325,1
2BDN_HL_A|NL31K,2BDN_HL_A,2BDN_HL_A,2,3.4897713661193848,1.366698980331421,1
2BDN_HL_A|NL31R,2BDN_HL_A,2BDN_HL_A,2,-0.9171867966651917,1.4869561195373535,1
2BDN_HL_A|SL53D,2BDN_HL_A,2BDN_HL_A,2,-0.1605730950832367,0.7207250595092773,1
2BDN_HL_A|SL53E,2BDN_HL_A,2BDN_HL_A,2,-0.8513204455375671,0.486202210187912,1
2BDN_HL_A|TL56D,2BDN_HL_A,2BDN_HL_A,2,-0.42546549439430237,-0.4304839074611664,1
2BDN_HL_A|TL56E,2BDN_HL_A,2BDN_HL_A,2,-0.6888025999069214,-0.45178499817848206,1
2BDN_HL_A|YL30K,2BDN_HL_A,2BDN_HL_A,2,0.6747579574584961,1.0731028318405151,1
2JEL_LH_P|AP82S,2JEL_LH_P,2JEL_LH_P,2,0.0,-0.5097407698631287,1
2JEL_LH_P|DP69E,2JEL_LH_P,2JEL_LH_P,2,0.9530879259109497,0.8346619606018066,1
2JEL_LH_P|EP5D,2JEL_LH_P,2JEL_LH_P,2,0.4104726314544678,0.038850683718919754,1
2JEL_LH_P|EP5Q,2JEL_LH_P,2JEL_LH_P,2,0.7129768133163452,0.026931442320346832,1
2JEL_LH_P|EP66K,2JEL_LH_P,2JEL_LH_P,2,4.090681552886963,1.542436122894287,1
2JEL_LH_P|EP68A,2JEL_LH_P,2JEL_LH_P,2,0.4104726314544678,-0.06930404901504517,1
2JEL_LH_P|EP70A,2JEL_LH_P,2JEL_LH_P,2,2.727121114730835,3.7960712909698486,1
2JEL_LH_P|EP70K,2JEL_LH_P,2JEL_LH_P,2,4.090681552886963,2.8612048625946045,1
2JEL_LH_P|EP75R,2JEL_LH_P,2JEL_LH_P,2,2.727121114730835,0.711079478263855,1
2JEL_LH_P|EP83A,2JEL_LH_P,2JEL_LH_P,2,0.0,-0.04140099138021469,1
2JEL_LH_P|EP85A,2JEL_LH_P,2JEL_LH_P,2,0.0,-0.15124237537384033,1
2JEL_LH_P|EP85D,2JEL_LH_P,2JEL_LH_P,2,0.0,0.1783190220594406,1
2JEL_LH_P|EP85K,2JEL_LH_P,2JEL_LH_P,2,0.0,0.21864677965641022,1
2JEL_LH_P|EP85Q,2JEL_LH_P,2JEL_LH_P,2,0.0,-0.020308731123805046,1
2JEL_LH_P|FP2W,2JEL_LH_P,2JEL_LH_P,2,2.619152784347534,-0.08442150801420212,1
2JEL_LH_P|FP2Y,2JEL_LH_P,2JEL_LH_P,2,0.0,-0.441037118434906,1
2JEL_LH_P|HP76A,2JEL_LH_P,2JEL_LH_P,2,-0.4104726314544678,-0.30049648880958557,1
2JEL_LH_P|HP76D,2JEL_LH_P,2JEL_LH_P,2,-0.6505837440490723,-0.49108466506004333,1
2JEL_LH_P|KP24E,2JEL_LH_P,2JEL_LH_P,2,0.0,-0.2392367422580719,1
2JEL_LH_P|KP27E,2JEL_LH_P,2JEL_LH_P,2,0.0,0.2406569868326187,1
2JEL_LH_P|KP72E,2JEL_LH_P,2JEL_LH_P,2,0.4104726314544678,0.3709523677825928,1
2JEL_LH_P|KP72R,2JEL_LH_P,2JEL_LH_P,2,0.0,0.6358862519264221,1
2JEL_LH_P|KP79E,2JEL_LH_P,2JEL_LH_P,2,0.4104726314544678,-0.9306718707084656,1
2JEL_LH_P|NP12D,2JEL_LH_P,2JEL_LH_P,2,0.0,0.19693295657634735,1
2JEL_LH_P|NP38T,2JEL_LH_P,2JEL_LH_P,2,0.0,-0.12198255956172943,1
2JEL_LH_P|PP11E,2JEL_LH_P,2JEL_LH_P,2,0.0,-0.43024682998657227,1
2JEL_LH_P|QP3K,2JEL_LH_P,2JEL_LH_P,2,4.090681552886963,3.171950101852417,1
2JEL_LH_P|QP4K,2JEL_LH_P,2JEL_LH_P,2,1.3635605573654175,0.5404353737831116,1
2JEL_LH_P|QP57E,2JEL_LH_P,2JEL_LH_P,2,-0.4104726314544678,-0.19682039320468903,1
2JEL_LH_P|QP71E,2JEL_LH_P,2JEL_LH_P,2,2.727121114730835,1.8957375288009644,1
2JEL_LH_P|RP17G,2JEL_LH_P,2JEL_LH_P,2,0.0,-0.2536519467830658,1
2JEL_LH_P|RP17K,2JEL_LH_P,2JEL_LH_P,2,0.0,-0.2518576383590698,1
2JEL_LH_P|SP41C,2JEL_LH_P,2JEL_LH_P,2,1.4957032203674316,0.8238543272018433,1
2JEL_LH_P|SP43C,2JEL_LH_P,2JEL_LH_P,2,0.0,0.12652677297592163,1
2JEL_LH_P|SP46C,2JEL_LH_P,2JEL_LH_P,2,0.0,0.15377800166606903,1
2JEL_LH_P|SP64T,2JEL_LH_P,2JEL_LH_P,2,4.090681552886963,0.9321184754371643,1
2JEL_LH_P|TP34N,2JEL_LH_P,2JEL_LH_P,2,6.817802906036377,0.9087774753570557,1
2JEL_LH_P|TP34Q,2JEL_LH_P,2JEL_LH_P,2,0.0,1.7687721252441406,1
2JEL_LH_P|TP36Q,2JEL_LH_P,2JEL_LH_P,2,0.4104726314544678,-0.8739131093025208,1
2JEL_LH_P|TP62A,2JEL_LH_P,2JEL_LH_P,2,0.0,1.7467072010040283,1
2JEL_LH_P|TP62N,2JEL_LH_P,2JEL_LH_P,2,0.0,1.2521802186965942,1
2JEL_LH_P|TP7N,2JEL_LH_P,2JEL_LH_P,2,0.4104726314544678,-0.21699528396129608,1
2JEL_LH_P|TP7S,2JEL_LH_P,2JEL_LH_P,2,0.0,0.1034519299864769,1
2JEL_LH_P|VP6F,2JEL_LH_P,2JEL_LH_P,2,0.0,-1.2822325229644775,1
"2NY7_HL_G|CG27I,CG226Q",2NY7_HL_G,4JPK_HL_A,2,0.19971907138824463,0.1764388233423233,1
"2NY7_HL_G|CG27I,CG226Q,MG231A",2NY7_HL_G,4JPK_HL_A,2,0.2031923085451126,-0.22305268049240112,1
"2NY7_HL_G|GG229C,MG231A",2NY7_HL_G,4JPK_HL_A,2,-0.378797322511673,1.3559398651123047,1
"2NY7_HL_G|GG229C,WG13M,MG231A,CG14W,CG110V,CG27I,CG226Q",2NY7_HL_G,4JPK_HL_A,2,0.21462485194206238,1.1013373136520386,1
"2NY7_HL_G|KG66C,EG102C,CG27I,CG226Q",2NY7_HL_G,4JPK_HL_A,2,0.04085667058825493,-0.06809472292661667,1
"2NY7_HL_G|KG66C,EG102C,WG13M,MG231A,CG14W,CG110V,CG27I,CG226Q",2NY7_HL_G,4JPK_HL_A,2,0.3998022973537445,-1.2185710668563843,1
"2NY7_HL_G|KG66C,EG103C,WG13M,MG231A,CG14W,CG110V,CG27I,CG226Q",2NY7_HL_G,4JPK_HL_A,2,0.29989543557167053,-1.25143563747406,1
"2NY7_HL_G|WG13M,MG231A,CG14W,CG110V",2NY7_HL_G,4JPK_HL_A,2,1.1574335098266602,0.319769024848938,1
"2NY7_HL_G|WG13M,MG231A,CG14W,CG110V,CG27I,CG226Q",2NY7_HL_G,4JPK_HL_A,2,0.4490472674369812,0.06189817935228348,1
"2NY7_HL_G|WG13M,MG231A,CG14W,CG110V,KG66C,EG102C",2NY7_HL_G,4JPK_HL_A,2,0.5510152578353882,-0.40143436193466187,1
"2NY7_HL_G|WG13M,SG92T,WG181S,MG231A,CG14W,CG110V,CG27I,CG226Q",2NY7_HL_G,4JPK_HL_A,2,-0.303589791059494,2.232980251312256,1
2NYY_DC_A|DA1030A,2NYY_DC_A,2NZ9_DC_A,3,0.009336900897324085,1.4615387916564941,2
2NYY_DC_A|DA1034A,2NYY_DC_A,2NZ9_DC_A,3,2.5297937393188477,2.143883228302002,2
2NYY_DC_A|DC30Y,2NYY_DC_A,2NZ9_DC_A,3,0.6411356329917908,-0.16989880800247192,2
2NYY_DC_A|EA892A,2NYY_DC_A,2NZ9_DC_A,3,2.839132070541382,2.122586727142334,2
2NYY_DC_A|ED5Q,2NYY_DC_A,2NZ9_DC_A,3,-0.24798710644245148,0.8365728855133057,2
2NYY_DC_A|FA889A,2NYY_DC_A,2NZ9_DC_A,3,0.41936591267585754,2.4591729640960693,2
2NYY_DC_A|FA925A,2NYY_DC_A,2NZ9_DC_A,3,4.058502674102783,2.9998831748962402,2
2NYY_DC_A|HA1036A,2NYY_DC_A,2NZ9_DC_A,3,7.31942892074585,2.4615330696105957,2
2NYY_DC_A|HC34R,2NYY_DC_A,2NZ9_DC_A,3,0.10088469088077545,-0.21913543343544006,2
2NYY_DC_A|IA928A,2NYY_DC_A,2NZ9_DC_A,3,-0.00948750227689743,1.9116753339767456,2
2NYY_DC_A|KA1028A,2NYY_DC_A,2NZ9_DC_A,3,-0.028934312984347343,1.4713208675384521,2
2NYY_DC_A|KA875A,2NYY_DC_A,2NZ9_DC_A,3,0.29098647832870483,0.866722822189331,2
2NYY_DC_A|KA895A,2NYY_DC_A,2NZ9_DC_A,3,-0.14014583826065063,0.7028098702430725,2
2NYY_DC_A|KD29R,2NYY_DC_A,2NZ9_DC_A,3,0.07138596475124359,-0.4368186295032501,2
"2NYY_DC_A|KD29S,YD30D,DD31H,SD60P",2NYY_DC_A,2NZ9_DC_A,3,0.04961051046848297,-0.9767265915870667,2
2NYY_DC_A|LA891A,2NYY_DC_A,2NZ9_DC_A,3,2.5892105102539062,2.8264195919036865,2
2NYY_DC_A|MD33Q,2NYY_DC_A,2NZ9_DC_A,3,-0.05986984446644783,-0.565223217010498,2
2NYY_DC_A|NA890A,2NYY_DC_A,2NZ9_DC_A,3,0.8904404640197754,2.206570625305176,2
2NYY_DC_A|NA926A,2NYY_DC_A,2NZ9_DC_A,3,0.09934821724891663,2.571502923965454,2
2NYY_DC_A|QA887A,2NYY_DC_A,2NZ9_DC_A,3,0.5208144783973694,1.002234935760498,2
2NYY_DC_A|RA1033A,2NYY_DC_A,2NZ9_DC_A,3,0.8201225399971008,1.9726313352584839,2
2NYY_DC_A|RA1266A,2NYY_DC_A,2NZ9_DC_A,3,0.29953208565711975,1.5063586235046387,2
2NYY_DC_A|SA874A,2NYY_DC_A,2NZ9_DC_A,3,-0.2303217500448227,-0.040385931730270386,2
2NYY_DC_A|SA927A,2NYY_DC_A,2NZ9_DC_A,3,0.0,1.2718467712402344,2
2NYY_DC_A|SC28Q,2NYY_DC_A,2NZ9_DC_A,3,0.41338279843330383,-0.8858427405357361,2
2NYY_DC_A|SC31N,2NYY_DC_A,2NZ9_DC_A,3,-0.3533826470375061,1.279409646987915,2
2NYY_DC_A|TA1035A,2NYY_DC_A,2NZ9_DC_A,3,1.630871057510376,0.5101263523101807,2
2NYY_DC_A|VD36I,2NYY_DC_A,2NZ9_DC_A,3,-0.21317148208618164,0.43758630752563477,2
"2NYY_DC_A|VD36I,ED5Q",2NYY_DC_A,2NZ9_DC_A,3,-0.049046099185943604,1.058036208152771,2
2NYY_DC_A|YD30D,2NYY_DC_A,2NZ9_DC_A,3,0.06462482362985611,0.6598641276359558,2
2NYY_DC_A|YD30Q,2NYY_DC_A,2NZ9_DC_A,3,0.12897443771362305,0.6421594619750977,2
2NYY_DC_A|YD56Q,2NYY_DC_A,2NZ9_DC_A,3,0.519686222076416,1.1346800327301025,2
2NZ9_DC_A|DA1030A,2NZ9_DC_A,2NZ9_DC_A,3,-0.031082604080438614,1.5378608703613281,2
2NZ9_DC_A|DA1034A,2NZ9_DC_A,2NZ9_DC_A,3,2.3396031856536865,2.2740976810455322,2
2NZ9_DC_A|EA892A,2NZ9_DC_A,2NZ9_DC_A,3,2.770359992980957,2.8985302448272705,2
2NZ9_DC_A|FA889A,2NZ9_DC_A,2NZ9_DC_A,3,-0.04961051046848297,2.414036512374878,2
2NZ9_DC_A|FA925A,2NZ9_DC_A,2NZ9_DC_A,3,3.3404390811920166,2.833120107650757,2
2NZ9_DC_A|HA1036A,2NZ9_DC_A,2NZ9_DC_A,3,7.419703006744385,2.0991973876953125,2
2NZ9_DC_A|IA928A,2NZ9_DC_A,2NZ9_DC_A,3,0.0692814439535141,1.1138708591461182,2
2NZ9_DC_A|KA1028A,2NZ9_DC_A,2NZ9_DC_A,3,-0.00871441699564457,1.5357615947723389,2
2NZ9_DC_A|KA875A,2NZ9_DC_A,2NZ9_DC_A,3,0.5407010912895203,0.6943239569664001,2
2NZ9_DC_A|KA895A,2NZ9_DC_A,2NZ9_DC_A,3,-0.2997535765171051,0.8337341547012329,2
2NZ9_DC_A|LA891A,2NZ9_DC_A,2NZ9_DC_A,3,2.2799649238586426,3.5302958488464355,2
2NZ9_DC_A|NA890A,2NZ9_DC_A,2NZ9_DC_A,3,2.160031795501709,2.2037808895111084,2
2NZ9_DC_A|NA926A,2NZ9_DC_A,2NZ9_DC_A,3,-0.15216733515262604,2.310006618499756,2
2NZ9_DC_A|QA887A,2NZ9_DC_A,2NZ9_DC_A,3,0.09926053881645203,1.1745294332504272,2
2NZ9_DC_A|RA1033A,2NZ9_DC_A,2NZ9_DC_A,3,0.2908809781074524,1.892249345779419,2
2NZ9_DC_A|RA1266A,2NZ9_DC_A,2NZ9_DC_A,3,0.39015787839889526,1.778366208076477,2
2NZ9_DC_A|SA874A,2NZ9_DC_A,2NZ9_DC_A,3,-0.11948046088218689,-0.5021297931671143,2
2NZ9_DC_A|SA927A,2NZ9_DC_A,2NZ9_DC_A,3,-0.07854482531547546,0.9527713060379028,2
"2NZ9_DC_A|SD29K,DD30Y,HD31D",2NZ9_DC_A,2NZ9_DC_A,3,-0.04961051046848297,-0.11863680183887482,2
2NZ9_DC_A|TA1035A,2NZ9_DC_A,2NZ9_DC_A,3,2.3703818321228027,0.5987932085990906,2
2VIR_AB_C|SC115L,2VIR_AB_C,4NM8_ABCDEF_HL,3,3.680208921432495,2.676058530807495,1
2VIR_AB_C|TC89I,2VIR_AB_C,4NM8_ABCDEF_HL,3,4.911626815795898,0.6874375939369202,1
2VIS_AB_C|IC89T,2VIS_AB_C,4NM8_ABCDEF_HL,3,-4.911626815795898,0.7664361000061035,1
"3BDY_HL_V|DL28N,PL30A,RL31K,SL32T,TL97S,TL98S",3BDY_HL_V,3N85_A_LH,3,-0.969079315662384,1.1718649864196777,3
"3BDY_HL_V|DL28N,PL30A,RL31K,SL32T,TL97S,TL98S,KH31S,DH32G,TH55S,NH56E,GH101V,DH103V",3BDY_HL_V,3N85_A_LH,3,-2.715489625930786,0.837954044342041,3
"3BDY_HL_V|DL28N,PL30A,RL31K,SL32T,TL97S,TL98S,KH31S,DH32G,TH55S,NH56E,GH101V,DH103V,RH51A,RH60A",3BDY_HL_V,3N85_A_LH,3,-2.7728781700134277,1.805958867073059,3
"3BDY_HL_V|DL28N,PL30A,RL31K,SL32T,YL57F,TL97S,TL98S",3BDY_HL_V,3N85_A_LH,3,-0.9731639623641968,1.3266839981079102,3
"3BDY_HL_V|DL28N,PL30A,RL31K,SL32T,YL57F,TL97S,TL98S,KH31S,DH32G,TH55S,NH56E,GH101V,DH103V",3BDY_HL_V,3N85_A_LH,3,-2.727121114730835,1.0227996110916138,3
"3BE1_HL_A|DL28N,PL30A,RL31K,SL32T,TL97S,TL98S",3BE1_HL_A,3N85_A_LH,3,-0.6860793828964233,0.8216350674629211,3
"3BE1_HL_A|DL28N,PL30A,RL31K,SL32T,TL97S,TL98S,KH30S,DH31G,TH54S,NH55E,GH100V,DH102V",3BE1_HL_A,3N85_A_LH,3,-2.7728781700134277,0.7128656506538391,3
"3BE1_HL_A|DL28N,PL30A,RL31K,SL32T,TL97S,TL98S,KH30S,DH31G,TH54S,NH55E,GH100V,DH102V,YL36A",3BE1_HL_A,3N85_A_LH,3,-3.1902379989624023,2.0259010791778564,3
"3BE1_HL_A|DL28N,PL30A,RL31K,SL32T,TL97S,TL98S,KH30S,DH31G,TH54S,NH55E,GH100V,DH102V,YL36A,IL33A",3BE1_HL_A,3N85_A_LH,3,-2.7728781700134277,2.171182155609131,3
"3BE1_HL_A|DL28N,PL30A,RL31K,SL32T,YL57F,TL97S,TL98S",3BE1_HL_A,3N85_A_LH,3,-0.8683454990386963,1.010375738143921,3
"3BE1_HL_A|DL28N,PL30A,RL31K,SL32T,YL57F,TL97S,TL98S,KH30S,DH31G,TH54S,NH55E,GH100V,DH102V",3BE1_HL_A,3N85_A_LH,3,-2.8824896812438965,0.9528911113739014,3
3BN9_B_CD|DB214A,3BN9_B_CD,3NPS_A_BC,3,0.5662115216255188,2.55108642578125,2
3BN9_B_CD|DB46A,3BN9_B_CD,3NPS_A_BC,3,0.4223882555961609,0.7312712073326111,2
3BN9_B_CD|DB47A,3BN9_B_CD,3NPS_A_BC,3,0.3111075460910797,0.437968373298645,2
3BN9_B_CD|DB91A,3BN9_B_CD,3NPS_A_BC,3,6.695211887359619,2.680929183959961,2
3BN9_B_CD|EB163A,3BN9_B_CD,3NPS_A_BC,3,0.3732158839702606,-0.042523473501205444,2
3BN9_B_CD|FB50A,3BN9_B_CD,3NPS_A_BC,3,-0.04499785229563713,0.6398951411247253,2
3BN9_B_CD|FB89A,3BN9_B_CD,3NPS_A_BC,3,0.6392418742179871,2.2980751991271973,2
3BN9_B_CD|FB92A,3BN9_B_CD,3NPS_A_BC,3,6.695211887359619,1.1964657306671143,2
3BN9_B_CD|HB138A,3BN9_B_CD,3NPS_A_BC,3,0.08506331592798233,0.042276546359062195,2
3BN9_B_CD|IB26A,3BN9_B_CD,3NPS_A_BC,3,0.0,0.08424849063158035,2
3BN9_B_CD|IB45A,3BN9_B_CD,3NPS_A_BC,3,0.8352155089378357,0.9709903597831726,2
3BN9_B_CD|KB221A,3BN9_B_CD,3NPS_A_BC,3,0.784968912601471,0.8932352066040039,2
3BN9_B_CD|LB147A,3BN9_B_CD,3NPS_A_BC,3,0.33619216084480286,0.19972777366638184,2
3BN9_B_CD|NB90A,3BN9_B_CD,3NPS_A_BC,3,0.7733443975448608,2.0828747749328613,2
3BN9_B_CD|PD104H,3BN9_B_CD,3NPS_A_BC,3,2.4272546768188477,-0.23827990889549255,2
3BN9_B_CD|QB140A,3BN9_B_CD,3NPS_A_BC,3,0.13310480117797852,-0.023842860013246536,2
3BN9_B_CD|QB168A,3BN9_B_CD,3NPS_A_BC,3,-0.034698691219091415,-0.0374368391931057,2
3BN9_B_CD|QB169A,3BN9_B_CD,3NPS_A_BC,3,2.5089848041534424,2.1524243354797363,2
3BN9_B_CD|QB218A,3BN9_B_CD,3NPS_A_BC,3,0.7057106494903564,0.8017261028289795,2
3BN9_B_CD|QB23A,3BN9_B_CD,3NPS_A_BC,3,-0.41530683636665344,-0.30229952931404114,2
3BN9_B_CD|QD105V,3BN9_B_CD,3NPS_A_BC,3,1.2241027355194092,0.37067800760269165,2
3BN9_B_CD|RB219A,3BN9_B_CD,3NPS_A_BC,3,-0.0936981737613678,-0.24632380902767181,2
3BN9_B_CD|RB48A,3BN9_B_CD,3NPS_A_BC,3,-0.04499785229563713,2.668011426925659,2
3BN9_B_CD|RB51A,3BN9_B_CD,3NPS_A_BC,3,-0.07155776768922806,-0.4021303653717041,2
3BN9_B_CD|RB82A,3BN9_B_CD,3NPS_A_BC,3,-0.15923285484313965,-0.6612497568130493,2
3BN9_B_CD|SD30G,3BN9_B_CD,3NPS_A_BC,3,1.1861069202423096,1.0043292045593262,2
3BN9_B_CD|SD30N,3BN9_B_CD,3NPS_A_BC,3,1.1455049514770508,1.7169113159179688,2
3BN9_B_CD|TB144A,3BN9_B_CD,3NPS_A_BC,3,0.29083511233329773,-0.2730472981929779,2
3BN9_B_CD|TB93A,3BN9_B_CD,3NPS_A_BC,3,1.1320527791976929,1.1202409267425537,2
3BN9_B_CD|TD102Q,3BN9_B_CD,3NPS_A_BC,3,-0.021536439657211304,-0.2715977430343628,2
3BN9_B_CD|TD102R,3BN9_B_CD,3NPS_A_BC,3,-0.05829491466283798,0.14298021793365479,2
3BN9_B_CD|TD28R,3BN9_B_CD,3NPS_A_BC,3,0.3329058587551117,0.5277601480484009,2
3BN9_B_CD|YB141A,3BN9_B_CD,3NPS_A_BC,3,1.0846525430679321,3.5751242637634277,2
3BN9_B_CD|YB52A,3BN9_B_CD,3NPS_A_BC,3,0.018951594829559326,-0.3289041221141815,2
3BN9_B_CD|YD103S,3BN9_B_CD,3NPS_A_BC,3,0.4586857557296753,1.180610179901123,2
"3G6D_LH_A|EL3V,GL76R,TL77V,QL78E,EL80G",3G6D_LH_A,4I77_HL_Z,2,0.13981691002845764,0.9130809307098389,2
"3G6D_LH_A|EL3V,GL76R,TL77V,QL78E,EL80G,DH54N",3G6D_LH_A,4I77_HL_Z,2,0.11117811501026154,0.27436619997024536,2
"3G6D_LH_A|EL3V,GL76R,TL77V,QL78E,EL80G,FH103A,HH104A,WH105A",3G6D_LH_A,4I77_HL_Z,2,4.620281219482422,2.3106188774108887,2
"3G6D_LH_A|EL3V,GL76R,TL77V,QL78E,EL80G,TL89S,ML92I,VL93D,TL94K",3G6D_LH_A,4I77_HL_Z,2,0.27145105600357056,0.9327773451805115,2
3G6D_LH_A|HH104A,3G6D_LH_A,4I77_HL_Z,2,-0.9530879259109497,0.24291306734085083,2
"3G6D_LH_A|KH210T,KH215T",3G6D_LH_A,4I77_HL_Z,2,-0.13294781744480133,1.1107935905456543,2
"3G6D_LH_A|TL89S,ML92I,VL93D,TL94K",3G6D_LH_A,4I77_HL_Z,2,0.7979766726493835,1.0708882808685303,2
3G6D_LH_A|WH105A,3G6D_LH_A,4I77_HL_Z,2,-1.4965083599090576,3.8949475288391113,2
3HFM_HL_Y|DH32A,3HFM_HL_Y,1MLC_AB_E,0,1.8982268571853638,0.11237965524196625,2
"3HFM_HL_Y|DH32A,KY97A",3HFM_HL_Y,1MLC_AB_E,0,4.592440128326416,0.4368743896484375,2
"3HFM_HL_Y|DH32A,KY97M",3HFM_HL_Y,1MLC_AB_E,0,1.123449444770813,0.03342554718255997,2
3HFM_HL_Y|DH32N,3HFM_HL_Y,1MLC_AB_E,0,0.17036153376102448,0.12259213626384735,2
"3HFM_HL_Y|DH32N,KY97A",3HFM_HL_Y,1MLC_AB_E,0,4.8915510177612305,0.06946125626564026,2
"3HFM_HL_Y|DH32N,KY97M",3HFM_HL_Y,1MLC_AB_E,0,0.30250421166419983,-0.2746585011482239,2
3HFM_HL_Y|DY101A,3HFM_HL_Y,1MLC_AB_E,0,1.2081918716430664,1.2560184001922607,2
3HFM_HL_Y|DY101E,3HFM_HL_Y,1MLC_AB_E,0,2.132880926132202,1.1978715658187866,2
3HFM_HL_Y|DY101F,3HFM_HL_Y,1MLC_AB_E,0,2.328261375427246,1.4163970947265625,2
3HFM_HL_Y|DY101G,3HFM_HL_Y,1MLC_AB_E,0,0.3588477373123169,0.8155640959739685,2
3HFM_HL_Y|DY101K,3HFM_HL_Y,1MLC_AB_E,0,2.124539613723755,1.9361369609832764,2
3HFM_HL_Y|DY101N,3HFM_HL_Y,1MLC_AB_E,0,1.4911125898361206,1.1777161359786987,2
3HFM_HL_Y|DY101Q,3HFM_HL_Y,1MLC_AB_E,0,2.085174560546875,1.6132789850234985,2
3HFM_HL_Y|DY101R,3HFM_HL_Y,1MLC_AB_E,0,2.2798726558685303,1.361656665802002,2
3HFM_HL_Y|DY101S,3HFM_HL_Y,1MLC_AB_E,0,1.8694000244140625,0.809523344039917,2
3HFM_HL_Y|GY102V,3HFM_HL_Y,1MLC_AB_E,0,0.3952850103378296,1.2144620418548584,2
3HFM_HL_Y|HY15A,3HFM_HL_Y,1MLC_AB_E,0,-0.44531720876693726,-0.11027759313583374,2
3HFM_HL_Y|IY98A,3HFM_HL_Y,1MLC_AB_E,0,0.0,1.4213168621063232,2
3HFM_HL_Y|KY96A,3HFM_HL_Y,1MLC_AB_E,0,6.737285137176514,3.1202521324157715,2
3HFM_HL_Y|KY96M,3HFM_HL_Y,1MLC_AB_E,0,6.776946067810059,2.7285656929016113,2
3HFM_HL_Y|KY96R,3HFM_HL_Y,1MLC_AB_E,0,5.353003025054932,2.318558931350708,2
3HFM_HL_Y|KY97A,3HFM_HL_Y,1MLC_AB_E,0,5.861406326293945,0.41227054595947266,2
3HFM_HL_Y|KY97D,3HFM_HL_Y,1MLC_AB_E,0,6.768425464630127,0.6437869071960449,2
3HFM_HL_Y|KY97E,3HFM_HL_Y,1MLC_AB_E,0,3.6045076847076416,0.25596925616264343,2
3HFM_HL_Y|KY97G,3HFM_HL_Y,1MLC_AB_E,0,6.430556297302246,0.23296506702899933,2
3HFM_HL_Y|KY97M,3HFM_HL_Y,1MLC_AB_E,0,0.9469717144966125,0.3613075017929077,2
3HFM_HL_Y|KY97R,3HFM_HL_Y,1MLC_AB_E,0,3.0528512001037598,0.10948223620653152,2
3HFM_HL_Y|LY75A,3HFM_HL_Y,1MLC_AB_E,0,0.7044560313224792,1.7746819257736206,2
3HFM_HL_Y|NL31A,3HFM_HL_Y,1MLC_AB_E,0,5.214130878448486,2.0450878143310547,2
"3HFM_HL_Y|NL31A,KY96A",3HFM_HL_Y,1MLC_AB_E,0,7.468386650085449,3.5997190475463867,2
3HFM_HL_Y|NL31D,3HFM_HL_Y,1MLC_AB_E,0,1.3434845209121704,2.851285696029663,2
3HFM_HL_Y|NL31E,3HFM_HL_Y,1MLC_AB_E,0,5.707368850708008,3.3640007972717285,2
3HFM_HL_Y|NL32A,3HFM_HL_Y,1MLC_AB_E,0,5.107346057891846,2.495601177215576,2
3HFM_HL_Y|NY19D,3HFM_HL_Y,1MLC_AB_E,0,0.4104726314544678,0.16708789765834808,2
3HFM_HL_Y|NY19K,3HFM_HL_Y,1MLC_AB_E,0,0.2401110976934433,0.7166199088096619,2
3HFM_HL_Y|NY19Q,3HFM_HL_Y,1MLC_AB_E,0,-0.0424857959151268,0.3996797502040863,2
3HFM_HL_Y|NY93A,3HFM_HL_Y,1MLC_AB_E,0,0.2112182080745697,0.15549716353416443,2
3HFM_HL_Y|QL53A,3HFM_HL_Y,1MLC_AB_E,0,0.9530879259109497,0.9818211793899536,2
3HFM_HL_Y|RY21A,3HFM_HL_Y,1MLC_AB_E,0,0.8618019223213196,1.3450161218643188,2
3HFM_HL_Y|RY21E,3HFM_HL_Y,1MLC_AB_E,0,2.453435182571411,1.7237459421157837,2
3HFM_HL_Y|RY21G,3HFM_HL_Y,1MLC_AB_E,0,2.4220752716064453,1.6761159896850586,2
3HFM_HL_Y|RY21H,3HFM_HL_Y,1MLC_AB_E,0,2.169318199157715,0.8017746210098267,2
3HFM_HL_Y|RY21K,3HFM_HL_Y,1MLC_AB_E,0,1.766342043876648,1.1733899116516113,2
3HFM_HL_Y|RY21M,3HFM_HL_Y,1MLC_AB_E,0,2.0498905181884766,1.4414982795715332,2
3HFM_HL_Y|RY21N,3HFM_HL_Y,1MLC_AB_E,0,2.328261375427246,1.5725871324539185,2
3HFM_HL_Y|RY21Q,3HFM_HL_Y,1MLC_AB_E,0,2.3975346088409424,0.8707077503204346,2
3HFM_HL_Y|RY21W,3HFM_HL_Y,1MLC_AB_E,0,2.132880926132202,1.2952110767364502,2
3HFM_HL_Y|RY73A,3HFM_HL_Y,1MLC_AB_E,0,-0.33139708638191223,-0.2580091059207916,2
3HFM_HL_Y|SH31A,3HFM_HL_Y,1MLC_AB_E,0,0.17036153376102448,1.2003560066223145,2
3HFM_HL_Y|SY100A,3HFM_HL_Y,1MLC_AB_E,0,0.26765963435173035,0.4131655693054199,2
3HFM_HL_Y|TY89A,3HFM_HL_Y,1MLC_AB_E,0,0.0,-0.13552933931350708,2
3HFM_HL_Y|WH98A,3HFM_HL_Y,1MLC_AB_E,0,5.510683536529541,1.647011160850525,2
"3HFM_HL_Y|WH98A,KY96A",3HFM_HL_Y,1MLC_AB_E,0,7.730033874511719,3.58494234085083,2
3HFM_HL_Y|WH98F,3HFM_HL_Y,1MLC_AB_E,0,3.2455620765686035,0.9278749823570251,2
"3HFM_HL_Y|WH98F,YY20A",3HFM_HL_Y,1MLC_AB_E,0,6.229019641876221,1.095430850982666,2
3HFM_HL_Y|WY63A,3HFM_HL_Y,1MLC_AB_E,0,0.31918662786483765,1.8165178298950195,2
3HFM_HL_Y|YH33A,3HFM_HL_Y,1MLC_AB_E,0,6.035076141357422,2.2527079582214355,2
"3HFM_HL_Y|YH33A,KY97A",3HFM_HL_Y,1MLC_AB_E,0,7.228275299072266,1.8783496618270874,2
3HFM_HL_Y|YH33F,3HFM_HL_Y,1MLC_AB_E,0,1.0712212324142456,1.14234459400177,2
3HFM_HL_Y|YH33L,3HFM_HL_Y,1MLC_AB_E,0,2.0069382190704346,2.4610228538513184,2
3HFM_HL_Y|YH33W,3HFM_HL_Y,1MLC_AB_E,0,1.749564528465271,1.4809260368347168,2
3HFM_HL_Y|YH50A,3HFM_HL_Y,1MLC_AB_E,0,7.31956148147583,1.594834566116333,2
"3HFM_HL_Y|YH50A,RY21A",3HFM_HL_Y,1MLC_AB_E,0,7.9412522315979,1.0736274719238281,2
3HFM_HL_Y|YH50F,3HFM_HL_Y,1MLC_AB_E,0,1.609991431236267,0.4130111634731293,2
3HFM_HL_Y|YH50L,3HFM_HL_Y,1MLC_AB_E,0,2.848836660385132,1.051062822341919,2
3HFM_HL_Y|YH53A,3HFM_HL_Y,1MLC_AB_E,0,3.250380039215088,1.5007140636444092,2
3HFM_HL_Y|YH53F,3HFM_HL_Y,1MLC_AB_E,0,0.6204992532730103,-0.16995443403720856,2
3HFM_HL_Y|YH53L,3HFM_HL_Y,1MLC_AB_E,0,0.8068894147872925,1.6582462787628174,2
3HFM_HL_Y|YH53W,3HFM_HL_Y,1MLC_AB_E,0,0.7061818838119507,-0.18978621065616608,2
3HFM_HL_Y|YH58A,3HFM_HL_Y,1MLC_AB_E,0,1.6760437488555908,1.6689506769180298,2
3HFM_HL_Y|YH58F,3HFM_HL_Y,1MLC_AB_E,0,0.36312544345855713,0.6849081516265869,2
3HFM_HL_Y|YH58L,3HFM_HL_Y,1MLC_AB_E,0,1.5136730670928955,1.6514146327972412,2
3HFM_HL_Y|YL50A,3HFM_HL_Y,1MLC_AB_E,0,4.557595729827881,0.9863054752349854,2
"3HFM_HL_Y|YL50A,KY96A",3HFM_HL_Y,1MLC_AB_E,0,7.730033874511719,2.7820959091186523,2
"3HFM_HL_Y|YL50A,KY97A",3HFM_HL_Y,1MLC_AB_E,0,7.31956148147583,1.2388348579406738,2
"3HFM_HL_Y|YL50A,RY21A",3HFM_HL_Y,1MLC_AB_E,0,6.36647367477417,1.3549001216888428,2
3HFM_HL_Y|YL50F,3HFM_HL_Y,1MLC_AB_E,0,2.3548672199249268,-0.1506604254245758,2
"3HFM_HL_Y|YL50F,RY21A",3HFM_HL_Y,1MLC_AB_E,0,4.3307929039001465,0.07037468254566193,2
"3HFM_HL_Y|YL50F,YY20A",3HFM_HL_Y,1MLC_AB_E,0,6.223660469055176,0.6230947375297546,2
3HFM_HL_Y|YL50L,3HFM_HL_Y,1MLC_AB_E,0,4.393185615539551,1.1145076751708984,2
3HFM_HL_Y|YL96A,3HFM_HL_Y,1MLC_AB_E,0,2.707045078277588,2.6087112426757812,2
"3HFM_HL_Y|YL96A,RY21A",3HFM_HL_Y,1MLC_AB_E,0,5.756746292114258,2.026935577392578,2
3HFM_HL_Y|YL96F,3HFM_HL_Y,1MLC_AB_E,0,1.4017794132232666,1.417109489440918,2
"3HFM_HL_Y|YL96F,RY21A",3HFM_HL_Y,1MLC_AB_E,0,4.181967735290527,1.6017918586730957,2
3HFM_HL_Y|YY20A,3HFM_HL_Y,1MLC_AB_E,0,4.573779582977295,1.1793673038482666,2
3HFM_HL_Y|YY20F,3HFM_HL_Y,1MLC_AB_E,0,-0.4839681088924408,0.04544934630393982,2
3HFM_HL_Y|YY20L,3HFM_HL_Y,1MLC_AB_E,0,2.1845057010650635,0.6180519461631775,2
"3IDX_HL_G|CG27I,CG242Q",3IDX_HL_G,4JPK_HL_A,2,-2.4650375843048096,-0.3096669614315033,1
"3IDX_HL_G|CG27I,CG242Q,MG247A",3IDX_HL_G,4JPK_HL_A,2,-2.173617362976074,0.12829047441482544,1
"3IDX_HL_G|KG85C,EG121C,CG27I,CG242Q",3IDX_HL_G,4JPK_HL_A,2,-2.3776865005493164,-0.4093564450740814,1
"3IDX_HL_G|KG85C,EG121C,WG13M,MG247A,CG14W,CG129V,CG27I,CG242Q",3IDX_HL_G,4JPK_HL_A,2,-2.1922898292541504,-0.18313704431056976,1
"3IDX_HL_G|KG85C,EG122C,WG13M,MG247A,CG14W,CG129V,CG27I,CG242Q",3IDX_HL_G,4JPK_HL_A,2,-2.2927184104919434,-0.21324022114276886,1
"3IDX_HL_G|TG41C,GG245C,MG247A",3IDX_HL_G,4JPK_HL_A,2,0.40945425629615784,1.0142807960510254,1
"3IDX_HL_G|TG41C,GG245C,WG13M,MG247A,CG14W,CG129V,CG27I,CG242Q",3IDX_HL_G,4JPK_HL_A,2,-2.3310675621032715,-0.033764876425266266,1
"3IDX_HL_G|WG13M,MG247A,CG14W,CG129V",3IDX_HL_G,4JPK_HL_A,2,-0.6475390791893005,0.4911602735519409,1
"3IDX_HL_G|WG13M,MG247A,CG14W,CG129V,CG27I,CG242Q",3IDX_HL_G,4JPK_HL_A,2,-2.3479883670806885,0.854870617389679,1
"3IDX_HL_G|WG13M,MG247A,CG14W,CG129V,KG85C,EG121C",3IDX_HL_G,4JPK_HL_A,2,-0.3616652190685272,0.5342310070991516,1
"3IDX_HL_G|WG13M,SG111T,WG200S,MG247A,CG14W,CG129V,CG27I,CG242Q",3IDX_HL_G,4JPK_HL_A,2,-1.8639640808105469,1.8412930965423584,1
"3L5X_A_HL|EL93F,YL94G",3L5X_A_HL,4I77_HL_Z,2,-0.42800837755203247,-0.4557732939720154,2
"3L5X_A_HL|EL93H,YL94G",3L5X_A_HL,4I77_HL_Z,2,-0.7626503109931946,0.2920382022857666,2
"3L5X_A_HL|HL91P,NL92I,EL93D,YL94A",3L5X_A_HL,4I77_HL_Z,2,-0.6466696858406067,0.41978907585144043,2
"3L5X_A_HL|HL91P,NL92L,EL93D,YL94S",3L5X_A_HL,4I77_HL_Z,2,-0.632789671421051,1.0489189624786377,2
"3L5X_A_HL|HL91P,NL92L,EL93D,YL94T",3L5X_A_HL,4I77_HL_Z,2,-0.8100505471229553,0.6622022390365601,2
"3L5X_A_HL|HL91P,NL92L,EL93D,YL94V",3L5X_A_HL,4I77_HL_Z,2,-0.8582223653793335,0.20133253931999207,2
"3L5X_A_HL|HL91P,NL92L,YL94A",3L5X_A_HL,4I77_HL_Z,2,-0.4444134831428528,1.7213855981826782,2
"3L5X_A_HL|HL91Q,NL92D,EL93I,YL94G",3L5X_A_HL,4I77_HL_Z,2,-1.5503801107406616,0.4187689423561096,2
"3L5X_A_HL|HL91Q,NL92D,EL93L,YL94G",3L5X_A_HL,4I77_HL_Z,2,-1.7851320505142212,0.6104553937911987,2
"3L5X_A_HL|HL91Q,NL92D,EL93Y,YL94G",3L5X_A_HL,4I77_HL_Z,2,-1.4514529705047607,-0.0754525363445282,2
"3L5X_A_HL|NL92D,EL93L,YL94G",3L5X_A_HL,4I77_HL_Z,2,-0.4296285808086395,0.08388367295265198,2
"3L5X_A_HL|NL92D,EL93N,YL94S",3L5X_A_HL,4I77_HL_Z,2,-0.5340383648872375,0.1735634058713913,2
"3L5X_A_HL|NL92D,EL93P,YL94G",3L5X_A_HL,4I77_HL_Z,2,-1.4699602127075195,0.12548567354679108,2
"3L5X_A_HL|NL92D,EL93R,YL94D",3L5X_A_HL,4I77_HL_Z,2,-0.5225392580032349,0.2448900192975998,2
"3L5X_A_HL|NL92D,EL93W,YL94E",3L5X_A_HL,4I77_HL_Z,2,-1.1963489055633545,-0.24188362061977386,2
"3L5X_A_HL|NL92D,EL93W,YL94G",3L5X_A_HL,4I77_HL_Z,2,-1.6825227737426758,-0.3792564272880554,2
"3L5X_A_HL|NL92D,EL93W,YL94S",3L5X_A_HL,4I77_HL_Z,2,-0.7161267399787903,-0.16485807299613953,2
"3L5X_A_HL|NL92D,EL93Y,YL94A",3L5X_A_HL,4I77_HL_Z,2,-0.8069742918014526,-0.79790198802948,2
"3L5X_A_HL|NL92E,EL93S,YL94G",3L5X_A_HL,4I77_HL_Z,2,-1.2653586864471436,0.6739440560340881,2
"3L5X_A_HL|NL92E,EL93W,YL94G",3L5X_A_HL,4I77_HL_Z,2,-1.5503801107406616,-0.047663092613220215,2
"3L5X_A_HL|NL92F,EL93W,YL94G",3L5X_A_HL,4I77_HL_Z,2,-1.2329907417297363,-1.1205148696899414,2
"3L5X_A_HL|NL92L,EL93D,YL94S",3L5X_A_HL,4I77_HL_Z,2,-0.6170473098754883,0.09992626309394836,2
"3L5X_A_HL|NL92L,EL93L,YL94G",3L5X_A_HL,4I77_HL_Z,2,-0.6259698271751404,0.2412388026714325,2
"3L5X_A_HL|NL92L,EL93M,YL94G",3L5X_A_HL,4I77_HL_Z,2,-0.825676441192627,0.30900225043296814,2
"3L5X_A_HL|NL92L,EL93N,YL94G",3L5X_A_HL,4I77_HL_Z,2,-0.6954368948936462,0.4582197070121765,2
"3L5X_A_HL|NL92S,EL93H,YL94G",3L5X_A_HL,4I77_HL_Z,2,-1.245726466178894,0.4959741234779358,2
"3L5X_A_HL|NL92S,EL93I,YL94G",3L5X_A_HL,4I77_HL_Z,2,-0.8069742918014526,-0.239151269197464,2
"3L5X_A_HL|NL92S,EL93S,YL94G",3L5X_A_HL,4I77_HL_Z,2,-0.24921271204948425,0.16628926992416382,2
"3L5X_A_HL|NL92S,EL93V,YL94G",3L5X_A_HL,4I77_HL_Z,2,-0.5168723464012146,0.22875338792800903,2
"3L5X_A_HL|NL92S,EL93W,YL94A",3L5X_A_HL,4I77_HL_Z,2,-0.30302801728248596,-0.2537873685359955,2
"3L5X_A_HL|NL92S,EL93W,YL94G",3L5X_A_HL,4I77_HL_Z,2,-1.272050142288208,-0.43723276257514954,2
"3L5X_A_HL|NL92S,EL93Y,YL94G",3L5X_A_HL,4I77_HL_Z,2,-0.9641867876052856,-0.4603062570095062,2
"3L5X_A_HL|NL92V,EL93G,YL94G",3L5X_A_HL,4I77_HL_Z,2,-0.4630000591278076,0.9843705892562866,2
"3L5X_A_HL|NL92V,EL93W,YL94G",3L5X_A_HL,4I77_HL_Z,2,-0.8352538347244263,-0.36746418476104736,2
3L5X_A_HL|YL94A,3L5X_A_HL,4I77_HL_Z,2,-0.8288517594337463,0.057206109166145325,2
3LZF_AB_HL|DA187E,3LZF_AB_HL,4NM8_ABCDEF_HL,3,0.49836498498916626,0.39492812752723694,1
"3LZF_AB_HL|DA187E,DA222G",3LZF_AB_HL,4NM8_ABCDEF_HL,3,0.12738612294197083,1.2641417980194092,1
3LZF_AB_HL|DA222G,3LZF_AB_HL,4NM8_ABCDEF_HL,3,0.5378587245941162,1.739453673362732,1
3N85_A_LH|SH32A,3N85_A_LH,3N85_A_LH,3,-0.1340196579694748,0.8154745101928711,3
3N85_A_LH|SH32Y,3N85_A_LH,3N85_A_LH,3,0.057122498750686646,0.19546107947826385,3
3N85_A_LH|SH50G,3N85_A_LH,3N85_A_LH,3,0.4876711666584015,1.1465791463851929,3
3N85_A_LH|SH52Y,3N85_A_LH,3N85_A_LH,3,-0.7846033573150635,1.7445926666259766,3
3N85_A_LH|WH100F,3N85_A_LH,3N85_A_LH,3,-0.015185109339654446,0.9932201504707336,3
3N85_A_LH|WH30K,3N85_A_LH,3N85_A_LH,3,-0.7846033573150635,1.5446540117263794,3
3N85_A_LH|WH30R,3N85_A_LH,3N85_A_LH,3,-0.5539674758911133,1.171810507774353,3
3N85_A_LH|WL91F,3N85_A_LH,3N85_A_LH,3,0.13959166407585144,0.7275673747062683,3
3N85_A_LH|WL94Y,3N85_A_LH,3N85_A_LH,3,-0.0387188084423542,0.07128951698541641,3
3NGB_HL_G|AH57G,3NGB_HL_G,4JPK_HL_A,2,-0.056030333042144775,0.2988336384296417,1
"3NGB_HL_G|AH57G,VH58T,PH63K,VH74T",3NGB_HL_G,4JPK_HL_A,2,1.6734211444854736,-0.5783128142356873,1
"3NGB_HL_G|CH32S,CH102A",3NGB_HL_G,4JPK_HL_A,2,0.25899791717529297,0.1777903288602829,1
3NGB_HL_G|DH103A,3NGB_HL_G,4JPK_HL_A,2,0.05987142026424408,0.8613195419311523,1
3NGB_HL_G|EL88A,3NGB_HL_G,4JPK_HL_A,2,1.3199503421783447,2.804517984390259,1
3NGB_HL_G|FL89A,3NGB_HL_G,4JPK_HL_A,2,0.8588612675666809,0.7161409258842468,1
3NGB_HL_G|GH55A,3NGB_HL_G,4JPK_HL_A,2,-1.2766591310501099,0.3711967170238495,1
3NGB_HL_G|GH55S,3NGB_HL_G,4JPK_HL_A,2,0.7430435419082642,1.2135142087936401,1
3NGB_HL_G|GH56A,3NGB_HL_G,4JPK_HL_A,2,1.265610694885254,2.0131118297576904,1
3NGB_HL_G|IH30A,3NGB_HL_G,4JPK_HL_A,2,-0.0027431612834334373,-0.21946094930171967,1
3NGB_HL_G|IH30T,3NGB_HL_G,4JPK_HL_A,2,0.0733937993645668,-0.6948015093803406,1
"3NGB_HL_G|IH30T,KH52N,RH54N,GH55S,AH57G,VH58T,RH62Q,PH63K,VH74T,YH75S,YL26S",3NGB_HL_G,4JPK_HL_A,2,0.8621445298194885,-1.2726019620895386,1
3NGB_HL_G|KH52A,3NGB_HL_G,4JPK_HL_A,2,0.6228826642036438,1.5748023986816406,1
3NGB_HL_G|KH52N,3NGB_HL_G,4JPK_HL_A,2,0.17497001588344574,1.6630836725234985,1
3NGB_HL_G|MH70A,3NGB_HL_G,4JPK_HL_A,2,0.5305511951446533,-0.1671120673418045,1
3NGB_HL_G|NH105A,3NGB_HL_G,4JPK_HL_A,2,1.1185741424560547,0.13384133577346802,1
3NGB_HL_G|NH59A,3NGB_HL_G,4JPK_HL_A,2,1.7671242952346802,2.2539379596710205,1
3NGB_HL_G|PH63A,3NGB_HL_G,4JPK_HL_A,2,-0.04252044856548309,0.40536969900131226,1
3NGB_HL_G|PH63K,3NGB_HL_G,4JPK_HL_A,2,0.23252327740192413,0.2826724052429199,1
3NGB_HL_G|QH65A,3NGB_HL_G,4JPK_HL_A,2,-0.34038835763931274,0.1292690485715866,1
3NGB_HL_G|QL25A,3NGB_HL_G,4JPK_HL_A,2,-0.23060838878154755,0.7540865540504456,1
3NGB_HL_G|RH54A,3NGB_HL_G,4JPK_HL_A,2,-0.25938424468040466,1.4421452283859253,1
3NGB_HL_G|RH54N,3NGB_HL_G,4JPK_HL_A,2,0.04645045846700668,1.4494867324829102,1
3NGB_HL_G|RH62A,3NGB_HL_G,4JPK_HL_A,2,0.9958447813987732,2.329563856124878,1
3NGB_HL_G|RH62Q,3NGB_HL_G,4JPK_HL_A,2,0.09654992073774338,1.750251054763794,1
3NGB_HL_G|RH72A,3NGB_HL_G,4JPK_HL_A,2,1.6432175636291504,0.4996306002140045,1
3NGB_HL_G|SL28A,3NGB_HL_G,4JPK_HL_A,2,-0.14471176266670227,0.22208450734615326,1
3NGB_HL_G|TH33A,3NGB_HL_G,4JPK_HL_A,2,0.707163393497467,1.2261857986450195,1
3NGB_HL_G|TH33Y,3NGB_HL_G,4JPK_HL_A,2,0.08419385552406311,0.6024112701416016,1
"3NGB_HL_G|TH33Y,GH56S,AH57G,VH58T,PH63K,VH74T,YH75S",3NGB_HL_G,4JPK_HL_A,2,1.9381937980651855,2.1875109672546387,1
3NGB_HL_G|VH58A,3NGB_HL_G,4JPK_HL_A,2,1.3584283590316772,0.8143561482429504,1
3NGB_HL_G|VH58T,3NGB_HL_G,4JPK_HL_A,2,0.13787223398685455,0.29974037408828735,1
3NGB_HL_G|VH74A,3NGB_HL_G,4JPK_HL_A,2,1.087913990020752,0.0693209171295166,1
3NGB_HL_G|VH74T,3NGB_HL_G,4JPK_HL_A,2,0.1649392545223236,0.07248730957508087,1
3NGB_HL_G|VL1A,3NGB_HL_G,4JPK_HL_A,2,-0.7733631730079651,-0.36932167410850525,1
3NGB_HL_G|WH106A,3NGB_HL_G,4JPK_HL_A,2,4.4625020027160645,3.12264347076416,1
3NGB_HL_G|WH47A,3NGB_HL_G,4JPK_HL_A,2,1.202170729637146,5.565586566925049,1
3NGB_HL_G|WH50A,3NGB_HL_G,4JPK_HL_A,2,1.2917940616607666,7.640586853027344,1
3NGB_HL_G|YH104A,3NGB_HL_G,4JPK_HL_A,2,1.423586130142212,0.9695821404457092,1
3NGB_HL_G|YH60A,3NGB_HL_G,4JPK_HL_A,2,0.5484262704849243,2.423768997192383,1
3NGB_HL_G|YH75A,3NGB_HL_G,4JPK_HL_A,2,-0.19932223856449127,0.30174264311790466,1
3NGB_HL_G|YH75S,3NGB_HL_G,4JPK_HL_A,2,0.3325709104537964,-0.29309436678886414,1
3NGB_HL_G|YL26A,3NGB_HL_G,4JPK_HL_A,2,0.9852809309959412,0.1952401101589203,1
3NGB_HL_G|YL26S,3NGB_HL_G,4JPK_HL_A,2,0.651268720626831,-0.23631294071674347,1
3NGB_HL_G|YL87A,3NGB_HL_G,4JPK_HL_A,2,2.0227882862091064,4.89613676071167,1
3NPS_A_BC|DA214A,3NPS_A_BC,3NPS_A_BC,3,1.466742992401123,1.4328722953796387,2
3NPS_A_BC|DA46A,3NPS_A_BC,3NPS_A_BC,3,0.3399865925312042,0.872334361076355,2
3NPS_A_BC|DA47A,3NPS_A_BC,3NPS_A_BC,3,1.0674704313278198,0.9851491451263428,2
3NPS_A_BC|DA91A,3NPS_A_BC,3NPS_A_BC,3,1.5070340633392334,1.1187877655029297,2
3NPS_A_BC|EA163A,3NPS_A_BC,3NPS_A_BC,3,0.6153481602668762,-0.031460732221603394,2
3NPS_A_BC|FA50A,3NPS_A_BC,3NPS_A_BC,3,0.21957075595855713,1.1671907901763916,2
3NPS_A_BC|FA89A,3NPS_A_BC,3NPS_A_BC,3,1.5714044570922852,2.4188857078552246,2
3NPS_A_BC|FA92A,3NPS_A_BC,3NPS_A_BC,3,0.4635397791862488,0.8136030435562134,2
3NPS_A_BC|HA138A,3NPS_A_BC,3NPS_A_BC,3,1.875091791152954,1.9009233713150024,2
3NPS_A_BC|IA26A,3NPS_A_BC,3NPS_A_BC,3,0.6415424942970276,0.2430596947669983,2
3NPS_A_BC|IA45A,3NPS_A_BC,3NPS_A_BC,3,-0.3318178355693817,-0.036551445722579956,2
3NPS_A_BC|KA221A,3NPS_A_BC,3NPS_A_BC,3,-0.10361038893461227,0.22391071915626526,2
3NPS_A_BC|LA147A,3NPS_A_BC,3NPS_A_BC,3,0.29573628306388855,0.2877638339996338,2
3NPS_A_BC|NA90A,3NPS_A_BC,3NPS_A_BC,3,0.2534192204475403,0.7264971733093262,2
3NPS_A_BC|QA140A,3NPS_A_BC,3NPS_A_BC,3,0.29573628306388855,0.4099438190460205,2
3NPS_A_BC|QA168A,3NPS_A_BC,3NPS_A_BC,3,-0.05922383442521095,-0.06860701739788055,2
3NPS_A_BC|QA169A,3NPS_A_BC,3NPS_A_BC,3,0.740907609462738,0.4080652892589569,2
3NPS_A_BC|QA218A,3NPS_A_BC,3NPS_A_BC,3,-0.04091675579547882,0.5564169883728027,2
3NPS_A_BC|QA23A,3NPS_A_BC,3NPS_A_BC,3,0.026323748752474785,-0.2973019480705261,2
3NPS_A_BC|RA219A,3NPS_A_BC,3NPS_A_BC,3,-0.08390185981988907,-0.2565397620201111,2
3NPS_A_BC|RA48A,3NPS_A_BC,3NPS_A_BC,3,-1.0627410411834717,1.7042608261108398,2
3NPS_A_BC|RA51A,3NPS_A_BC,3NPS_A_BC,3,0.1381683647632599,-0.3996274173259735,2
3NPS_A_BC|RA82A,3NPS_A_BC,3NPS_A_BC,3,-0.15159542858600616,-0.5536642074584961,2
3NPS_A_BC|TA144A,3NPS_A_BC,3NPS_A_BC,3,0.17497001588344574,-0.2702953815460205,2
3NPS_A_BC|TA93A,3NPS_A_BC,3NPS_A_BC,3,0.7238123416900635,0.5193040370941162,2
3NPS_A_BC|YA141A,3NPS_A_BC,3NPS_A_BC,3,1.7748737335205078,3.933224678039551,2
3NPS_A_BC|YA52A,3NPS_A_BC,3NPS_A_BC,3,0.4518898129463196,-0.21078547835350037,2
3SE8_HL_G|DH110A,3SE8_HL_G,4JPK_HL_A,2,-0.38934898376464844,0.41500324010849,1
3SE8_HL_G|DH114A,3SE8_HL_G,4JPK_HL_A,2,-0.24413980543613434,-0.980255126953125,1
3SE8_HL_G|DL49A,3SE8_HL_G,4JPK_HL_A,2,0.8558487892150879,0.5188807845115662,1
3SE8_HL_G|EL1A,3SE8_HL_G,4JPK_HL_A,2,-0.5565174221992493,-0.33337873220443726,1
3SE8_HL_G|EL91A,3SE8_HL_G,4JPK_HL_A,2,1.5134910345077515,2.6025476455688477,1
3SE8_HL_G|FH115A,3SE8_HL_G,4JPK_HL_A,2,1.0676043033599854,0.10703258961439133,1
3SE8_HL_G|FL90A,3SE8_HL_G,4JPK_HL_A,2,-0.8640971779823303,2.7204270362854004,1
3SE8_HL_G|FL92A,3SE8_HL_G,4JPK_HL_A,2,0.8323253989219666,0.030880983918905258,1
3SE8_HL_G|GH56A,3SE8_HL_G,4JPK_HL_A,2,0.35709720849990845,0.5946246981620789,1
3SE8_HL_G|KH52A,3SE8_HL_G,4JPK_HL_A,2,1.1114144325256348,1.9512248039245605,1
3SE8_HL_G|LH54A,3SE8_HL_G,4JPK_HL_A,2,0.054776184260845184,1.6601437330245972,1
3SE8_HL_G|NL30A,3SE8_HL_G,4JPK_HL_A,2,0.1943492293357849,-0.21953687071800232,1
3SE8_HL_G|PH78A,3SE8_HL_G,4JPK_HL_A,2,0.018817869946360588,0.27401411533355713,1
3SE8_HL_G|PH81A,3SE8_HL_G,4JPK_HL_A,2,-0.07091985642910004,1.792270541191101,1
3SE8_HL_G|QH63A,3SE8_HL_G,4JPK_HL_A,2,1.1144250631332397,1.2001049518585205,1
3SE8_HL_G|QH65A,3SE8_HL_G,4JPK_HL_A,2,0.5498050451278687,0.37645241618156433,1
3SE8_HL_G|QH76A,3SE8_HL_G,4JPK_HL_A,2,0.0968998521566391,0.4066793918609619,1
3SE8_HL_G|QL27A,3SE8_HL_G,4JPK_HL_A,2,-0.21612903475761414,-0.13779188692569733,1
3SE8_HL_G|RH30A,3SE8_HL_G,4JPK_HL_A,2,-0.03949762135744095,1.3285771608352661,1
3SE8_HL_G|RH62A,3SE8_HL_G,4JPK_HL_A,2,1.2061691284179688,1.6729469299316406,1
3SE8_HL_G|RH72A,3SE8_HL_G,4JPK_HL_A,2,2.6444623470306396,-0.07349266111850739,1
3SE8_HL_G|SH59A,3SE8_HL_G,4JPK_HL_A,2,1.150840163230896,-0.04745682701468468,1
3SE8_HL_G|VH58A,3SE8_HL_G,4JPK_HL_A,2,1.2496851682662964,-0.08195875585079193,1
3SE8_HL_G|WH47A,3SE8_HL_G,4JPK_HL_A,2,1.4751466512680054,5.094104766845703,1
3SE8_HL_G|WH50A,3SE8_HL_G,4JPK_HL_A,2,1.3335260152816772,6.727842807769775,1
3SE8_HL_G|WH55A,3SE8_HL_G,4JPK_HL_A,2,0.7611055970191956,4.267413139343262,1
3SE8_HL_G|YH111A,3SE8_HL_G,4JPK_HL_A,2,0.8299216628074646,0.20448699593544006,1
3SE8_HL_G|YH60A,3SE8_HL_G,4JPK_HL_A,2,0.8558487892150879,0.16211117804050446,1
3SE9_HL_G|DH77A,3SE9_HL_G,4JPK_HL_A,2,-0.7664816975593567,1.7265903949737549,1
3SE9_HL_G|EL90A,3SE9_HL_G,4JPK_HL_A,2,0.41735973954200745,1.7590487003326416,1
3SE9_HL_G|FL91A,3SE9_HL_G,4JPK_HL_A,2,0.02361568808555603,0.9105211496353149,1
3SE9_HL_G|GH106A,3SE9_HL_G,4JPK_HL_A,2,-0.30757978558540344,-0.20134782791137695,1
3SE9_HL_G|GH107A,3SE9_HL_G,4JPK_HL_A,2,-0.6151595711708069,-0.9570255279541016,1
3SE9_HL_G|GH109A,3SE9_HL_G,4JPK_HL_A,2,0.18514356017112732,1.066297173500061,1
3SE9_HL_G|GH57A,3SE9_HL_G,4JPK_HL_A,2,0.45244479179382324,1.6080732345581055,1
3SE9_HL_G|GH62A,3SE9_HL_G,4JPK_HL_A,2,0.04633999988436699,0.9708827137947083,1
3SE9_HL_G|GL29A,3SE9_HL_G,4JPK_HL_A,2,0.4636997580528259,-0.04018617421388626,1
3SE9_HL_G|LH34A,3SE9_HL_G,4JPK_HL_A,2,0.5659998655319214,1.2167589664459229,1
3SE9_HL_G|LL89A,3SE9_HL_G,4JPK_HL_A,2,0.9642429947853088,3.8896777629852295,1
3SE9_HL_G|NH60A,3SE9_HL_G,4JPK_HL_A,2,1.5217615365982056,3.5138096809387207,1
3SE9_HL_G|PH64A,3SE9_HL_G,4JPK_HL_A,2,-0.4419395923614502,-0.5656378269195557,1
3SE9_HL_G|RH67A,3SE9_HL_G,4JPK_HL_A,2,1.4695448875427246,2.4039101600646973,1
3SE9_HL_G|RH74A,3SE9_HL_G,4JPK_HL_A,2,2.6792571544647217,0.5747397541999817,1
3SE9_HL_G|RH76A,3SE9_HL_G,4JPK_HL_A,2,-0.23221619427204132,2.2194626331329346,1
3SE9_HL_G|TH105A,3SE9_HL_G,4JPK_HL_A,2,-0.4419395923614502,-0.3084193468093872,1
3SE9_HL_G|TH56A,3SE9_HL_G,4JPK_HL_A,2,-0.85929936170578,1.5339837074279785,1
3SE9_HL_G|VH55A,3SE9_HL_G,4JPK_HL_A,2,-0.85929936170578,0.47115758061408997,1
3SE9_HL_G|VH59A,3SE9_HL_G,4JPK_HL_A,2,0.9833595752716064,0.42349550127983093,1
3SE9_HL_G|VL3A,3SE9_HL_G,4JPK_HL_A,2,-0.49433115124702454,-0.0868297889828682,1
3SE9_HL_G|WH48A,3SE9_HL_G,4JPK_HL_A,2,1.0584464073181152,4.891827583312988,1
3SE9_HL_G|WH51A,3SE9_HL_G,4JPK_HL_A,2,1.2756949663162231,7.770403861999512,1
3SE9_HL_G|YH104A,3SE9_HL_G,4JPK_HL_A,2,0.4636997580528259,-0.05613933503627777,1
3SE9_HL_G|YL28A,3SE9_HL_G,4JPK_HL_A,2,1.1177194118499756,-0.18185359239578247,1
3W2D_A_HL|KA67N,3W2D_A_HL,3W2D_A_HL,3,4.621938228607178,2.466517686843872,2
3W2D_A_HL|KA67R,3W2D_A_HL,3W2D_A_HL,3,-0.4281201660633087,1.660111665725708,2
3W2D_A_HL|YA45F,3W2D_A_HL,3W2D_A_HL,3,0.87794429063797,1.5600481033325195,2
3W2D_A_HL|YA45L,3W2D_A_HL,3W2D_A_HL,3,2.3647563457489014,2.763364315032959,2
4GXU_ABCDEF_MN|DA189E,4GXU_ABCDEF_MN,4NM8_ABCDEF_HL,3,2.165088176727295,2.655029058456421,1
"4GXU_ABCDEF_MN|DA189E,DA224G",4GXU_ABCDEF_MN,4NM8_ABCDEF_HL,3,3.0102076530456543,2.8943631649017334,1
4GXU_ABCDEF_MN|DA224G,4GXU_ABCDEF_MN,4NM8_ABCDEF_HL,3,1.9608781337738037,3.1561455726623535,1
4I77_HL_Z|DH54A,4I77_HL_Z,4I77_HL_Z,2,2.6192855834960938,4.044953346252441,2
4I77_HL_Z|NL95A,4I77_HL_Z,4I77_HL_Z,2,1.3801531791687012,1.4085471630096436,2
4I77_HL_Z|WH52A,4I77_HL_Z,4I77_HL_Z,2,2.570094585418701,3.8012752532958984,2
4I77_HL_Z|WH52F,4I77_HL_Z,4I77_HL_Z,2,2.5161404609680176,1.4963961839675903,2
4I77_HL_Z|YH100A,4I77_HL_Z,4I77_HL_Z,2,0.0,0.9651200771331787,2
4I77_HL_Z|YH100F,4I77_HL_Z,4I77_HL_Z,2,0.0,-1.0128177404403687,2
4I77_HL_Z|YH101A,4I77_HL_Z,4I77_HL_Z,2,1.6538389921188354,2.383298635482788,2
4I77_HL_Z|YH101F,4I77_HL_Z,4I77_HL_Z,2,0.0,0.04523796588182449,2
4I77_HL_Z|YH103A,4I77_HL_Z,4I77_HL_Z,2,2.1974382400512695,3.2864646911621094,2
4I77_HL_Z|YH103F,4I77_HL_Z,4I77_HL_Z,2,0.3279486298561096,0.7579540610313416,2
4I77_HL_Z|YL32A,4I77_HL_Z,4I77_HL_Z,2,0.815065860748291,0.31091850996017456,2
4I77_HL_Z|YL32F,4I77_HL_Z,4I77_HL_Z,2,0.0,-0.9134349822998047,2
4JPK_HL_A|DA141R,4JPK_HL_A,4JPK_HL_A,2,3.857322931289673,2.1472036838531494,1
"4JPK_HL_A|DA159N,DA33N",4JPK_HL_A,4JPK_HL_A,2,0.61896812915802,-0.7894862294197083,1
4JPK_HL_A|FA144I,4JPK_HL_A,4JPK_HL_A,2,1.3875174522399902,1.3110792636871338,1
4JPK_HL_A|FA63L,4JPK_HL_A,4JPK_HL_A,2,1.16728675365448,-0.6440597772598267,1
4JPK_HL_A|RA130K,4JPK_HL_A,4JPK_HL_A,2,0.23006604611873627,0.5713845491409302,1
4JPK_HL_A|RA81T,4JPK_HL_A,4JPK_HL_A,2,0.7587030529975891,0.09858019649982452,1
4JPK_HL_A|SA41G,4JPK_HL_A,4JPK_HL_A,2,2.1516950130462646,0.0937199667096138,1
4JPK_HL_A|TA35S,4JPK_HL_A,4JPK_HL_A,2,-0.0320933572947979,-0.3104541301727295,1
4JPK_HL_A|VA30N,4JPK_HL_A,4JPK_HL_A,2,0.5945948362350464,-0.7938861846923828,1
"4KRL_A_B|DA49T,FA51A",4KRL_A_B,3N85_A_LH,3,1.8524322509765625,1.6072252988815308,3
4KRL_A_B|DB112A,4KRL_A_B,3N85_A_LH,3,0.6496816873550415,2.714770555496216,3
4KRL_A_B|RB30A,4KRL_A_B,3N85_A_LH,3,1.7202895879745483,1.9441529512405396,3
"4KRO_A_B|DA321T,FA323A",4KRO_A_B,3N85_A_LH,3,0.12697069346904755,0.2585476338863373,3
4KRO_A_B|DB92A,4KRO_A_B,3N85_A_LH,3,1.5042240619659424,0.9337746500968933,3
4KRO_A_B|RB15A,4KRO_A_B,3N85_A_LH,3,1.5832995176315308,1.6488248109817505,3
"4KRP_A_B|DA277T,FA279A",4KRP_A_B,3N85_A_LH,3,0.358296662569046,0.17646485567092896,3
4KRP_A_B|EB105A,4KRP_A_B,3N85_A_LH,3,1.606045126914978,0.9639124870300293,3
4NM8_ABCDEF_HL|DB19N,4NM8_ABCDEF_HL,4NM8_ABCDEF_HL,3,0.661499559879303,2.2818570137023926,1
4NM8_ABCDEF_HL|IB18M,4NM8_ABCDEF_HL,4NM8_ABCDEF_HL,3,0.1097799763083458,0.9903267621994019,1
4NM8_ABCDEF_HL|LB38Y,4NM8_ABCDEF_HL,4NM8_ABCDEF_HL,3,-0.6151595711708069,0.0350492000579834,1
4NM8_ABCDEF_HL|QB34R,4NM8_ABCDEF_HL,4NM8_ABCDEF_HL,3,2.975475788116455,2.684434413909912,1
4NM8_ABCDEF_HL|QB34T,4NM8_ABCDEF_HL,4NM8_ABCDEF_HL,3,2.3309385776519775,2.303009271621704,1
4NM8_ABCDEF_HL|RB25M,4NM8_ABCDEF_HL,4NM8_ABCDEF_HL,3,3.4423530101776123,2.755946397781372,1
4NM8_ABCDEF_HL|TB32E,4NM8_ABCDEF_HL,4NM8_ABCDEF_HL,3,-0.551719605922699,1.9553476572036743,1
4NM8_ABCDEF_HL|TB32I,4NM8_ABCDEF_HL,4NM8_ABCDEF_HL,3,-0.05020597204566002,1.5610603094100952,1
4NM8_ABCDEF_HL|TB32R,4NM8_ABCDEF_HL,4NM8_ABCDEF_HL,3,1.2211943864822388,1.9015275239944458,1
4U6H_AB_E|NE21A,4U6H_AB_E,4U6H_AB_E,3,-0.34807950258255005,1.5102850198745728,1
4U6H_AB_E|QE25A,4U6H_AB_E,4U6H_AB_E,3,0.11883454024791718,0.7017048597335815,1
4ZS6_HL_A|EA156A,4ZS6_HL_A,4ZS6_HL_A,3,3.0386664867401123,1.3581981658935547,2
4ZS6_HL_A|YA160A,4ZS6_HL_A,4ZS6_HL_A,3,-0.11025045812129974,0.665600597858429,2
