row_id,ddg_true,ddg_pred,fold,seed
1AHW_AB_C|DC167A,-0.4845926,1.1402947,0,0
"1AHW_AB_C|KC138A,DC139A",1.1814722,1.7115688,0,0
"1AHW_AB_C|KC154A,KC155A",-1.329712,0.4840381,0,0
1AHW_AB_C|LC165A,0.9869364,0.25849682,0,0
1AHW_AB_C|NC188A,1.0782224,0.73611635,0,0
"1AHW_AB_C|TC110A,KC111A",0.6388569,0.39695454,0,0
1AHW_AB_C|TC156A,-0.07411996,0.01832906,0,0
1AHW_AB_C|TC159A,1.105771,0.03725759,0,0
1AHW_AB_C|TC186A,1.345882,-0.0025721872,0,0
1AHW_AB_C|VC187A,-0.31423107,0.1136764,0,0
1AHW_AB_C|YC146A,-1.8890098,0.77998483,0,0
1BJ1_HL_VW|HH101Y,-1.5835956,-0.5182423,0,0
"1BJ1_HL_VW|HH101Y,YH103I,GH104A,SH105K",-0.43125325,-0.15202524,0,0
"1BJ1_HL_VW|HH101Y,YH103R,GH104N,SH105T",-0.7626503,-0.1846471,0,0
"1BJ1_HL_VW|HH101Y,YH103R,SH105T",-1.173123,-0.22636022,0,0
1BJ1_HL_VW|HH107A,0.78965265,0.5274742,0,0
"1BJ1_HL_VW|LH72I,TH74K",0.076517485,0.044517186,0,0
"1BJ1_HL_VW|LH72V,TH74V",0.6706598,-0.1200585,0,0
"1BJ1_HL_VW|ML4L,TH28D,NH31H,HH101Y,SH105T",-1.52138,-1.7569767,0,0
1BJ1_HL_VW|NH31H,-0.7626503,-0.56009597,0,0
1BJ1_HL_VW|SH105T,-0.39039657,0.047164284,0,0
1BJ1_HL_VW|TH28D,-0.22003505,-0.7745143,0,0
"1BJ1_HL_VW|TH28D,NH31H",-0.6929008,-1.222308,0,0
"1BJ1_HL_VW|TH28D,NH31H,YH54W,HH101Y,SH105T",-1.2034981,-1.0815771,0,0
1BJ1_HL_VW|TH59A,0.85066694,0.18078323,0,0
1BJ1_HL_VW|YH27A,2.2425284,0.11747871,0,0
1BJ1_HL_VW|YH54A,1.3276595,0.99474084,0,0
1BJ1_HL_VW|YH54W,-0.13726985,0.5799888,0,0
1BJ1_HL_VW|YH99A,4.438761,1.2935553,0,0
1DQJ_AB_C|DB32A,2.0134337,0.36738473,0,0
"1DQJ_AB_C|DB32A,KC97A",1.1223834,0.82001823,0,0
1DQJ_AB_C|DC101A,1.3765504,0.4775078,0,0
1DQJ_AB_C|KC96A,6.15582,0.16368665,0,0
1DQJ_AB_C|KC97A,3.5197058,0.1848943,0,0
1DQJ_AB_C|LC75A,1.452407,0.059576653,0,0
1DQJ_AB_C|NA31A,2.0134337,0.070260055,0,0
1DQJ_AB_C|NA32A,4.0906816,0.1927374,0,0
"1DQJ_AB_C|NA32A,KC96A",5.801848,0.3699384,0,0
1DQJ_AB_C|NC93A,0.64987326,0.24177994,0,0
1DQJ_AB_C|RC21A,1.2137709,0.22703768,0,0
1DQJ_AB_C|SA91A,1.4318883,0.7596862,0,0
"1DQJ_AB_C|SA91A,RC21A",3.1707318,0.78144485,0,0
"1DQJ_AB_C|SA91A,YC20A",3.573092,0.7768722,0,0
1DQJ_AB_C|SC100A,0.7755829,0.14731067,0,0
1DQJ_AB_C|TC89A,0.84084374,0.06491086,0,0
1DQJ_AB_C|WB98A,4.931525,2.129756,0,0
"1DQJ_AB_C|WB98A,KC97A",6.660086,2.4748938,0,0
"1DQJ_AB_C|WB98A,SC100A",5.3622456,2.6003919,0,0
"1DQJ_AB_C|WB98A,YC20A",5.1120973,2.4756882,0,0
1DQJ_AB_C|WC62A,0.7580786,0.30068663,0,0
1DQJ_AB_C|WC63A,1.3462692,0.24983247,0,0
1DQJ_AB_C|YA50A,2.678299,0.70808387,0,0
1DQJ_AB_C|YA96A,1.135051,0.15208569,0,0
"1DQJ_AB_C|YA96A,RC21A",3.4851997,0.51518995,0,0
"1DQJ_AB_C|YA96A,SC100A",0.91344726,0.7138098,0,0
1DQJ_AB_C|YB33A,5.524465,3.0753627,0,0
1DQJ_AB_C|YB50A,6.8880253,2.2682722,0,0
1DQJ_AB_C|YB53A,1.1802781,1.6858038,0,0
"1DQJ_AB_C|YB53A,DC101A",2.727121,2.0656788,0,0
"1DQJ_AB_C|YB53A,LC75A",1.2168618,1.9711907,0,0
"1DQJ_AB_C|YB53A,WC62A",1.286308,1.9036628,0,0
"1DQJ_AB_C|YB53A,WC63A",2.1992323,1.8840153,0,0
1DQJ_AB_C|YC20A,3.2857084,0.45410806,0,0
1XGT_AB_C|LB33A,2.1988916,1.4707466,0,0
1XGT_AB_C|LB33F,-1.8617703,-2.4261959,0,0
1XGT_AB_C|LB33I,-0.061315425,0.43315998,0,0
1XGT_AB_C|LB33V,1.0463123,0.7055326,0,0
"3BDY_HL_V|DL28N,PL30A,RL31K,SL32T,TL97S,TL98S",-0.9690793,-0.46927756,0,0
"3BDY_HL_V|DL28N,PL30A,RL31K,SL32T,TL97S,TL98S,KH31S,DH32G,TH55S,NH56E,GH101V,DH103V",-2.7154896,-2.2512293,0,0
"3BDY_HL_V|DL28N,PL30A,RL31K,SL32T,TL97S,TL98S,KH31S,DH32G,TH55S,NH56E,GH101V,DH103V,RH51A,RH60A",-2.7728782,-0.25581497,0,0
"3BDY_HL_V|DL28N,PL30A,RL31K,SL32T,YL57F,TL97S,TL98S",-0.97316396,-0.30843368,0,0
"3BDY_HL_V|DL28N,PL30A,RL31K,SL32T,YL57F,TL97S,TL98S,KH31S,DH32G,TH55S,NH56E,GH101V,DH103V",-2.727121,-2.1029215,0,0
3HFM_HL_Y|DH32A,1.8982269,0.45864472,0,0
"3HFM_HL_Y|DH32A,KY97A",4.59244,0.96935093,0,0
"3HFM_HL_Y|DH32A,KY97M",1.1234494,0.7235658,0,0
3HFM_HL_Y|DH32N,0.17036153,0.3906663,0,0
"3HFM_HL_Y|DH32N,KY97A",4.891551,0.916286,0,0
"3HFM_HL_Y|DH32N,KY97M",0.3025042,0.42509043,0,0
3HFM_HL_Y|DY101A,1.2081919,0.52865,0,0
3HFM_HL_Y|DY101E,2.132881,0.2346407,0,0
3HFM_HL_Y|DY101F,2.3282614,0.3179535,0,0
3HFM_HL_Y|DY101G,0.35884774,0.44829142,0,0
3HFM_HL_Y|DY101K,2.1245396,0.5012909,0,0
3HFM_HL_Y|DY101N,1.4911126,0.5358276,0,0
3HFM_HL_Y|DY101Q,2.0851746,0.3274656,0,0
3HFM_HL_Y|DY101R,2.2798727,0.3835832,0,0
3HFM_HL_Y|DY101S,1.8694,0.4789168,0,0
3HFM_HL_Y|GY102V,0.395285,-0.013395551,0,0
3HFM_HL_Y|HY15A,-0.4453172,0.49990347,0,0
3HFM_HL_Y|IY98A,0.0,0.20806155,0,0
3HFM_HL_Y|KY96A,6.9881644,0.19066396,0,0
3HFM_HL_Y|KY96M,6.776946,0.088904396,0,0
3HFM_HL_Y|KY96R,5.353003,-0.010744775,0,0
3HFM_HL_Y|KY97A,5.8614063,0.19038749,0,0
3HFM_HL_Y|KY97D,6.7684255,-0.33680427,0,0
3HFM_HL_Y|KY97E,3.6045077,-0.12998989,0,0
3HFM_HL_Y|KY97G,6.4305563,-0.05086551,0,0
3HFM_HL_Y|KY97M,0.9469717,-0.04583164,0,0
3HFM_HL_Y|KY97R,3.0528512,-0.24088971,0,0
3HFM_HL_Y|LY75A,0.70445603,0.06487141,0,0
3HFM_HL_Y|NL31A,5.214131,0.04500735,0,0
"3HFM_HL_Y|NL31A,KY96A",7.4683867,0.24932933,0,0
3HFM_HL_Y|NL31D,1.3434845,-0.24130669,0,0
3HFM_HL_Y|NL31E,5.707369,-0.0731217,0,0
3HFM_HL_Y|NL32A,5.107346,0.22124718,0,0
3HFM_HL_Y|NY19D,0.41047263,-0.35331565,0,0
3HFM_HL_Y|NY19K,0.2401111,0.02528334,0,0
3HFM_HL_Y|NY19Q,-0.042485796,-0.17506807,0,0
3HFM_HL_Y|NY93A,0.21121821,0.24848217,0,0
3HFM_HL_Y|QL53A,0.9530879,0.17295362,0,0
3HFM_HL_Y|RY21A,0.8618019,0.23549595,0,0
3HFM_HL_Y|RY21E,2.4534352,-0.28674996,0,0
3HFM_HL_Y|RY21G,2.4220753,-0.00875847,0,0
3HFM_HL_Y|RY21H,2.1693182,-0.09992672,0,0
3HFM_HL_Y|RY21K,1.766342,0.20218985,0,0
3HFM_HL_Y|RY21M,2.0498905,0.18995291,0,0
3HFM_HL_Y|RY21N,2.3282614,0.22247586,0,0
3HFM_HL_Y|RY21Q,2.3975346,-0.024339356,0,0
3HFM_HL_Y|RY21W,2.132881,-0.041362833,0,0
3HFM_HL_Y|RY73A,-0.3313971,0.1838771,0,0
3HFM_HL_Y|SH31A,0.17036153,0.10993844,0,0
3HFM_HL_Y|SY100A,0.26765963,0.12524787,0,0
3HFM_HL_Y|TY89A,0.0,0.0938014,0,0
3HFM_HL_Y|WH98A,5.5106835,1.8519161,0,0
"3HFM_HL_Y|WH98A,KY96A",7.730034,2.2894752,0,0
3HFM_HL_Y|WH98F,3.245562,0.21128657,0,0
"3HFM_HL_Y|WH98F,YY20A",6.2290196,0.7381235,0,0
3HFM_HL_Y|WY63A,0.31918663,0.27471808,0,0
3HFM_HL_Y|YH33A,6.035076,1.8347927,0,0
"3HFM_HL_Y|YH33A,KY97A",7.2282753,2.2501416,0,0
3HFM_HL_Y|YH33F,1.0712212,0.8567977,0,0
3HFM_HL_Y|YH33L,2.0069382,1.5868021,0,0
3HFM_HL_Y|YH33W,1.7495645,1.0839313,0,0
3HFM_HL_Y|YH50A,7.3195615,1.7895741,0,0
"3HFM_HL_Y|YH50A,RY21A",7.941252,2.187307,0,0
3HFM_HL_Y|YH50F,1.6099914,0.3116343,0,0
3HFM_HL_Y|YH50L,2.8488367,0.7427545,0,0
3HFM_HL_Y|YH53A,3.25038,1.0834489,0,0
3HFM_HL_Y|YH53F,0.62049925,0.5558627,0,0
3HFM_HL_Y|YH53L,0.8068894,0.8327267,0,0
3HFM_HL_Y|YH53W,0.7061819,0.6408887,0,0
3HFM_HL_Y|YH58A,1.6760437,0.9797482,0,0
3HFM_HL_Y|YH58F,0.36312544,0.60141003,0,0
3HFM_HL_Y|YH58L,1.5136731,1.0260017,0,0
3HFM_HL_Y|YL50A,4.5575957,0.8540973,0,0
"3HFM_HL_Y|YL50A,KY96A",7.730034,1.26362,0,0
"3HFM_HL_Y|YL50A,KY97A",7.3195615,1.2873302,0,0
"3HFM_HL_Y|YL50A,RY21A",6.3664737,1.2275233,0,0
3HFM_HL_Y|YL50F,2.3548672,0.64041287,0,0
"3HFM_HL_Y|YL50F,RY21A",4.330793,1.0349246,0,0
"3HFM_HL_Y|YL50F,YY20A",6.2236605,1.1391017,0,0
3HFM_HL_Y|YL50L,4.3931856,0.7584078,0,0
3HFM_HL_Y|YL96A,2.707045,0.1927701,0,0
"3HFM_HL_Y|YL96A,RY21A",5.7567463,0.58831376,0,0
3HFM_HL_Y|YL96F,1.4017794,0.11679422,0,0
"3HFM_HL_Y|YL96F,RY21A",4.1819677,0.533399,0,0
3HFM_HL_Y|YY20A,4.5737796,0.5165252,0,0
3HFM_HL_Y|YY20F,-0.4839681,0.5211912,0,0
3HFM_HL_Y|YY20L,2.1845057,0.53973985,0,0
3SE9_HL_G|DH77A,-0.7664817,0.26647162,0,0
3SE9_HL_G|EL90A,0.41735974,0.4675207,0,0
3SE9_HL_G|FL91A,0.023615688,0.44286945,0,0
3SE9_HL_G|GH106A,-0.3075798,0.06608659,0,0
3SE9_HL_G|GH107A,-0.6151596,0.078510076,0,0
3SE9_HL_G|GH109A,0.18514356,0.09474094,0,0
3SE9_HL_G|GH57A,0.4524448,0.1862643,0,0
3SE9_HL_G|GH62A,0.04634,0.07844795,0,0
3SE9_HL_G|GL29A,0.46369976,0.050263032,0,0
3SE9_HL_G|LH34A,0.56599987,0.9438284,0,0
3SE9_HL_G|LL89A,0.964243,0.13748159,0,0
3SE9_HL_G|NH60A,1.5217615,0.34012184,0,0
3SE9_HL_G|PH64A,-0.4419396,0.040751886,0,0
3SE9_HL_G|RH67A,1.4695449,0.11901491,0,0
3SE9_HL_G|RH74A,2.6792572,1.2617732,0,0
3SE9_HL_G|RH76A,-0.2322162,0.59164363,0,0
3SE9_HL_G|TH105A,-0.4419396,0.07826789,0,0
3SE9_HL_G|TH56A,-0.85929936,0.9015508,0,0
3SE9_HL_G|VH55A,-0.85929936,0.44906735,0,0
3SE9_HL_G|VH59A,0.9833596,0.5280927,0,0
3SE9_HL_G|VL3A,-0.49433115,0.08819781,0,0
3SE9_HL_G|WH48A,1.0584464,1.1421136,0,0
3SE9_HL_G|WH51A,1.275695,1.6693403,0,0
3SE9_HL_G|YH104A,0.46369976,0.58431643,0,0
3SE9_HL_G|YL28A,1.1177194,0.15853031,0,0
4U6H_AB_E|NE21A,-0.3480795,0.26073125,0,0
4U6H_AB_E|QE25A,0.11883454,1.0337249,0,0
4ZS6_HL_A|EA156A,3.0386665,0.7070725,0,0
4ZS6_HL_A|YA160A,-0.11025046,1.3492657,0,0
1KIP_AB_C|AB32Y,-0.8005932,-0.892341,1,0
1XGU_AB_C|FB33A,4.060662,4.1570177,1,0
1XGU_AB_C|FB33I,1.8004549,1.832265,1,0
1XGU_AB_C|FB33L,1.8617703,2.0722563,1,0
1XGU_AB_C|FB33V,2.9080825,3.0349152,1,0
2B2X_HL_A|EH64K,-0.033433665,-0.03289228,1,0
"2B2X_HL_A|EH64K,QL28S,YL52N",0.911615,0.32275355,1,0
"2B2X_HL_A|EH64K,QL28S,YL52N,GH102S",2.7106705,1.5479851,1,0
"2B2X_HL_A|EH64K,QL28S,YL52N,SH35A",3.119054,2.3302872,1,0
"2B2X_HL_A|EH64K,QL28S,YL52N,SH35V",3.770335,2.9313898,1,0
"2B2X_HL_A|EH64K,YL52N",0.34853002,0.21291138,1,0
"2B2X_HL_A|QL28S,YL52N",0.8626942,0.3473562,1,0
2B2X_HL_A|VH50T,0.024054652,0.55004853,1,0
"2B2X_HL_A|VH50T,EH64D,QL28S,YL52N",0.87177193,0.9113212,1,0
"2B2X_HL_A|VH50T,EH64K,QL28S",0.991589,0.7321527,1,0
"2B2X_HL_A|VH50T,EH64K,QL28S,YL52D",1.5439764,0.46740443,1,0
"2B2X_HL_A|VH50T,EH64K,QL28S,YL52E",0.95452905,0.7426195,1,0
"2B2X_HL_A|VH50T,EH64K,QL28S,YL52K",1.7007239,0.88137025,1,0
"2B2X_HL_A|VH50T,EH64K,QL28S,YL52N",1.043214,0.893603,1,0
"2B2X_HL_A|VH50T,EH64K,QL28S,YL52N,FH99W",1.043214,0.851047,1,0
"2B2X_HL_A|VH50T,EH64K,QL28S,YL52N,FH99Y",1.7978828,0.88259107,1,0
"2B2X_HL_A|VH50T,EH64K,QL28S,YL52N,GH100F",1.4322319,2.4054093,1,0
"2B2X_HL_A|VH50T,EH64K,QL28S,YL52N,GH100L",3.770335,2.0115721,1,0
"2B2X_HL_A|VH50T,EH64K,QL28S,YL52N,GH100M",1.145348,0.93521816,1,0
"2B2X_HL_A|VH50T,EH64K,QL28S,YL52N,GH100S",1.6009614,0.914039,1,0
"2B2X_HL_A|VH50T,EH64K,QL28S,YL52N,GH53A",1.5558206,2.122443,1,0
"2B2X_HL_A|VH50T,EH64K,QL28S,YL52N,GH53N",2.2985272,1.6459672,1,0
"2B2X_HL_A|VH50T,EH64K,QL28S,YL52N,GH53S",1.7188073,1.3931527,1,0
"2B2X_HL_A|VH50T,EH64K,QL28S,YL52N,GH54I",2.4067745,2.1369686,1,0
"2B2X_HL_A|VH50T,EH64K,QL28S,YL52N,GH54T",2.2073808,2.2268882,1,0
"2B2X_HL_A|VH50T,EH64K,QL28S,YL52N,GH54Y",1.043214,1.2054116,1,0
"2B2X_HL_A|VH50T,EH64K,QL28S,YL52N,GL92Q",2.6158988,1.6541555,1,0
"2B2X_HL_A|VH50T,EH64K,QL28S,YL52N,GL92S",1.5558206,0.90683484,1,0
"2B2X_HL_A|VH50T,EH64K,QL28S,YL52N,HL31K",2.2073808,1.0767813,1,0
"2B2X_HL_A|VH50T,EH64K,QL28S,YL52N,HL31R",2.1670115,0.99328744,1,0
"2B2X_HL_A|VH50T,EH64K,QL28S,YL52N,HL31W",2.2985272,0.74311084,1,0
"2B2X_HL_A|VH50T,EH64K,QL28S,YL52N,LH60D",0.981894,0.71004117,1,0
"2B2X_HL_A|VH50T,EH64K,QL28S,YL52N,LL49F",1.7554936,0.5428791,1,0
"2B2X_HL_A|VH50T,EH64K,QL28S,YL52N,LL49K",1.9044149,1.365088,1,0
"2B2X_HL_A|VH50T,EH64K,QL28S,YL52N,LL49W",2.9507816,0.8089269,1,0
"2B2X_HL_A|VH50T,EH64K,QL28S,YL52N,NL30V",2.0925434,1.2670211,1,0
"2B2X_HL_A|VH50T,EH64K,QL28S,YL52N,NL30W",2.6158988,0.63730395,1,0
"2B2X_HL_A|VH50T,EH64K,QL28S,YL52N,NL30Y",2.9507816,0.48379448,1,0
"2B2X_HL_A|VH50T,EH64K,QL28S,YL52N,NL30Y,SL91I",1.4775821,1.4136045,1,0
"2B2X_HL_A|VH50T,EH64K,QL28S,YL52N,RH31Q",2.350542,0.8135922,1,0
"2B2X_HL_A|VH50T,EH64K,QL28S,YL52N,SH35A",2.6158988,2.611802,1,0
"2B2X_HL_A|VH50T,EH64K,QL28S,YL52N,SH35A,GH102S",2.6158988,2.2279272,1,0
"2B2X_HL_A|VH50T,EH64K,QL28S,YL52N,SH35Q",3.770335,2.8860528,1,0
"2B2X_HL_A|VH50T,EH64K,QL28S,YL52N,SH35V,GH102S",2.4688888,2.4039588,1,0
"2B2X_HL_A|VH50T,EH64K,QL28S,YL52N,SH52M",3.119054,1.5924523,1,0
"2B2X_HL_A|VH50T,EH64K,QL28S,YL52N,SL24R",0.82788163,0.8977599,1,0
"2B2X_HL_A|VH50T,EH64K,QL28S,YL52N,SL91Q",2.8172472,1.3060759,1,0
"2B2X_HL_A|VH50T,EH64K,QL28S,YL52N,SL91R",3.770335,0.9449593,1,0
"2B2X_HL_A|VH50T,EH64K,QL28S,YL52N,SL91R,NL30E",3.770335,1.2682785,1,0
"2B2X_HL_A|VH50T,EH64K,QL28S,YL52N,SL91T",3.3598623,2.1520822,1,0
"2B2X_HL_A|VH50T,EH64K,QL28S,YL52N,TH33E,GH53Q",2.7106705,1.899683,1,0
"2B2X_HL_A|VH50T,EH64K,QL28S,YL52N,TH33I,SH52T,GH53N,GH54N",2.9507816,2.7004251,1,0
"2B2X_HL_A|VH50T,EH64K,QL28S,YL52N,TH33I,SH52T,GH53Q,GH54F",2.2985272,2.932945,1,0
"2B2X_HL_A|VH50T,EH64K,QL28S,YL52N,TH33N",3.770335,0.7506998,1,0
"2B2X_HL_A|VH50T,EH64K,QL28S,YL52N,TH33V",1.4775821,0.9751463,1,0
"2B2X_HL_A|VH50T,EH64K,QL28S,YL52N,WL90Q",3.119054,2.014125,1,0
"2B2X_HL_A|VH50T,EH64K,QL28S,YL52N,WL90Q,FL33Y",1.914233,1.772195,1,0
"2B2X_HL_A|VH50T,EH64K,QL28S,YL52N,YH58E",3.119054,2.495959,1,0
"2B2X_HL_A|VH50T,EH64K,QL28S,YL52N,YH58Q",3.119054,2.3232243,1,0
"2B2X_HL_A|VH50T,EH64K,QL28S,YL52N,YH58W",1.8641591,1.1968917,1,0
"2B2X_HL_A|VH50T,EH64K,QL28S,YL52N,YH59E",1.5872209,1.6502979,1,0
"2B2X_HL_A|VH50T,EH64K,QL28S,YL52R",1.8880546,0.8548458,1,0
"2B2X_HL_A|VH50T,EH64K,YL52N",0.28173435,0.69975966,1,0
"2B2X_HL_A|VH50T,EH64N,QL28S,YL52N",1.0069425,0.91390675,1,0
"2B2X_HL_A|VH50T,EH64Q,QL28S,YL52N",0.96559924,0.8703236,1,0
"2B2X_HL_A|VH50T,EH64Q,QL28S,YL52N,LH60D",1.0862032,0.6907901,1,0
"2B2X_HL_A|VH50T,QL28S,YL52N",0.96559924,0.9283403,1,0
"2B2X_HL_A|VH50T,QL28S,YL52N,LH60D",0.90141344,0.7489813,1,0
"2B2X_HL_A|VH50T,YL52N",0.18636756,0.73260105,1,0
2B2X_HL_A|YL52E,-0.22410508,0.10126244,1,0
2VIR_AB_C|SC115L,3.680209,0.24064681,1,0
2VIR_AB_C|TC89I,4.911627,3.8259878,1,0
"3G6D_LH_A|EL3V,GL76R,TL77V,QL78E,EL80G",0.13981691,0.1663076,1,0
"3G6D_LH_A|EL3V,GL76R,TL77V,QL78E,EL80G,DH54N",0.111178115,0.77508354,1,0
"3G6D_LH_A|EL3V,GL76R,TL77V,QL78E,EL80G,TL89S,ML92I,VL93D,TL94K",0.27145106,-1.0551544,1,0
3G6D_LH_A|HH104A,-0.9530879,0.37206942,1,0
"3G6D_LH_A|KH210T,KH215T",-0.13294782,0.042193312,1,0
"3G6D_LH_A|TL89S,ML92I,VL93D,TL94K",0.7979767,-1.0994629,1,0
3G6D_LH_A|WH105A,-1.4965084,0.7536197,1,0
"3IDX_HL_G|CG27I,CG242Q",-2.4650376,0.02217782,1,0
"3IDX_HL_G|CG27I,CG242Q,MG247A",-2.1736174,0.075581096,1,0
"3IDX_HL_G|KG85C,EG121C,CG27I,CG242Q",-2.3776865,0.06684626,1,0
"3IDX_HL_G|KG85C,EG121C,WG13M,MG247A,CG14W,CG129V,CG27I,CG242Q",-2.1922898,0.7093985,1,0
"3IDX_HL_G|KG85C,EG122C,WG13M,MG247A,CG14W,CG129V,CG27I,CG242Q",-2.2927184,0.57354766,1,0
"3IDX_HL_G|TG41C,GG245C,MG247A",0.40945426,0.29331312,1,0
"3IDX_HL_G|TG41C,GG245C,WG13M,MG247A,CG14W,CG129V,CG27I,CG242Q",-2.3310676,0.7630813,1,0
"3IDX_HL_G|WG13M,MG247A,CG14W,CG129V",-0.6475391,0.54768145,1,0
"3IDX_HL_G|WG13M,MG247A,CG14W,CG129V,CG27I,CG242Q",-2.3479884,0.55489403,1,0
"3IDX_HL_G|WG13M,MG247A,CG14W,CG129V,KG85C,EG121C",-0.36166522,0.8185135,1,0
"3IDX_HL_G|WG13M,SG111T,WG200S,MG247A,CG14W,CG129V,CG27I,CG242Q",-1.8639641,0.58241814,1,0
"3L5X_A_HL|EL93F,YL94G",-0.42800838,-1.6111686,1,0
"3L5X_A_HL|EL93H,YL94G",-0.7626503,-1.2422262,1,0
"3L5X_A_HL|HL91P,NL92I,EL93D,YL94A",-0.6466697,0.7181776,1,0
"3L5X_A_HL|HL91P,NL92L,EL93D,YL94S",-0.6327897,0.5866101,1,0
"3L5X_A_HL|HL91P,NL92L,EL93D,YL94T",-0.81005055,1.076427,1,0
"3L5X_A_HL|HL91P,NL92L,EL93D,YL94V",-0.85822237,0.5645,1,0
"3L5X_A_HL|HL91P,NL92L,YL94A",-0.44441348,2.076674,1,0
"3L5X_A_HL|HL91Q,NL92D,EL93I,YL94G",-1.5503801,0.95170593,1,0
"3L5X_A_HL|HL91Q,NL92D,EL93L,YL94G",-1.785132,0.5509261,1,0
"3L5X_A_HL|HL91Q,NL92D,EL93Y,YL94G",-1.451453,-0.35154846,1,0
"3L5X_A_HL|NL92D,EL93L,YL94G",-0.42962858,-0.06521012,1,0
"3L5X_A_HL|NL92D,EL93N,YL94S",-0.53403836,0.40435144,1,0
"3L5X_A_HL|NL92D,EL93P,YL94G",-1.4699602,-0.35276008,1,0
"3L5X_A_HL|NL92D,EL93R,YL94D",-0.52253926,0.23704664,1,0
"3L5X_A_HL|NL92D,EL93W,YL94E",-1.1963489,-0.12617499,1,0
"3L5X_A_HL|NL92D,EL93W,YL94G",-1.6825228,-1.1720663,1,0
"3L5X_A_HL|NL92D,EL93W,YL94S",-0.71612674,-0.8072309,1,0
"3L5X_A_HL|NL92D,EL93Y,YL94A",-0.8069743,-0.5194371,1,0
"3L5X_A_HL|NL92E,EL93S,YL94G",-1.2653587,0.75154614,1,0
"3L5X_A_HL|NL92E,EL93W,YL94G",-1.5503801,-0.45873973,1,0
"3L5X_A_HL|NL92F,EL93W,YL94G",-1.2329907,-1.3451828,1,0
"3L5X_A_HL|NL92L,EL93D,YL94S",-0.6170473,-0.34506428,1,0
"3L5X_A_HL|NL92L,EL93L,YL94G",-0.6259698,-0.089049734,1,0
"3L5X_A_HL|NL92L,EL93M,YL94G",-0.82567644,0.56409127,1,0
"3L5X_A_HL|NL92L,EL93N,YL94G",-0.6954369,0.6491575,1,0
"3L5X_A_HL|NL92S,EL93H,YL94G",-1.2457265,-1.1600267,1,0
"3L5X_A_HL|NL92S,EL93I,YL94G",-0.8069743,0.20480983,1,0
"3L5X_A_HL|NL92S,EL93S,YL94G",-0.24921271,-0.039016817,1,0
"3L5X_A_HL|NL92S,EL93V,YL94G",-0.51687235,0.5585914,1,0
"3L5X_A_HL|NL92S,EL93W,YL94A",-0.30302802,-1.2845863,1,0
"3L5X_A_HL|NL92S,EL93W,YL94G",-1.2720501,-1.8376898,1,0
"3L5X_A_HL|NL92S,EL93Y,YL94G",-0.9641868,-1.7278287,1,0
"3L5X_A_HL|NL92V,EL93G,YL94G",-0.46300006,-0.5888754,1,0
"3L5X_A_HL|NL92V,EL93W,YL94G",-0.83525383,-1.9733249,1,0
3L5X_A_HL|YL94A,-0.82885176,1.0377759,1,0
3N85_A_LH|SH32A,-0.13401966,0.4165002,1,0
3N85_A_LH|SH32Y,0.0571225,-0.42816725,1,0
3N85_A_LH|SH50G,0.48767117,-0.30235812,1,0
3N85_A_LH|SH52Y,-0.78460336,-0.9640264,1,0
3N85_A_LH|WH100F,-0.015185109,0.14490834,1,0
3N85_A_LH|WH30K,-0.78460336,0.40835568,1,0
3N85_A_LH|WH30R,-0.5539675,0.23669249,1,0
3N85_A_LH|WL91F,0.13959166,0.25408432,1,0
3N85_A_LH|WL94Y,-0.03871881,-0.38593817,1,0
3SE8_HL_G|DH110A,-0.38934898,-0.9523854,1,0
3SE8_HL_G|DH114A,-0.2441398,0.82539946,1,0
3SE8_HL_G|DL49A,0.8558488,0.7935764,1,0
3SE8_HL_G|EL1A,-0.5565174,0.03648136,1,0
3SE8_HL_G|EL91A,1.513491,1.0556576,1,0
3SE8_HL_G|FH115A,1.0676043,2.28778,1,0
3SE8_HL_G|FL90A,-0.8640972,1.3007827,1,0
3SE8_HL_G|FL92A,0.8323254,0.5177423,1,0
3SE8_HL_G|GH56A,0.3570972,0.92161626,1,0
3SE8_HL_G|KH52A,1.1114144,0.3262875,1,0
3SE8_HL_G|LH54A,0.054776184,0.45706302,1,0
3SE8_HL_G|NL30A,0.19434923,0.46056747,1,0
3SE8_HL_G|PH78A,0.01881787,-0.0932685,1,0
3SE8_HL_G|PH81A,-0.07091986,0.0908782,1,0
3SE8_HL_G|QH63A,1.1144251,0.32985225,1,0
3SE8_HL_G|QH65A,0.54980505,0.045540906,1,0
3SE8_HL_G|QH76A,0.09689985,0.9514518,1,0
3SE8_HL_G|QL27A,-0.21612903,0.38763574,1,0
3SE8_HL_G|RH30A,-0.03949762,0.36260602,1,0
3SE8_HL_G|RH62A,1.2061691,0.3297228,1,0
3SE8_HL_G|RH72A,2.6444623,3.0940778,1,0
3SE8_HL_G|SH59A,1.1508402,1.0489683,1,0
3SE8_HL_G|VH58A,1.2496852,1.1815926,1,0
3SE8_HL_G|WH47A,1.4751467,0.81757116,1,0
3SE8_HL_G|WH50A,1.333526,1.2345115,1,0
3SE8_HL_G|WH55A,0.7611056,0.49817994,1,0
3SE8_HL_G|YH111A,0.82992166,0.36000124,1,0
3SE8_HL_G|YH60A,0.8558488,0.52519256,1,0
4KRL_A_B|DB112A,0.6496817,1.2384789,1,0
5C6T_HL_A|EA194A,1.0906719,2.317345,1,0
5C6T_HL_A|FA192A,1.9972014,0.8789743,1,0
5C6T_HL_A|FA199A,2.7581792,1.4291116,1,0
5C6T_HL_A|FA200A,0.41047263,1.4951777,1,0
5C6T_HL_A|FH99A,1.4600298,0.4769122,1,0
5C6T_HL_A|IA201A,0.88561165,-0.2809443,1,0
5C6T_HL_A|NA183A,0.28399685,0.8416348,1,0
5C6T_HL_A|NA186A,0.3630724,0.060895853,1,0
5C6T_HL_A|NA188A,-0.36658686,1.3367535,1,0
"5C6T_HL_A|NA195A,DA197A",0.58650106,1.805919,1,0
5C6T_HL_A|NH97A,1.5258962,0.20776288,1,0
5C6T_HL_A|RH31S,0.3115454,-0.038264446,1,0
5C6T_HL_A|RL48A,0.1229613,0.90264857,1,0
5C6T_HL_A|SH32A,-0.8683455,0.5913462,1,0
5C6T_HL_A|TA185A,0.33786914,1.427533,1,0
5C6T_HL_A|YA182A,3.2083547,0.6053915,1,0
"5C6T_HL_A|YA182A,NA195A,DA197A",2.942425,2.1940217,1,0
5C6T_HL_A|YH104A,0.3630724,0.10266039,1,0
5C6T_HL_A|YH98A,1.7166799,0.31617817,1,0
5C6T_HL_A|YL47A,0.5516565,1.6352051,1,0
1DVF_AB_CD|DB100A,2.7895143,0.88484883,2,0
"1DVF_AB_CD|DB100A,DD52A",4.3197236,1.5279523,2,0
"1DVF_AB_CD|DB100A,HD33A",4.148119,1.3309059,2,0
"1DVF_AB_CD|DB100A,ND55A",4.0906816,1.4257536,2,0
1DVF_AB_CD|DB54A,4.281256,0.80393875,2,0
"1DVF_AB_CD|DB54A,YC49A",4.4928718,1.434922,2,0
1DVF_AB_CD|DB58A,1.6000048,0.65159625,2,0
"1DVF_AB_CD|DB58A,QD104A",1.4641725,1.5747532,2,0
1DVF_AB_CD|DD52A,1.6822901,0.63834894,2,0
1DVF_AB_CD|EB98A,4.186649,1.0690746,2,0
"1DVF_AB_CD|EB98A,YD102A",4.633297,1.9564159,2,0
1DVF_AB_CD|HA30A,1.6493824,0.1913128,2,0
1DVF_AB_CD|HD33A,1.8606005,0.48777276,2,0
1DVF_AB_CD|ID101A,2.6815457,0.34730995,2,0
1DVF_AB_CD|KD30A,1.0035173,0.44009566,2,0
1DVF_AB_CD|NB56A,1.1624389,-0.17152557,2,0
"1DVF_AB_CD|NB56A,HD33A",2.5259995,0.13847409,2,0
"1DVF_AB_CD|NB56A,ND55A",2.3010929,0.14775206,2,0
"1DVF_AB_CD|NB56A,QD104A",1.4868644,0.4268093,2,0
1DVF_AB_CD|ND55A,1.8606005,0.36304873,2,0
1DVF_AB_CD|QD104A,1.6287225,0.8030407,2,0
1DVF_AB_CD|RB99A,1.8746451,0.040112033,2,0
1DVF_AB_CD|RD106A,4.0906816,0.6681161,2,0
1DVF_AB_CD|SA93A,1.1624389,0.0069093667,2,0
1DVF_AB_CD|TB30A,0.9075126,0.011449716,2,0
1DVF_AB_CD|WA92A,0.34072307,1.9492702,2,0
1DVF_AB_CD|WB52A,4.1329985,0.82153934,2,0
"1DVF_AB_CD|WB52A,QD104A",4.1628633,1.847065,2,0
1DVF_AB_CD|YA32A,2.0303695,0.43892828,2,0
"1DVF_AB_CD|YA32A,RD106A",4.6505885,1.5969789,2,0
1DVF_AB_CD|YA49A,1.6785902,1.2810954,2,0
"1DVF_AB_CD|YA49A,HD33A",2.625045,1.8688445,2,0
"1DVF_AB_CD|YA49A,ND55A",2.0303695,2.0022545,2,0
1DVF_AB_CD|YA50A,0.6877736,1.2910413,2,0
1DVF_AB_CD|YB101F,2.0123136,0.7772138,2,0
1DVF_AB_CD|YB32A,1.8314707,0.72429836,2,0
1DVF_AB_CD|YC49A,1.8606005,0.74865377,2,0
1DVF_AB_CD|YD102A,4.7394347,1.1116052,2,0
1MHP_HL_A|FH99W,0.0,-0.6054627,2,0
1MHP_HL_A|FH99Y,0.75466895,-0.73384035,2,0
1MHP_HL_A|GH100F,0.38901797,-0.20263892,2,0
1MHP_HL_A|GH100L,2.727121,-0.0677396,2,0
1MHP_HL_A|GH100M,0.10213403,-0.053152375,2,0
1MHP_HL_A|GH100S,0.5577475,0.011105577,2,0
1MHP_HL_A|GH53A,0.5126066,0.023493055,2,0
1MHP_HL_A|GH53N,1.2553134,0.028789721,2,0
1MHP_HL_A|GH53S,0.6755934,0.0047572595,2,0
1MHP_HL_A|GH54I,1.3635606,-0.08655332,2,0
1MHP_HL_A|GH54T,1.1641668,0.02261817,2,0
1MHP_HL_A|GH54Y,0.0,-0.83637685,2,0
1MHP_HL_A|GL91Q,1.572685,-0.0018180223,2,0
1MHP_HL_A|GL91S,0.5126066,0.00094053196,2,0
1MHP_HL_A|HL30K,1.1641668,0.042015117,2,0
1MHP_HL_A|HL30R,1.1237977,0.035072476,2,0
1MHP_HL_A|HL30W,1.2553134,-0.18894504,2,0
1MHP_HL_A|KH64D,-0.17144196,-0.9305338,2,0
1MHP_HL_A|KH64E,-0.07761467,-0.95328707,2,0
"1MHP_HL_A|KH64E,SL27Q",-0.85684633,-0.95567656,2,0
"1MHP_HL_A|KH64E,SL27Q,NL51Y",-1.0191593,-2.1107726,2,0
1MHP_HL_A|KH64N,-0.03627145,-0.10102201,2,0
1MHP_HL_A|KH64Q,-0.07761467,-0.5316892,2,0
1MHP_HL_A|LH60D,-0.061319917,-0.14757964,2,0
"1MHP_HL_A|LH60D,KH64E",-0.1418005,-1.0699302,2,0
"1MHP_HL_A|LH60D,KH64Q",0.042989343,-0.6675616,2,0
1MHP_HL_A|LL48F,0.71227974,-0.28824413,2,0
1MHP_HL_A|LL48K,0.8612009,0.21753639,2,0
1MHP_HL_A|LL48W,1.9075676,-0.6907343,2,0
1MHP_HL_A|NL29V,1.0493295,-0.0036108992,2,0
1MHP_HL_A|NL29W,1.572685,-0.05175007,2,0
1MHP_HL_A|NL29Y,1.9075676,-0.10732076,2,0
"1MHP_HL_A|NL29Y,SL90I",0.43436813,-0.35224175,2,0
1MHP_HL_A|NL51D,0.5007625,-0.4656356,2,0
1MHP_HL_A|NL51E,-0.08868487,-0.7412827,2,0
1MHP_HL_A|NL51K,0.65751,-0.03183474,2,0
1MHP_HL_A|NL51R,0.84484076,-0.10342182,2,0
1MHP_HL_A|NL51Y,-0.05162489,-1.2395823,2,0
1MHP_HL_A|RH31Q,1.3073281,-0.0022986664,2,0
1MHP_HL_A|SH35A,1.572685,0.007201478,2,0
"1MHP_HL_A|SH35A,GH102S",1.572685,0.024373688,2,0
1MHP_HL_A|SH35Q,2.727121,-0.025696017,2,0
"1MHP_HL_A|SH35V,GH102S",1.4256749,-0.009174136,2,0
1MHP_HL_A|SH52M,2.0758402,-0.04618709,2,0
1MHP_HL_A|SL23R,-0.21533228,-0.00059387134,2,0
1MHP_HL_A|SL27Q,-0.6661127,-0.0025552148,2,0
1MHP_HL_A|SL90Q,1.7740332,-0.15927967,2,0
1MHP_HL_A|SL90T,2.3166485,0.038937535,2,0
"1MHP_HL_A|TH33E,GH53Q",1.6674565,-0.5416443,2,0
"1MHP_HL_A|TH33I,SH52T,GH53N,GH54N",1.9075676,-0.1403165,2,0
"1MHP_HL_A|TH33I,SH52T,GH53Q,GH54F",1.2553134,-0.5293113,2,0
1MHP_HL_A|TH33N,2.727121,0.011451385,2,0
1MHP_HL_A|TH33V,0.43436813,-0.1943137,2,0
1MHP_HL_A|TH50V,-0.13159887,-0.2614891,2,0
"1MHP_HL_A|TH50V,GH102S",1.6674565,-0.24694166,2,0
"1MHP_HL_A|TH50V,KH64E",-0.1805197,-1.1920244,2,0
"1MHP_HL_A|TH50V,KH64E,SL27Q,NL51E",-1.267319,-1.8482046,2,0
"1MHP_HL_A|TH50V,KH64E,SL27Q,NL51Y",-1.0844951,-2.325155,2,0
"1MHP_HL_A|TH50V,SH35A",2.0758402,-0.24567868,2,0
"1MHP_HL_A|TH50V,SH35V",2.727121,-0.27260467,2,0
"1MHP_HL_A|TH50V,SL27Q",-0.6946839,-0.26476792,2,0
"1MHP_HL_A|TH50V,SL27Q,NL51Y",-1.0235296,-1.4790158,2,0
1MHP_HL_A|WL89Q,2.0758402,1.0813955,2,0
"1MHP_HL_A|WL89Q,FL32Y",0.871019,0.66246074,2,0
1MHP_HL_A|YH58E,2.0758402,0.5069666,2,0
1MHP_HL_A|YH58Q,2.0758402,0.939765,2,0
1MHP_HL_A|YH58W,0.82094526,0.047413327,2,0
1MHP_HL_A|YH59E,0.54400706,0.3347133,2,0
1N8Z_AB_C|DB102W,-0.71302944,-0.24223712,2,0
1N8Z_AB_C|FC539A,0.035102826,0.54488534,2,0
1N8Z_AB_C|HA91F,0.034232877,-0.19601882,2,0
1N8Z_AB_C|LC509A,-0.023045197,0.57677567,2,0
1N8Z_AB_C|NA30S,0.06666317,-0.0040202695,2,0
"1N8Z_AB_C|NA30S,HA91F,YA92W",-0.07476232,-0.0060124183,2,0
"1N8Z_AB_C|NA30S,HA91F,YA92W,TA94S,DB102W,YB105F,YB109V",0.050661404,0.8572111,2,0
1N8Z_AB_C|RB50A,2.9754758,0.14244735,2,0
1N8Z_AB_C|RB59A,1.8037988,0.12497441,2,0
1N8Z_AB_C|SC535A,0.030827092,0.051383726,2,0
1N8Z_AB_C|TA94S,0.32168603,0.00023657114,2,0
1N8Z_AB_C|VC536A,0.008972699,0.23901874,2,0
1N8Z_AB_C|YB105F,0.8540034,0.6137669,2,0
1N8Z_AB_C|YB109V,0.23192272,0.6256948,2,0
1XGQ_AB_C|VB33A,1.1525793,1.1255103,2,0
1XGQ_AB_C|VB33F,-2.9080825,-1.5307875,2,0
1XGQ_AB_C|VB33I,-1.1076277,-0.03653242,2,0
1XGQ_AB_C|VB33L,-1.0463123,-0.053773515,2,0
1YQV_HL_Y|RY45K,1.8995041,0.007098063,2,0
"1YQV_HL_Y|RY68K,TY40S,IY55V,SY91T",5.1020646,0.1368129,2,0
"1YQV_HL_Y|RY68K,TY40S,IY55V,SY91T,QY121H",0.0,0.17728291,2,0
1YY9_CD_A|AC25P,0.07225565,-0.011139796,2,0
1YY9_CD_A|AD98P,1.0372273,-0.7944072,2,0
1YY9_CD_A|GD54P,0.26807046,-0.11672421,2,0
1YY9_CD_A|LD29P,0.030827092,0.010210954,2,0
1YY9_CD_A|NC93A,-0.74186975,0.0015693299,2,0
1YY9_CD_A|ND56A,-0.057046015,-0.29348844,2,0
1YY9_CD_A|SC26D,-0.19925442,-0.06502741,2,0
"1YY9_CD_A|SC26D,TC31E,NC93A",-1.3329437,-0.08199102,2,0
"1YY9_CD_A|SC26D,TC31E,NC93A,ND56A,TD61E",-0.6517935,-0.6395357,2,0
1YY9_CD_A|SC26P,-0.009110746,-0.0047650016,2,0
1YY9_CD_A|SC28P,-0.22229962,-0.0009843456,2,0
1YY9_CD_A|SC54P,-0.018363854,-0.010391005,2,0
1YY9_CD_A|SD53P,0.8175451,-0.036042087,2,0
1YY9_CD_A|TC31E,-0.51892465,-0.0073660817,2,0
"1YY9_CD_A|TC31E,NC93A",-0.81853306,-0.005633453,2,0
1YY9_CD_A|TC96P,4.003151,-0.0026659502,2,0
1YY9_CD_A|TD61E,-0.057046015,-0.26226252,2,0
1YY9_CD_A|WD52P,1.4782712,0.9264176,2,0
1YY9_CD_A|YD101P,1.6514195,1.1225115,2,0
3NPS_A_BC|DA214A,1.466743,0.5796926,2,0
3NPS_A_BC|DA46A,0.3399866,0.8623764,2,0
3NPS_A_BC|DA47A,1.0674704,0.88367885,2,0
3NPS_A_BC|DA91A,1.5070341,0.8313687,2,0
3NPS_A_BC|EA163A,0.61534816,0.46657303,2,0
3NPS_A_BC|FA50A,0.21957076,0.9620536,2,0
3NPS_A_BC|FA89A,1.5714045,1.5285305,2,0
3NPS_A_BC|FA92A,0.46353978,0.6915683,2,0
3NPS_A_BC|HA138A,1.8750918,0.25102317,2,0
3NPS_A_BC|IA26A,0.6415425,0.65584457,2,0
3NPS_A_BC|IA45A,-0.33181784,0.56633794,2,0
3NPS_A_BC|KA221A,-0.10361039,1.041909,2,0
3NPS_A_BC|LA147A,0.29573628,0.6414771,2,0
3NPS_A_BC|NA90A,0.25341922,0.6185422,2,0
3NPS_A_BC|QA140A,0.29573628,0.6358744,2,0
3NPS_A_BC|QA168A,-0.059223834,0.6821924,2,0
3NPS_A_BC|QA169A,0.7409076,0.94743466,2,0
3NPS_A_BC|QA218A,-0.040916756,1.0219219,2,0
3NPS_A_BC|QA23A,0.026323749,0.9369477,2,0
3NPS_A_BC|RA219A,-0.08390186,0.47718894,2,0
3NPS_A_BC|RA48A,-1.062741,0.7148763,2,0
3NPS_A_BC|RA51A,0.13816836,0.94288105,2,0
3NPS_A_BC|RA82A,-0.15159543,1.1136376,2,0
3NPS_A_BC|TA144A,0.17497002,0.49877003,2,0
3NPS_A_BC|TA93A,0.72381234,0.6476738,2,0
3NPS_A_BC|YA141A,1.7748737,0.61944854,2,0
3NPS_A_BC|YA52A,0.4518898,0.9297279,2,0
3W2D_A_HL|KA67N,4.621938,0.3577053,2,0
3W2D_A_HL|KA67R,-0.42812017,0.13278855,2,0
3W2D_A_HL|YA45F,0.8779443,0.057136964,2,0
3W2D_A_HL|YA45L,2.3647563,0.1733678,2,0
"4KRO_A_B|DA321T,FA323A",0.1269707,1.800056,2,0
"4KRP_A_B|DA277T,FA279A",0.35829666,1.9195669,2,0
4NM8_ABCDEF_HL|DB19N,0.66149956,0.13432659,2,0
4NM8_ABCDEF_HL|IB18M,0.10977998,0.020994032,2,0
4NM8_ABCDEF_HL|LB38Y,-0.6151596,0.02342972,2,0
4NM8_ABCDEF_HL|QB34R,2.9754758,0.09782142,2,0
4NM8_ABCDEF_HL|QB34T,2.3309386,0.06741796,2,0
4NM8_ABCDEF_HL|RB25M,3.442353,0.01785215,2,0
4NM8_ABCDEF_HL|TB32E,-0.5517196,0.00069212687,2,0
4NM8_ABCDEF_HL|TB32I,-0.050205972,0.03825613,2,0
4NM8_ABCDEF_HL|TB32R,1.2211944,0.015693445,2,0
"1CZ8_HL_VW|LL4M,DH28T,HH31N,YH101H,TH105S",2.939849,1.3154042,3,0
1KIR_AB_C|SA50Y,-1.3870943,-0.6049169,3,0
1MLC_AB_E|KB65D,0.018548755,0.030328006,3,0
1MLC_AB_E|NA32G,-0.8773867,0.053886738,3,0
"1MLC_AB_E|NA32G,NA92A",-0.6866531,0.5734969,3,0
"1MLC_AB_E|NA32G,NA92A,SB57V,TB58D",-1.7349738,0.5401694,3,0
1MLC_AB_E|NA32Y,0.0,-1.0079352,3,0
1MLC_AB_E|NA92A,-1.2533532,0.5941952,3,0
"1MLC_AB_E|NA92A,SB57V,TB58D",-2.394188,0.52732533,3,0
"1MLC_AB_E|NA92A,TB28D,SB57V,TB58D",-2.5813644,0.57641333,3,0
"1MLC_AB_E|NA92A,TB28D,SB57V,TB58D,EB35S,GB99D",-2.9539242,-1.0702705,3,0
"1MLC_AB_E|NA92A,TB28D,SB57V,TB58D,GB99D",-0.20357698,0.10234205,3,0
"1MLC_AB_E|NA92A,TB28D,SB57V,TB58D,NA32L",-2.5843081,1.1952035,3,0
"1MLC_AB_E|NA92A,TB28D,SB57V,TB58D,RB98M,DB100Q",-0.41047263,0.3713699,3,0
"1MLC_AB_E|NA92A,TB28D,SB57V,TB58D,SA91N,SA93A",-1.6104395,2.0426023,3,0
"1MLC_AB_E|NA92A,TB28D,SB57V,TB58D,SB30G",-2.3584673,0.72783023,3,0
"1MLC_AB_E|NA92A,TB28D,SB57V,TB58D,YB32W,RB98V,DB100Q",0.36138764,0.68459415,3,0
"1MLC_AB_E|NA92A,TB28D,SB57V,TB58D,YB59E",-1.4661698,1.8580905,3,0
1MLC_AB_E|SB57A,-0.37902167,0.2248715,3,0
1MLC_AB_E|SB57V,-0.49418068,0.15986347,3,0
"1MLC_AB_E|SB57V,TB58D",-0.9877286,-0.00995494,3,0
1MLC_AB_E|TB28D,-0.15094383,0.049786147,3,0
1MLC_AB_E|TB31A,0.44700673,0.7643286,3,0
1MLC_AB_E|TB31V,0.5262404,-0.66121316,3,0
1MLC_AB_E|TB31W,0.13214268,-0.96401787,3,0
1MLC_AB_E|TB58D,-0.55968237,-0.12837215,3,0
1NCA_N_LH|DH101K,0.71416,0.3349266,3,0
1NCA_N_LH|EH100D,0.41047263,-0.36286658,3,0
1NCA_N_LH|NH102Q,0.5426153,-0.80387604,3,0
1NCA_N_LH|NH31Q,0.0,0.48746213,3,0
1NMB_N_LH|DH57E,2.9536283,0.2368698,3,0
1NMB_N_LH|DH57N,2.9536283,-0.12927493,3,0
1NMB_N_LH|LL94V,0.9000208,0.10298069,3,0
1NMB_N_LH|TL93F,-0.023903161,-1.2330414,3,0
1NMB_N_LH|TL93W,0.18419003,-1.2067851,3,0
1NMB_N_LH|YH103A,2.14062,1.2083511,3,0
1NMB_N_LH|YH105F,1.4194101,1.0197122,3,0
1NMB_N_LH|YL32F,0.46632215,1.1893146,3,0
1VFB_AB_C|DB100A,3.005002,3.6010034,3,0
"1VFB_AB_C|DB100A,SC24A",3.369756,5.5063024,3,0
1VFB_AB_C|DB54A,0.8151114,3.555517,3,0
"1VFB_AB_C|DB54A,TC118A",1.2546439,4.90143,3,0
1VFB_AB_C|DB58A,-0.20700333,1.1568005,3,0
1VFB_AB_C|DB58E,0.078081094,0.39317733,3,0
1VFB_AB_C|DB58N,-0.12818155,0.3643589,3,0
1VFB_AB_C|DC119A,0.9530879,1.7064972,3,0
1VFB_AB_C|DC18A,0.34013057,2.5412452,3,0
1VFB_AB_C|EB98A,1.1565572,3.7013092,3,0
1VFB_AB_C|GB31A,0.30646533,1.1900821,3,0
1VFB_AB_C|GB31E,-0.5097613,1.4700633,3,0
1VFB_AB_C|GB31W,0.0039611305,1.1320792,3,0
1VFB_AB_C|HA30A,0.84488255,0.6340867,3,0
1VFB_AB_C|IC124A,1.2314179,1.17902,3,0
1VFB_AB_C|KC116A,0.7134504,1.7103246,3,0
1VFB_AB_C|LC129A,0.17154472,0.32058144,3,0
1VFB_AB_C|NA31W,0.17432266,0.28758803,3,0
1VFB_AB_C|NB56A,0.17771798,0.42640224,3,0
1VFB_AB_C|NC19A,0.3960868,0.62341696,3,0
1VFB_AB_C|QC121A,2.876998,0.8766545,3,0
1VFB_AB_C|RB99A,-0.099735305,1.3281461,3,0
1VFB_AB_C|RB99W,0.7049742,-0.5493316,3,0
1VFB_AB_C|RB99Y,1.235379,-0.75480425,3,0
1VFB_AB_C|RC125A,1.8368999,0.87105876,3,0
1VFB_AB_C|SA93A,0.34312394,1.2066836,3,0
1VFB_AB_C|SB28D,0.0,-0.33979234,3,0
1VFB_AB_C|SB28E,-0.104007296,-0.012201832,3,0
1VFB_AB_C|SB28N,0.14394745,-0.24114932,3,0
1VFB_AB_C|SB28Q,0.078081094,-0.13715117,3,0
1VFB_AB_C|SC24A,0.850965,1.1248852,3,0
1VFB_AB_C|TA52F,0.4708752,-0.21462171,3,0
1VFB_AB_C|TA53R,1.6458516,-0.016954677,3,0
1VFB_AB_C|TB30A,-0.05584954,0.18158181,3,0
1VFB_AB_C|TC118A,0.7650957,0.68066657,3,0
1VFB_AB_C|VC120A,0.9169499,0.84918493,3,0
1VFB_AB_C|WA92A,3.037848,1.3519021,3,0
"1VFB_AB_C|WA92A,IC124A",3.8503337,3.5223403,3,0
"1VFB_AB_C|WA92A,LC129A",3.3073628,1.9174232,3,0
"1VFB_AB_C|WA92A,QC121A",3.5189366,2.3286633,3,0
"1VFB_AB_C|WA92A,RC125A",3.3932896,2.339532,3,0
1VFB_AB_C|WB52A,0.6406274,4.274363,3,0
"1VFB_AB_C|WB52A,DC119A",2.2473724,5.890483,3,0
1VFB_AB_C|YA32A,1.5281335,3.2297254,3,0
"1VFB_AB_C|YA32A,IC124A",2.9057157,5.8259687,3,0
"1VFB_AB_C|YA32A,QC121A",1.586041,4.716719,3,0
1VFB_AB_C|YA49A,0.79754156,0.64583945,3,0
1VFB_AB_C|YA50A,0.456086,1.1793666,3,0
"1VFB_AB_C|YA50A,DC119A",1.2314179,3.2168448,3,0
"1VFB_AB_C|YA50A,DC18A",1.265924,4.0066566,3,0
1VFB_AB_C|YA50K,1.7156012,0.63590366,3,0
1VFB_AB_C|YA50R,0.8443241,0.35858342,3,0
1VFB_AB_C|YB101F,1.2695644,2.8958182,3,0
"1VFB_AB_C|YB101F,DC119A",2.736521,5.5654755,3,0
"1VFB_AB_C|YB101F,VC120A",2.5384777,5.770699,3,0
1VFB_AB_C|YB32A,0.7916793,0.55315137,3,0
"1VFB_AB_C|YB32A,KC116A",1.586041,3.109443,3,0
1VFB_AB_C|YB32E,1.9021881,0.5262116,3,0
1VFB_AB_C|YC23A,0.41047263,2.5186048,3,0
1XGP_AB_C|AB33F,-4.060662,-4.8685603,3,0
1XGP_AB_C|AB33I,-2.260207,-2.9238544,3,0
1XGP_AB_C|AB33L,-2.1988916,-3.0638518,3,0
1XGP_AB_C|AB33V,-1.1525793,-2.0823264,3,0
2JEL_LH_P|AP82S,0.0,-0.59853476,3,0
2JEL_LH_P|DP69E,0.9530879,3.3838823,3,0
2JEL_LH_P|EP5D,0.41047263,-0.9877545,3,0
2JEL_LH_P|EP5Q,0.7129768,0.48724872,3,0
2JEL_LH_P|EP68A,0.41047263,2.2104897,3,0
2JEL_LH_P|EP75R,2.727121,0.1662042,3,0
2JEL_LH_P|EP83A,0.0,2.7541087,3,0
2JEL_LH_P|EP85A,0.0,4.2863226,3,0
2JEL_LH_P|EP85D,0.0,-0.1407791,3,0
2JEL_LH_P|EP85K,0.0,1.0865391,3,0
2JEL_LH_P|EP85Q,0.0,2.1179214,3,0
2JEL_LH_P|FP2W,2.6191528,1.6581696,3,0
2JEL_LH_P|FP2Y,0.0,-1.3376892,3,0
2JEL_LH_P|HP76A,-0.41047263,4.379061,3,0
2JEL_LH_P|HP76D,-0.65058374,2.5794945,3,0
2JEL_LH_P|KP24E,0.0,4.4484076,3,0
2JEL_LH_P|KP27E,0.0,4.340722,3,0
2JEL_LH_P|KP72E,0.41047263,0.004834636,3,0
2JEL_LH_P|KP72R,0.0,1.0230429,3,0
2JEL_LH_P|KP79E,0.41047263,1.7875799,3,0
2JEL_LH_P|NP12D,0.0,-0.5749728,3,0
2JEL_LH_P|NP38T,0.0,1.5797576,3,0
2JEL_LH_P|PP11E,0.0,0.002709269,3,0
2JEL_LH_P|QP3K,4.0906816,-0.5605681,3,0
2JEL_LH_P|QP4K,1.3635606,-0.6276476,3,0
2JEL_LH_P|QP57E,-0.41047263,2.2799847,3,0
2JEL_LH_P|QP71E,2.727121,-0.09161872,3,0
2JEL_LH_P|RP17G,0.0,3.8712606,3,0
2JEL_LH_P|RP17K,0.0,2.8655286,3,0
2JEL_LH_P|SP41C,1.4957032,1.9525799,3,0
2JEL_LH_P|SP43C,0.0,1.2831764,3,0
2JEL_LH_P|SP46C,0.0,1.6061853,3,0
2JEL_LH_P|SP64T,4.0906816,0.6248042,3,0
2JEL_LH_P|TP34Q,0.0,-0.1692681,3,0
2JEL_LH_P|TP36Q,0.41047263,-0.4566809,3,0
2JEL_LH_P|TP62A,0.0,1.3732656,3,0
2JEL_LH_P|TP62N,0.0,-0.013997009,3,0
2JEL_LH_P|TP7N,0.41047263,-0.26714253,3,0
2JEL_LH_P|TP7S,0.0,-0.59795594,3,0
2JEL_LH_P|VP6F,0.0,-0.27569622,3,0
"2NY7_HL_G|CG27I,CG226Q",0.19971907,-1.170326,3,0
"2NY7_HL_G|CG27I,CG226Q,MG231A",0.20319231,-0.6053601,3,0
"2NY7_HL_G|GG229C,MG231A",-0.37879732,1.4305835,3,0
"2NY7_HL_G|GG229C,WG13M,MG231A,CG14W,CG110V,CG27I,CG226Q",0.21462485,-1.7570398,3,0
"2NY7_HL_G|KG66C,EG102C,CG27I,CG226Q",0.04085667,-1.0022321,3,0
"2NY7_HL_G|KG66C,EG102C,WG13M,MG231A,CG14W,CG110V,CG27I,CG226Q",0.3998023,-1.9108348,3,0
"2NY7_HL_G|KG66C,EG103C,WG13M,MG231A,CG14W,CG110V,CG27I,CG226Q",0.29989544,-1.8803917,3,0
"2NY7_HL_G|WG13M,MG231A,CG14W,CG110V",1.1574335,-0.9615722,3,0
"2NY7_HL_G|WG13M,MG231A,CG14W,CG110V,CG27I,CG226Q",0.44904727,-2.0828736,3,0
"2NY7_HL_G|WG13M,MG231A,CG14W,CG110V,KG66C,EG102C",0.55101526,-0.9928929,3,0
"2NY7_HL_G|WG13M,SG92T,WG181S,MG231A,CG14W,CG110V,CG27I,CG226Q",-0.3035898,-1.7294214,3,0
3BN9_B_CD|DB214A,0.5662115,0.9558197,3,0
3BN9_B_CD|DB46A,0.42238826,0.4914672,3,0
3BN9_B_CD|DB47A,0.31110755,0.69205457,3,0
3BN9_B_CD|EB163A,0.37321588,0.6882769,3,0
3BN9_B_CD|FB50A,-0.044997852,0.580161,3,0
3BN9_B_CD|FB89A,0.6392419,0.72049236,3,0
3BN9_B_CD|HB138A,0.085063316,1.4142336,3,0
3BN9_B_CD|IB26A,0.0,0.42987955,3,0
3BN9_B_CD|IB45A,0.8352155,0.24519695,3,0
3BN9_B_CD|KB221A,0.7849689,0.383267,3,0
3BN9_B_CD|LB147A,0.33619216,0.45836845,3,0
3BN9_B_CD|NB90A,0.7733444,0.51249796,3,0
3BN9_B_CD|PD104H,2.4272547,-0.056314785,3,0
3BN9_B_CD|QB140A,0.1331048,0.2037103,3,0
3BN9_B_CD|QB168A,-0.03469869,0.27505004,3,0
3BN9_B_CD|QB169A,2.5089848,0.5761408,3,0
3BN9_B_CD|QB218A,0.70571065,0.252591,3,0
3BN9_B_CD|QB23A,-0.41530684,0.38831648,3,0
3BN9_B_CD|QD105V,1.2241027,-0.30852726,3,0
3BN9_B_CD|RB219A,-0.093698174,0.33474576,3,0
3BN9_B_CD|RB48A,-0.044997852,0.24055338,3,0
3BN9_B_CD|RB51A,-0.07155777,0.29397133,3,0
3BN9_B_CD|RB82A,-0.15923285,0.81210357,3,0
3BN9_B_CD|SD30G,1.1861069,0.017201237,3,0
3BN9_B_CD|SD30N,1.145505,0.01737399,3,0
3BN9_B_CD|TB144A,0.2908351,0.3027361,3,0
3BN9_B_CD|TB93A,1.1320528,0.60346013,3,0
3BN9_B_CD|TD102Q,-0.02153644,-0.8968791,3,0
3BN9_B_CD|TD102R,-0.058294915,-0.81355727,3,0
3BN9_B_CD|TD28R,0.33290586,0.053279176,3,0
3BN9_B_CD|YB141A,1.0846525,1.475349,3,0
3BN9_B_CD|YB52A,0.018951595,1.230406,3,0
3BN9_B_CD|YD103S,0.45868576,0.18486814,3,0
4GXU_ABCDEF_MN|DA189E,2.1650882,0.98582095,3,0
"4GXU_ABCDEF_MN|DA189E,DA224G",3.0102077,1.188779,3,0
4GXU_ABCDEF_MN|DA224G,1.9608781,0.08429297,3,0
